ID,Year_Birth,Education,Marital_Status,Income,Kidhome,Teenhome,Dt_Customer,Recency,MntWines,MntFruits,MntMeatProducts,MntFishProducts,MntSweetProducts,MntGoldProds,NumDealsPurchases,NumWebPurchases,NumCatalogPurchases,NumStorePurchases,NumWebVisitsMonth,AcceptedCmp3,AcceptedCmp4,AcceptedCmp5,AcceptedCmp1,AcceptedCmp2,Complain,Z_CostContact,Z_Revenue,Response,Join_Year,Join_Month,Join_Day,Age
5524,1957,Graduation,Single,58138.0,0,0,2012-09-04,58,635.0,81.0,546.0,120.5,81.0,88.0,3,8,10,4,7,0,0,0,0,0,0,3,11,1,2012,9,4,69
2174,1954,Graduation,Single,46344.0,1,1,2014-03-08,38,11.0,1.0,6.0,2.0,1.0,6.0,2,1,1,2,5,0,0,0,0,0,0,3,11,0,2014,3,8,72
4141,1965,Graduation,Married,71613.0,0,0,2013-08-21,26,426.0,49.0,127.0,111.0,21.0,42.0,1,8,2,10,4,0,0,0,0,0,0,3,11,0,2013,8,21,61
6182,1984,Graduation,Married,26646.0,1,0,2014-02-10,26,11.0,4.0,20.0,10.0,3.0,5.0,2,2,0,4,6,0,0,0,0,0,0,3,11,0,2014,2,10,42
5324,1981,Phd,Married,58293.0,1,0,2014-01-19,94,173.0,43.0,118.0,46.0,27.0,15.0,5,5,3,6,5,0,0,0,0,0,0,3,11,0,2014,1,19,45
7446,1967,Master,Married,62513.0,0,1,2013-09-09,16,520.0,42.0,98.0,0.0,42.0,14.0,2,6,4,10,6,0,0,0,0,0,0,3,11,0,2013,9,9,59
965,1971,Graduation,Divorced,55635.0,0,1,2012-11-13,34,235.0,65.0,164.0,50.0,49.0,27.0,4,7,3,7,6,0,0,0,0,0,0,3,11,0,2012,11,13,55
6177,1985,Phd,Married,33454.0,1,0,2013-05-08,32,76.0,10.0,56.0,3.0,1.0,23.0,2,4,0,4,8,0,0,0,0,0,0,3,11,0,2013,5,8,41
4855,1974,Phd,Married,30351.0,1,0,2013-06-06,19,14.0,0.0,24.0,3.0,3.0,2.0,1,3,0,2,9,0,0,0,0,0,0,3,11,1,2013,6,6,52
5899,1950,Phd,Married,5648.0,1,1,2014-03-13,68,28.0,0.0,6.0,1.0,1.0,13.0,1,1,0,0,20,1,0,0,0,0,0,3,11,0,2014,3,13,76
1994,1983,Graduation,Married,51381.5,1,0,2013-11-15,11,5.0,5.0,6.0,0.0,2.0,1.0,1,1,0,2,7,0,0,0,0,0,0,3,11,0,2013,11,15,43
387,1976,Basic,Married,7500.0,0,0,2012-11-13,59,6.0,16.0,11.0,11.0,1.0,16.0,1,2,0,3,8,0,0,0,0,0,0,3,11,0,2012,11,13,50
2125,1959,Graduation,Divorced,63033.0,0,0,2013-11-15,82,194.0,61.0,480.0,120.5,81.0,30.0,1,3,4,8,2,0,0,0,0,0,0,3,11,0,2013,11,15,67
8180,1952,Master,Divorced,59354.0,1,1,2013-11-15,53,233.0,2.0,53.0,3.0,5.0,14.0,3,6,1,5,6,0,0,0,0,0,0,3,11,0,2013,11,15,74
2569,1987,Graduation,Married,17323.0,0,0,2012-10-10,38,3.0,14.0,17.0,6.0,1.0,5.0,1,1,0,3,8,0,0,0,0,0,0,3,11,0,2012,10,10,39
2114,1946,Phd,Single,82800.0,0,0,2012-11-24,23,1006.0,22.0,115.0,59.0,68.0,45.0,1,7,6,12,3,0,0,1,1,0,0,3,11,1,2012,11,24,80
9736,1980,Graduation,Married,41850.0,1,1,2012-12-24,51,53.0,5.0,19.0,2.0,13.0,4.0,3,3,0,3,8,0,0,0,0,0,0,3,11,0,2012,12,24,46
4939,1946,Graduation,Married,37760.0,0,0,2012-08-31,20,84.0,5.0,38.0,120.5,12.0,28.0,2,4,1,6,7,0,0,0,0,0,0,3,11,0,2012,8,31,80
6565,1949,Master,Married,76995.0,0,1,2013-03-28,91,1012.0,80.0,498.0,0.0,16.0,126.5,2,11,4,9,5,0,0,0,1,0,0,3,11,0,2013,3,28,77
2278,1985,2N Cycle,Single,33812.0,1,0,2012-11-03,86,4.0,17.0,19.0,30.0,24.0,39.0,2,2,1,3,6,0,0,0,0,0,0,3,11,0,2012,11,3,41
9360,1982,Graduation,Married,37040.0,0,0,2012-08-08,41,86.0,2.0,73.0,69.0,38.0,48.0,1,4,2,5,8,0,0,0,0,0,0,3,11,0,2012,8,8,44
5376,1979,Graduation,Married,2447.0,1,0,2013-01-06,42,1.0,1.0,556.0,1.0,1.0,1.0,15,0,28,0,1,0,0,0,0,0,0,3,11,0,2013,1,6,47
1993,1949,Phd,Married,58607.0,0,1,2012-12-23,63,867.0,0.0,86.0,0.0,0.0,19.0,3,2,3,9,8,0,1,0,0,0,0,3,11,0,2012,12,23,77
4047,1954,Phd,Married,65324.0,0,1,2014-01-11,0,384.0,0.0,102.0,21.0,32.0,5.0,3,6,2,9,4,0,0,0,0,0,0,3,11,0,2014,1,11,72
1409,1951,Graduation,Married,40689.0,0,1,2013-03-18,69,270.0,3.0,27.0,39.0,6.0,99.0,7,7,1,5,8,0,0,0,0,0,0,3,11,0,2013,3,18,75
7892,1969,Graduation,Single,18589.0,0,0,2013-01-02,89,6.0,4.0,25.0,15.0,12.0,13.0,2,2,1,3,7,0,0,0,0,0,0,3,11,0,2013,1,2,57
2404,1976,Graduation,Married,53359.0,1,1,2013-05-27,4,173.0,4.0,30.0,3.0,6.0,41.0,4,5,1,4,7,0,0,0,0,0,0,3,11,0,2013,5,27,50
5255,1986,Graduation,Single,51381.5,1,0,2013-02-20,19,5.0,1.0,3.0,3.0,81.0,126.5,0,27,0,0,1,0,0,0,0,0,0,3,11,0,2013,2,20,40
9422,1989,Graduation,Married,38360.0,1,0,2013-05-31,26,36.0,2.0,42.0,20.0,21.0,10.0,2,2,1,4,3,0,0,0,0,0,0,3,11,0,2013,5,31,37
1966,1965,Phd,Married,84618.0,0,0,2013-11-22,96,684.0,81.0,556.0,21.0,66.0,0.0,1,6,9,10,2,0,0,1,0,0,0,3,11,0,2013,11,22,61
6864,1989,Master,Divorced,10979.0,0,0,2014-05-22,34,8.0,4.0,10.0,2.0,2.0,4.0,2,3,0,3,5,0,0,0,0,0,0,3,11,0,2014,5,22,37
3033,1963,Master,Married,38620.0,0,0,2013-05-11,56,112.0,17.0,44.0,34.0,22.0,89.0,1,2,5,3,3,0,0,0,0,0,0,3,11,0,2013,5,11,63
5710,1970,Graduation,Married,40548.0,0,1,2012-10-10,31,110.0,0.0,5.0,2.0,0.0,3.0,2,2,1,4,5,0,1,0,0,0,0,3,11,0,2012,10,10,56
7373,1952,Phd,Divorced,46610.0,0,2,2012-10-29,8,96.0,12.0,96.0,33.0,22.0,43.0,6,4,1,6,6,0,0,0,0,0,0,3,11,1,2012,10,29,74
8755,1946,Master,Married,68657.0,0,0,2013-02-20,4,482.0,34.0,471.0,119.0,68.0,22.0,1,3,5,9,7,0,0,0,0,0,0,3,11,0,2013,2,20,80
10738,1951,Master,Single,49389.0,1,1,2013-08-29,55,40.0,0.0,19.0,2.0,1.0,3.0,1,2,0,3,7,0,0,0,0,0,0,3,11,0,2013,8,29,75
4339,1970,Phd,Married,67353.0,0,1,2013-12-31,37,702.0,17.0,151.0,0.0,8.0,35.0,5,5,6,12,2,0,0,0,0,0,0,3,11,0,2013,12,31,56
10755,1976,2N Cycle,Married,23718.0,1,0,2013-09-02,76,6.0,3.0,14.0,15.0,7.0,36.0,3,3,1,2,7,0,0,0,0,0,0,3,11,0,2013,9,2,50
8595,1973,Graduation,Widow,42429.0,0,1,2014-02-11,99,55.0,0.0,6.0,2.0,0.0,4.0,2,1,1,3,5,0,0,0,0,0,0,3,11,0,2014,2,11,53
2968,1943,Phd,Divorced,48948.0,0,0,2013-02-01,53,437.0,8.0,206.0,120.5,49.0,42.0,2,7,10,5,6,1,0,0,0,0,0,3,11,1,2013,2,1,83
8601,1980,Graduation,Married,80011.0,0,1,2013-04-29,3,421.0,76.0,536.0,82.0,81.0,102.0,2,8,6,5,4,0,0,0,0,0,0,3,11,0,2013,4,29,46
503,1985,Master,Married,20559.0,1,0,2013-03-12,88,13.0,1.0,29.0,3.0,0.0,7.0,2,2,0,3,8,0,0,0,0,0,0,3,11,0,2013,3,12,41
8430,1957,Graduation,Married,21994.0,0,1,2012-12-24,4,9.0,0.0,6.0,3.0,1.0,3.0,1,0,0,3,5,0,0,0,0,0,0,3,11,0,2012,12,24,69
7281,1959,Phd,Single,51381.5,0,0,2013-11-05,80,81.0,11.0,50.0,3.0,2.0,39.0,1,1,3,4,2,0,0,0,0,0,0,3,11,0,2013,11,5,67
2139,1975,Master,Married,7500.0,1,0,2013-10-02,19,3.0,1.0,10.0,3.0,2.0,12.0,3,2,0,3,5,0,0,0,0,0,0,3,11,0,2013,10,2,51
1371,1976,Graduation,Single,79941.0,0,0,2014-06-28,72,123.0,81.0,266.0,120.5,30.0,126.5,1,2,4,9,1,0,0,0,0,0,0,3,11,0,2014,6,28,50
9909,1996,2N Cycle,Married,7500.0,0,0,2012-11-09,24,3.0,18.0,14.0,15.0,22.0,50.0,3,3,1,3,9,0,0,0,0,0,0,3,11,1,2012,11,9,30
7286,1968,Graduation,Married,41728.0,1,0,2013-05-24,92,13.0,6.0,15.0,3.0,5.0,13.0,1,2,0,2,10,0,0,0,0,0,0,3,11,0,2013,5,24,58
7244,1951,Graduation,Single,51381.5,2,1,2014-01-01,96,48.0,5.0,48.0,6.0,10.0,7.0,3,2,1,4,6,0,0,0,0,0,0,3,11,0,2014,1,1,75
6566,1954,Phd,Married,72550.0,1,1,2012-11-08,39,826.0,50.0,317.0,50.0,38.0,38.0,9,5,2,12,8,0,0,0,0,0,0,3,11,0,2012,11,8,72
8614,1957,Graduation,Widow,65486.0,0,1,2014-05-12,29,245.0,19.0,125.0,37.0,67.0,14.0,1,4,2,10,2,0,0,0,0,0,0,3,11,0,2014,5,12,69
4114,1964,Master,Married,79143.0,0,0,2012-08-11,2,650.0,37.0,556.0,27.0,81.0,32.0,1,6,9,13,3,0,0,0,0,0,0,3,11,0,2012,8,11,62
1331,1977,Graduation,Single,35790.0,1,0,2013-01-02,54,12.0,6.0,20.0,30.0,1.0,3.0,2,2,0,3,7,0,0,0,0,0,0,3,11,0,2013,1,2,49
2225,1977,Graduation,Divorced,82582.0,0,0,2014-06-07,54,510.0,81.0,550.0,120.5,40.0,126.5,1,4,9,7,1,1,0,0,1,0,0,3,11,1,2014,6,7,49
9381,1978,Graduation,Married,66373.0,1,1,2013-06-12,57,328.0,9.0,124.0,12.0,24.0,109.0,7,4,2,10,3,0,0,0,0,0,0,3,11,0,2013,6,12,48
6260,1955,Master,Married,82384.0,0,0,2012-11-19,55,984.0,51.0,432.0,120.5,81.0,126.5,1,3,10,13,1,0,0,1,0,0,0,3,11,1,2012,11,19,71
10383,1966,Graduation,Divorced,70287.0,0,0,2013-04-02,30,295.0,35.0,482.0,120.5,81.0,40.0,1,5,5,10,3,0,0,0,0,0,0,3,11,1,2013,4,2,60
7437,1988,Graduation,Single,27938.0,1,0,2014-04-28,31,13.0,0.0,8.0,2.0,1.0,5.0,1,1,0,4,3,0,0,0,0,0,0,3,11,0,2014,4,28,38
8557,1982,Graduation,Single,51381.5,1,0,2013-06-17,57,11.0,3.0,22.0,2.0,2.0,6.0,2,2,0,3,6,0,0,0,0,0,0,3,11,0,2013,6,17,44
8375,1968,Phd,Married,55954.0,0,1,2014-03-03,63,447.0,0.0,28.0,0.0,0.0,43.0,3,8,2,6,7,0,0,0,0,0,0,3,11,0,2014,3,3,58
6853,1982,Master,Single,75777.0,0,0,2013-07-04,12,712.0,26.0,538.0,69.0,13.0,80.0,1,3,6,11,1,0,1,1,0,0,0,3,11,1,2013,7,4,44
3076,1975,Graduation,Married,66653.0,1,1,2012-09-07,18,452.0,18.0,102.0,16.0,18.0,6.0,4,4,2,12,3,0,0,0,0,0,0,3,11,0,2012,9,7,51
1012,1952,Graduation,Single,61823.0,0,1,2013-02-18,26,523.0,7.0,134.0,37.0,14.0,126.5,4,8,2,10,7,0,0,0,0,0,0,3,11,0,2013,2,18,74
6518,1951,Phd,Widow,67680.0,0,1,2013-06-11,8,546.0,0.0,48.0,0.0,6.0,6.0,1,7,3,8,5,0,0,0,0,0,0,3,11,0,2013,6,11,75
4137,1948,Graduation,Married,70666.0,0,0,2013-12-06,29,398.0,40.0,367.0,119.0,81.0,30.0,1,7,4,4,4,0,0,0,0,0,0,3,11,0,2013,12,6,78
8082,1971,Graduation,Married,25721.0,1,0,2013-05-21,75,1.0,3.0,6.0,3.0,6.0,15.0,1,1,1,2,7,0,0,0,0,0,0,3,11,1,2013,5,21,55
1386,1967,Graduation,Married,32474.0,1,1,2014-05-11,0,10.0,0.0,1.0,0.0,0.0,0.0,1,1,0,2,7,0,0,0,0,0,0,3,11,0,2014,5,11,59
9369,1979,2N Cycle,Single,88194.0,0,1,2014-03-19,19,688.0,14.0,309.0,120.5,24.0,38.0,1,11,10,10,5,1,0,0,1,0,0,3,11,1,2014,3,19,47
4477,1958,Graduation,Married,69096.0,0,1,2013-09-27,4,247.0,49.0,159.0,7.0,81.0,109.0,1,5,2,10,4,0,0,0,0,0,0,3,11,0,2013,9,27,68
1357,1970,Graduation,Married,74854.0,1,2,2013-04-08,90,856.0,59.0,487.0,58.0,29.0,73.0,7,2,5,5,5,0,0,0,0,0,0,3,11,0,2013,4,8,56
1402,1954,Master,Married,66991.0,0,0,2012-09-11,1,496.0,36.0,460.0,120.5,60.0,12.0,3,4,8,6,3,0,0,0,0,0,0,3,11,0,2012,9,11,72
10629,1973,2N Cycle,Married,51381.5,1,0,2012-09-14,25,25.0,3.0,43.0,17.0,4.0,17.0,3,3,0,3,8,0,0,0,0,0,0,3,11,0,2012,9,14,53
6312,1959,Graduation,Married,65031.0,0,1,2013-03-17,29,258.0,81.0,291.0,84.0,37.0,86.0,4,10,3,13,7,0,0,0,0,0,0,3,11,0,2013,3,17,67
8132,1975,Phd,Married,60631.0,1,1,2013-04-05,88,565.0,6.0,65.0,0.0,6.0,19.0,5,9,2,8,7,0,1,0,0,0,0,3,11,0,2013,4,5,51
1050,1952,Graduation,Married,28332.0,0,0,2014-04-30,58,14.0,10.0,13.0,4.0,15.0,9.0,1,2,1,4,2,0,0,0,0,0,0,3,11,0,2014,4,30,74
5846,1977,Graduation,Divorced,40246.0,1,0,2012-12-19,68,2.0,1.0,6.0,2.0,1.0,1.0,1,1,0,2,6,0,0,0,0,0,0,3,11,0,2012,12,19,49
1859,1972,Master,Married,75251.0,0,0,2012-08-27,34,721.0,81.0,556.0,97.0,18.0,18.0,1,7,6,5,5,0,0,0,0,0,0,3,11,1,2012,8,27,54
7503,1976,Graduation,Single,75825.0,0,0,2012-10-12,40,1032.0,81.0,556.0,120.5,81.0,51.0,0,5,8,9,4,1,0,0,0,0,0,3,11,1,2012,10,12,50
10401,1976,2N Cycle,Married,26326.0,0,0,2013-09-04,12,1.0,0.0,5.0,0.0,3.0,9.0,1,0,0,3,3,0,0,0,0,0,1,3,11,0,2013,9,4,50
1618,1965,Graduation,Married,56046.0,0,0,2013-01-02,9,577.0,0.0,64.0,0.0,0.0,51.0,2,10,1,8,8,1,0,0,0,0,0,3,11,1,2013,1,2,61
3332,1985,Graduation,Single,29760.0,1,0,2012-08-29,87,64.0,4.0,68.0,7.0,5.0,17.0,4,3,1,4,8,0,0,0,0,0,0,3,11,0,2012,8,29,41
2261,1969,Graduation,Married,26304.0,1,0,2013-06-23,5,4.0,1.0,5.0,2.0,0.0,4.0,1,1,0,2,7,0,0,0,0,0,0,3,11,0,2013,6,23,57
5346,1973,2N Cycle,Married,23559.0,1,0,2013-07-03,87,25.0,5.0,19.0,7.0,0.0,23.0,3,3,0,3,7,0,0,0,0,0,0,3,11,0,2013,7,3,53
4119,1963,Master,Married,38620.0,0,0,2013-05-11,56,112.0,17.0,44.0,34.0,22.0,89.0,1,2,5,3,3,0,0,0,0,0,0,3,11,0,2013,5,11,63
535,1987,Graduation,Divorced,81361.0,0,0,2014-02-25,18,163.0,23.0,424.0,27.0,65.0,76.0,1,3,10,13,1,0,0,0,0,0,0,3,11,0,2014,2,25,39
5268,1960,Graduation,Married,29440.0,1,1,2013-08-11,95,17.0,8.0,14.0,10.0,4.0,3.0,2,1,0,4,7,0,0,0,0,0,0,3,11,0,2013,8,11,66
273,1970,Master,Married,36138.0,1,1,2013-07-16,48,130.0,0.0,16.0,0.0,0.0,5.0,5,3,1,4,7,0,1,0,0,0,0,3,11,0,2013,7,16,56
4452,1957,Graduation,Single,50388.0,0,1,2014-05-28,3,292.0,6.0,37.0,0.0,3.0,34.0,4,6,1,6,7,0,1,0,1,0,0,3,11,1,2014,5,28,69
8504,1973,Graduation,Married,79593.0,0,0,2014-05-12,70,350.0,60.0,556.0,110.0,81.0,126.5,1,5,6,7,2,0,0,1,0,0,0,3,11,0,2014,5,12,53
771,1967,Graduation,Married,54178.0,0,1,2014-01-21,79,135.0,9.0,39.0,4.0,0.0,7.0,1,2,2,5,2,0,0,0,0,0,0,3,11,0,2014,1,21,59
8996,1957,Phd,Married,51381.5,2,1,2012-11-19,4,230.0,42.0,192.0,49.0,37.0,53.0,12,7,2,8,9,0,0,0,0,0,0,3,11,0,2012,11,19,69
9235,1957,Graduation,Single,51381.5,1,1,2014-05-27,45,7.0,0.0,8.0,2.0,0.0,1.0,1,1,0,2,7,0,0,0,0,0,0,3,11,0,2014,5,27,69
5798,1973,Master,Married,51381.5,0,0,2013-11-23,87,445.0,37.0,359.0,98.0,28.0,18.0,1,2,4,8,1,0,0,0,0,0,0,3,11,0,2013,11,23,53
11178,1972,Master,Single,42394.0,1,0,2014-03-23,69,15.0,2.0,10.0,0.0,1.0,4.0,1,1,0,3,7,0,0,0,0,0,0,3,11,0,2014,3,23,54
2230,1970,Phd,Married,23626.0,1,0,2014-05-24,84,27.0,2.0,14.0,0.0,0.0,0.0,3,3,1,3,5,0,0,0,0,0,0,3,11,0,2014,5,24,56
7516,1983,Graduation,Married,30096.0,1,0,2014-05-22,30,5.0,3.0,11.0,12.0,5.0,9.0,1,2,0,3,6,0,0,0,0,0,0,3,11,0,2014,5,22,43
7247,1960,Graduation,Widow,47916.0,0,1,2012-11-22,72,505.0,0.0,26.0,0.0,0.0,75.0,5,7,4,6,6,0,1,0,0,0,0,3,11,0,2012,11,22,66
11100,1972,Graduation,Divorced,51813.0,1,1,2013-04-11,37,51.0,2.0,7.0,0.0,1.0,2.0,2,2,0,3,7,0,0,0,0,0,0,3,11,0,2013,4,11,54
4646,1951,2N Cycle,Married,78497.0,0,0,2013-12-01,44,207.0,26.0,447.0,75.0,0.0,126.5,1,5,7,12,2,0,0,0,1,0,0,3,11,0,2013,12,1,75
3037,1983,Phd,Married,50150.0,0,0,2013-06-20,32,135.0,46.0,92.0,65.0,61.0,11.0,2,5,2,7,5,0,0,0,0,0,0,3,11,0,2013,6,20,43
1473,1960,2N Cycle,Single,47823.0,0,1,2013-07-23,0,53.0,1.0,5.0,2.0,1.0,10.0,2,2,0,3,8,0,0,0,0,0,0,3,11,0,2013,7,23,66
1016,1959,Phd,Single,34554.0,0,1,2014-03-30,43,41.0,1.0,6.0,2.0,0.0,5.0,2,2,0,3,6,0,0,0,0,0,0,3,11,0,2014,3,30,67
4518,1979,Graduation,Married,85693.0,0,1,2013-04-20,59,386.0,81.0,183.0,120.5,81.0,111.0,2,9,5,11,5,0,0,0,0,0,0,3,11,0,2013,4,20,47
9370,1945,Phd,Married,65846.0,0,0,2013-05-17,68,562.0,81.0,276.0,80.0,40.0,81.0,1,6,3,6,4,0,0,0,0,0,0,3,11,0,2013,5,17,81
8908,1959,Graduation,Married,87195.0,0,0,2014-05-08,35,217.0,76.0,556.0,50.0,26.0,38.0,1,3,11,5,1,0,0,0,0,0,0,3,11,1,2014,5,8,67
8373,1979,Basic,Married,24594.0,1,0,2013-12-10,94,1.0,3.0,6.0,10.0,0.0,9.0,1,1,0,3,5,0,0,0,0,0,0,3,11,0,2013,12,10,47
7533,1964,Graduation,Married,49096.0,1,1,2013-09-24,15,144.0,1.0,32.0,2.0,1.0,7.0,4,4,1,4,7,0,0,0,0,0,0,3,11,0,2013,9,24,62
2683,1969,Graduation,Married,52413.0,0,2,2013-02-02,56,295.0,81.0,271.0,75.0,81.0,65.0,4,6,4,12,6,0,0,0,0,0,0,3,11,0,2013,2,2,57
3629,1978,Graduation,Single,38557.0,1,0,2012-12-19,17,76.0,3.0,31.0,4.0,4.0,27.0,2,3,1,3,7,0,0,0,0,0,0,3,11,0,2012,12,19,48
10991,1960,Master,Married,89058.0,0,0,2012-12-07,18,454.0,81.0,106.0,31.0,22.0,43.0,1,5,4,4,2,0,0,0,0,0,0,3,11,0,2012,12,7,66
5077,1979,Graduation,Married,77298.0,0,1,2013-11-02,46,425.0,81.0,292.0,23.0,35.0,79.0,1,6,6,11,3,0,0,0,0,0,0,3,11,0,2013,11,2,47
7431,1991,Phd,Single,68126.0,0,0,2012-11-10,40,1224.0,17.0,311.0,23.0,51.0,86.0,1,7,4,5,9,0,1,0,0,0,0,3,11,1,2012,11,10,35
3267,1963,Master,Married,57288.0,0,1,2014-06-25,27,527.0,0.0,21.0,0.0,0.0,60.0,3,8,1,8,6,0,1,0,0,0,0,3,11,0,2014,6,25,63
999,1991,Graduation,Single,86037.0,0,0,2013-01-02,95,490.0,44.0,125.0,29.0,20.0,22.0,1,6,7,11,3,0,1,1,0,0,0,3,11,1,2013,1,2,35
9215,1980,Phd,Married,43974.0,1,0,2012-12-12,19,378.0,0.0,101.0,0.0,0.0,72.0,5,6,4,6,7,0,0,0,0,0,0,3,11,0,2012,12,12,46
2286,1962,Graduation,Single,50785.0,1,1,2013-09-10,27,64.0,1.0,21.0,0.0,1.0,27.0,2,2,1,3,6,0,0,0,0,0,0,3,11,0,2013,9,10,64
1592,1970,Graduation,Married,90765.0,0,0,2014-01-24,25,547.0,81.0,556.0,120.5,81.0,33.0,0,4,6,5,1,0,0,1,1,0,0,3,11,0,2014,1,24,56
367,1978,2N Cycle,Married,36550.0,1,0,2013-02-19,74,47.0,81.0,94.0,120.5,81.0,120.0,5,9,1,5,9,0,0,0,0,0,0,3,11,0,2013,2,19,48
5234,1967,2N Cycle,Married,30753.0,1,1,2013-07-11,85,12.0,5.0,25.0,0.0,9.0,30.0,2,1,1,3,5,0,0,0,0,0,0,3,11,0,2013,7,11,59
9862,1969,Graduation,Married,21918.0,1,0,2013-11-14,37,1.0,6.0,7.0,11.0,5.0,3.0,2,2,0,3,6,0,0,0,0,0,0,3,11,0,2013,11,14,57
9805,1953,Master,Married,56129.0,0,1,2013-06-20,65,320.0,48.0,133.0,39.0,72.0,48.0,4,6,2,10,4,0,0,0,0,0,0,3,11,0,2013,6,20,73
6205,1967,Master,Single,32557.0,1,0,2014-02-24,13,34.0,3.0,29.0,0.0,4.0,10.0,3,2,1,3,5,0,0,0,0,0,0,3,11,1,2014,2,24,59
8442,1985,Master,Married,19510.0,2,0,2013-09-04,63,9.0,0.0,7.0,3.0,4.0,7.0,2,1,0,3,7,0,0,0,0,0,0,3,11,0,2013,9,4,41
7386,1976,Graduation,Divorced,30992.0,1,0,2013-04-22,83,17.0,0.0,14.0,7.0,3.0,2.0,1,1,0,3,7,0,0,0,0,0,0,3,11,0,2013,4,22,50
7215,1983,Graduation,Single,101970.0,0,0,2013-03-12,69,722.0,27.0,102.0,44.0,72.0,126.5,0,6,8,13,2,0,1,1,1,0,0,3,11,1,2013,3,12,43
1491,1965,2N Cycle,Married,71488.0,0,0,2013-02-18,87,162.0,33.0,124.0,40.0,28.0,126.5,2,3,4,7,1,0,0,0,0,0,0,3,11,0,2013,2,18,61
11071,1984,Graduation,Single,79607.0,0,0,2013-04-21,37,450.0,81.0,556.0,120.5,0.0,126.5,1,3,6,6,1,0,0,0,0,0,0,3,11,1,2013,4,21,42
3381,1953,Master,Married,54348.0,1,1,2014-06-08,51,70.0,0.0,16.0,0.0,0.0,4.0,2,2,0,4,6,0,0,0,0,0,0,3,11,0,2014,6,8,73
8268,1961,Phd,Married,51381.5,0,1,2013-07-11,23,352.0,0.0,27.0,10.0,0.0,15.0,3,6,1,7,6,0,0,0,0,0,0,3,11,0,2013,7,11,65
11051,1956,Phd,Married,77376.0,1,1,2014-05-10,72,492.0,19.0,110.0,16.0,12.0,12.0,4,6,3,10,4,0,0,0,0,0,0,3,11,0,2014,5,10,70
8026,1952,Graduation,Married,62998.0,0,1,2013-09-30,10,120.0,58.0,73.0,65.0,81.0,58.0,5,5,4,5,5,0,0,0,0,0,0,3,11,0,2013,9,30,74
433,1958,Master,Single,61331.0,1,1,2013-03-10,42,534.0,5.0,47.0,0.0,5.0,41.0,5,11,1,6,8,0,0,0,0,0,0,3,11,0,2013,3,10,68
9597,1969,Graduation,Married,73448.0,0,0,2014-02-10,10,236.0,81.0,189.0,23.0,41.0,126.5,1,7,2,9,4,0,0,0,0,0,0,3,11,0,2014,2,10,57
1295,1963,Graduation,Married,51381.5,0,1,2013-08-11,96,231.0,65.0,196.0,38.0,71.0,124.0,1,6,5,7,4,0,0,0,0,0,0,3,11,0,2013,8,11,63
5290,1964,Phd,Married,41551.0,1,1,2013-08-14,51,220.0,0.0,33.0,3.0,0.0,23.0,5,5,1,5,8,0,0,0,0,0,0,3,11,0,2013,8,14,62
1685,1967,Phd,Married,62981.0,0,0,2013-03-17,21,796.0,14.0,556.0,38.0,44.0,0.0,1,4,5,13,3,0,1,0,0,0,0,3,11,0,2013,3,17,59
5342,1976,Basic,Divorced,9548.0,1,0,2012-08-08,31,0.0,1.0,3.0,10.0,6.0,9.0,2,1,0,3,8,0,0,0,0,0,0,3,11,0,2012,8,8,50
9579,1959,Phd,Married,33762.0,2,1,2013-07-07,61,53.0,1.0,34.0,2.0,0.0,16.0,3,2,2,2,8,0,0,0,0,0,0,3,11,0,2013,7,7,67
7660,1973,Phd,Single,35860.0,1,1,2014-05-19,37,15.0,0.0,8.0,4.0,2.0,20.0,2,1,1,2,5,1,0,0,0,0,0,3,11,1,2014,5,19,53
1461,1965,Phd,Divorced,36921.0,1,1,2013-07-28,74,17.0,1.0,12.0,3.0,1.0,4.0,2,2,0,3,7,0,0,0,0,0,0,3,11,0,2013,7,28,61
821,1992,Master,Single,92859.0,0,0,2012-10-19,46,962.0,61.0,556.0,52.0,61.0,20.0,1,5,4,12,2,0,0,0,0,0,0,3,11,0,2012,10,19,34
11084,1976,Master,Married,65104.0,0,1,2013-11-14,4,738.0,0.0,232.0,13.0,20.0,50.0,2,3,5,7,7,0,0,0,0,0,0,3,11,1,2013,11,14,50
8690,1962,Graduation,Married,86111.0,0,0,2013-04-19,73,399.0,28.0,556.0,36.0,40.0,126.0,1,5,7,10,2,0,0,0,0,0,0,3,11,0,2013,4,19,64
2937,1974,Phd,Single,68352.0,0,1,2013-08-28,47,614.0,16.0,132.0,43.0,33.0,33.0,3,8,5,9,6,0,0,0,0,0,0,3,11,0,2013,8,28,52
9701,1988,Graduation,Married,41883.0,1,0,2013-03-19,13,32.0,34.0,41.0,73.0,16.0,116.0,3,4,2,3,7,0,0,0,0,0,0,3,11,0,2013,3,19,38
9949,1976,Graduation,Married,59809.0,0,2,2012-10-18,36,598.0,16.0,141.0,32.0,41.0,49.0,3,3,3,6,8,0,0,0,0,0,0,3,11,0,2012,10,18,50
10837,1975,Graduation,Married,23957.0,1,0,2012-10-28,47,2.0,1.0,18.0,20.0,11.0,16.0,1,2,0,3,6,0,0,0,0,0,0,3,11,1,2012,10,28,51
3120,1981,Graduation,Married,38547.0,1,0,2013-08-28,49,6.0,1.0,10.0,0.0,1.0,4.0,1,1,0,2,8,0,0,0,0,0,1,3,11,0,2013,8,28,45
5885,1973,2N Cycle,Married,35688.0,2,1,2012-08-22,94,73.0,3.0,90.0,12.0,1.0,32.0,7,4,1,4,8,0,0,0,0,0,0,3,11,0,2012,8,22,53
4050,1966,Master,Married,49605.0,0,0,2014-06-21,65,42.0,16.0,29.0,12.0,20.0,8.0,1,2,1,4,3,0,0,0,0,0,0,3,11,0,2014,6,21,60
3830,1953,Master,Married,59354.0,0,2,2014-04-24,59,295.0,21.0,78.0,39.0,13.0,13.0,1,4,4,7,3,0,0,0,0,0,0,3,11,0,2014,4,24,73
7987,1969,Graduation,Married,65747.0,0,1,2014-03-07,96,346.0,17.0,48.0,23.0,13.0,13.0,4,8,1,6,6,0,1,0,0,0,0,3,11,0,2014,3,7,57
7798,1972,2N Cycle,Married,46344.0,0,1,2012-12-14,28,233.0,20.0,57.0,8.0,20.0,91.0,4,7,1,5,7,0,0,0,0,0,0,3,11,0,2012,12,14,54
92,1988,Graduation,Single,34176.0,1,0,2014-05-12,12,5.0,7.0,24.0,19.0,14.0,20.0,4,3,0,4,6,0,0,0,0,0,0,3,11,0,2014,5,12,38
7055,1952,Phd,Married,61010.0,0,1,2012-10-09,57,888.0,0.0,57.0,0.0,0.0,76.0,2,8,5,11,5,0,0,0,0,0,0,3,11,0,2012,10,9,74
10240,1949,Graduation,Married,69372.0,0,0,2013-02-19,10,997.0,26.0,269.0,34.0,13.0,42.0,1,10,4,6,4,0,1,1,0,0,0,3,11,1,2013,2,19,77
3025,1958,Graduation,Single,49967.0,0,1,2013-07-08,4,212.0,6.0,69.0,4.0,12.0,3.0,3,6,1,5,7,0,0,0,0,0,0,3,11,0,2013,7,8,68
9283,1978,Graduation,Single,60199.0,1,2,2013-09-12,49,8.0,1.0,7.0,2.0,0.0,0.0,1,0,0,3,4,0,0,0,0,0,0,3,11,0,2013,9,12,48
9970,1977,Graduation,Married,55375.0,0,1,2013-10-17,3,42.0,11.0,57.0,10.0,28.0,14.0,1,1,1,6,2,0,0,0,0,0,0,3,11,0,2013,10,17,49
2730,1955,Graduation,Single,80317.0,0,0,2013-08-20,64,536.0,11.0,387.0,120.5,81.0,57.0,1,3,4,10,1,0,0,0,0,0,0,3,11,0,2013,8,20,71
2795,1958,Master,Single,30523.0,2,1,2013-07-01,0,5.0,0.0,3.0,0.0,0.0,5.0,1,1,0,2,7,0,0,0,0,0,0,3,11,0,2013,7,1,68
9260,1945,Phd,Married,70356.0,0,0,2012-11-05,20,1224.0,16.0,249.0,43.0,16.0,33.0,2,10,6,9,6,0,0,0,0,0,0,3,11,0,2012,11,5,81
8182,1984,Graduation,Married,23228.0,1,0,2014-01-05,91,53.0,3.0,49.0,7.0,4.0,5.0,4,3,0,4,8,0,0,0,0,0,0,3,11,0,2014,1,5,42
10095,1975,Phd,Divorced,74165.0,0,0,2013-05-01,9,1001.0,12.0,240.0,16.0,12.0,12.0,1,5,4,10,2,0,0,0,0,0,0,3,11,0,2013,5,1,51
8475,1973,Phd,Married,117418.0,0,1,2014-03-01,98,20.0,2.0,556.0,1.0,2.0,1.0,15,0,22,0,0,0,0,0,0,0,0,3,11,0,2014,3,1,53
4370,1966,Graduation,Married,43482.0,2,1,2013-11-13,83,18.0,1.0,32.0,6.0,3.0,28.0,3,2,0,4,6,0,0,0,0,0,0,3,11,0,2013,11,13,60
10573,1953,Graduation,Divorced,62551.0,0,0,2013-11-18,27,125.0,16.0,98.0,120.5,21.0,27.0,1,6,7,4,3,1,0,0,0,0,0,3,11,0,2013,11,18,73
3712,1959,Graduation,Divorced,52332.0,0,0,2013-08-28,63,212.0,5.0,33.0,7.0,0.0,2.0,1,3,2,6,4,0,1,0,0,0,0,3,11,0,2013,8,28,67
6637,1988,Graduation,Single,66951.0,0,0,2013-11-02,46,277.0,81.0,305.0,120.5,76.0,124.0,1,3,4,7,1,0,0,0,0,0,0,3,11,0,2013,11,2,38
3152,1957,Graduation,Married,26091.0,1,1,2014-02-25,84,15.0,10.0,19.0,8.0,17.0,20.0,3,2,1,3,5,0,0,0,0,0,0,3,11,0,2014,2,25,69
5610,1965,Graduation,Married,33456.0,1,1,2014-04-21,58,7.0,3.0,10.0,8.0,1.0,7.0,2,1,0,3,7,0,0,0,0,0,0,3,11,0,2014,4,21,61
6460,1982,Graduation,Married,28718.0,1,0,2013-07-13,78,12.0,4.0,6.0,11.0,8.0,16.0,2,2,0,3,8,0,0,0,0,0,0,3,11,0,2013,7,13,44
1349,1970,Graduation,Married,50447.0,2,0,2014-04-21,4,85.0,7.0,24.0,2.0,3.0,27.0,1,3,1,3,6,0,0,0,0,0,0,3,11,0,2014,4,21,56
1880,1959,Phd,Married,53537.0,1,1,2014-01-30,17,81.0,0.0,6.0,0.0,0.0,6.0,2,2,1,3,5,0,0,0,0,0,0,3,11,0,2014,1,30,67
641,1967,Graduation,Single,52074.0,0,1,2014-04-04,77,59.0,0.0,12.0,0.0,0.0,48.0,1,2,2,2,4,1,0,0,0,0,0,3,11,0,2014,4,4,59
8717,1975,Phd,Married,80427.0,0,1,2012-09-12,56,1149.0,71.0,449.0,69.0,71.0,26.0,1,11,8,8,5,0,0,0,0,0,0,3,11,0,2012,9,12,51
10314,1948,Phd,Married,83837.0,0,0,2012-12-16,79,847.0,66.0,119.0,86.0,81.0,111.0,1,9,10,5,4,0,1,0,1,0,0,3,11,1,2012,12,16,78
10854,1970,Phd,Married,38853.0,1,1,2014-05-23,90,29.0,0.0,14.0,0.0,0.0,2.0,2,2,0,3,7,0,0,0,0,0,0,3,11,0,2014,5,23,56
10492,1959,Graduation,Married,38285.0,2,1,2014-06-24,96,2.0,0.0,5.0,2.0,0.0,1.0,1,0,0,3,2,0,0,0,0,0,0,3,11,0,2014,6,24,67
6935,1951,2N Cycle,Married,78497.0,0,0,2013-12-01,44,207.0,26.0,447.0,75.0,0.0,126.5,1,5,7,12,2,0,0,0,1,0,0,3,11,0,2013,12,1,75
7698,1976,Phd,Married,51650.0,0,1,2014-05-11,81,152.0,3.0,22.0,2.0,5.0,7.0,1,4,1,4,5,0,0,0,0,0,0,3,11,0,2014,5,11,50
3559,1988,2N Cycle,Married,16248.0,1,0,2014-05-10,77,12.0,11.0,10.0,3.0,12.0,9.0,3,2,1,3,6,0,0,0,0,0,0,3,11,0,2014,5,10,38
10562,1946,Master,Married,66835.0,0,0,2013-09-28,21,620.0,26.0,195.0,34.0,17.0,126.5,1,6,4,13,2,0,0,0,0,0,0,3,11,0,2013,9,28,80
10796,1984,Master,Married,30477.0,1,0,2014-01-22,16,47.0,1.0,6.0,0.0,0.0,12.0,1,1,1,3,6,0,0,0,0,0,0,3,11,0,2014,1,22,42
2563,1961,Basic,Married,28249.0,0,0,2014-06-15,80,1.0,9.0,7.0,2.0,14.0,10.0,1,2,0,3,6,0,0,0,0,0,0,3,11,0,2014,6,15,65
3518,1983,Graduation,Married,25271.0,1,0,2012-12-05,45,10.0,1.0,18.0,10.0,4.0,7.0,1,1,1,2,9,0,0,0,0,0,0,3,11,0,2012,12,5,43
5823,1970,Phd,Single,32303.0,0,1,2014-03-08,63,35.0,0.0,2.0,0.0,0.0,2.0,2,1,0,4,5,0,0,0,0,0,0,3,11,0,2014,3,8,56
3934,1966,Graduation,Married,61286.0,0,1,2013-08-02,34,356.0,0.0,107.0,19.0,9.0,117.0,2,7,1,8,5,0,0,0,0,0,0,3,11,0,2013,8,2,60
6982,1976,Graduation,Married,74068.0,0,0,2013-03-19,14,783.0,30.0,537.0,120.5,76.0,15.0,1,4,10,9,2,0,0,0,0,0,0,3,11,0,2013,3,19,50
6431,1964,Phd,Married,45759.0,1,1,2013-02-23,13,42.0,1.0,18.0,3.0,0.0,4.0,2,2,0,3,7,0,0,0,0,0,0,3,11,0,2013,2,23,62
9733,1978,Basic,Married,24882.0,1,0,2012-09-09,52,1.0,4.0,10.0,29.0,0.0,36.0,1,1,1,2,6,1,0,0,0,0,0,3,11,0,2012,9,9,48
5602,1989,Phd,Married,66973.0,0,0,2013-05-17,98,466.0,22.0,432.0,120.5,81.0,102.0,1,8,7,12,3,0,0,0,0,0,0,3,11,0,2013,5,17,37
1324,1988,Graduation,Married,38872.0,1,0,2013-05-30,93,23.0,3.0,21.0,3.0,19.0,22.0,2,3,0,3,8,0,0,0,0,0,0,3,11,0,2013,5,30,38
326,1973,Graduation,Married,51148.0,1,1,2013-02-18,38,235.0,6.0,45.0,8.0,9.0,12.0,4,5,1,6,6,0,0,0,0,0,0,3,11,0,2013,2,18,53
7224,1977,Graduation,Married,31353.0,1,1,2013-12-29,24,10.0,0.0,10.0,3.0,1.0,7.0,2,1,1,2,8,0,0,0,0,0,0,3,11,0,2013,12,29,49
6999,1980,Master,Married,69661.0,0,0,2014-05-13,80,656.0,16.0,106.0,32.0,16.0,8.0,1,7,3,12,3,0,0,0,0,0,0,3,11,0,2014,5,13,46
9938,1954,Graduation,Married,80067.0,0,0,2013-09-19,82,519.0,17.0,556.0,27.0,81.0,51.0,1,4,6,6,2,0,0,1,0,0,0,3,11,0,2013,9,19,72
6422,1954,Graduation,Married,86718.0,0,0,2013-01-17,20,344.0,81.0,482.0,50.0,33.0,126.5,1,5,6,5,2,0,0,0,0,0,0,3,11,0,2013,1,17,72
3182,1973,Phd,Single,46854.0,1,1,2014-03-31,81,96.0,1.0,79.0,7.0,1.0,79.0,6,5,1,3,8,1,0,0,0,0,0,3,11,1,2014,3,31,53
7300,1952,Graduation,Divorced,69142.0,0,1,2014-06-29,50,448.0,4.0,34.0,6.0,4.0,39.0,3,8,1,7,5,0,1,0,0,0,0,3,11,0,2014,6,29,74
10424,1968,Graduation,Single,75922.0,0,0,2013-12-09,60,265.0,81.0,553.0,120.5,23.0,92.0,1,4,4,9,1,0,0,0,0,0,0,3,11,0,2013,12,9,58
8727,1978,Graduation,Divorced,63693.0,0,1,2013-10-14,63,587.0,43.0,337.0,42.0,81.0,54.0,3,11,6,9,6,0,0,0,0,0,0,3,11,0,2013,10,14,48
2798,1977,Phd,Married,102160.0,0,0,2012-11-02,54,763.0,29.0,138.0,76.0,81.0,58.0,0,7,9,10,4,0,1,1,1,0,0,3,11,1,2012,11,2,49
1030,1965,Phd,Single,40637.0,1,1,2013-07-17,72,22.0,0.0,13.0,0.0,0.0,3.0,2,1,0,3,7,0,0,0,0,0,0,3,11,0,2013,7,17,61
624,1984,Master,Single,18890.0,0,0,2012-11-10,5,6.0,4.0,1.0,7.0,2.0,15.0,1,0,1,2,6,1,0,0,0,0,0,3,11,1,2012,11,10,42
5176,1988,Graduation,Married,29604.0,1,0,2013-12-08,88,7.0,6.0,13.0,7.0,6.0,14.0,1,1,0,3,9,1,0,0,0,0,0,3,11,0,2013,12,8,38
5552,1963,Master,Divorced,48721.0,1,1,2013-05-13,50,81.0,18.0,113.0,47.0,13.0,21.0,6,4,2,5,6,0,0,0,0,0,0,3,11,0,2013,5,13,63
868,1966,Graduation,Married,44794.0,0,1,2014-06-08,99,54.0,0.0,7.0,0.0,0.0,4.0,1,2,0,3,6,0,0,0,0,0,0,3,11,0,2014,6,8,60
380,1954,Graduation,Divorced,64497.0,0,1,2012-09-10,17,1170.0,48.0,320.0,42.0,32.0,126.5,5,11,4,9,8,1,0,0,0,0,0,3,11,1,2012,9,10,72
2677,1956,Graduation,Married,46097.0,0,1,2013-03-31,11,72.0,24.0,68.0,65.0,4.0,8.0,5,3,1,6,4,0,0,0,0,0,0,3,11,0,2013,3,31,70
6521,1954,Graduation,Married,77972.0,0,0,2014-03-18,18,613.0,22.0,319.0,33.0,81.0,12.0,1,4,6,9,1,0,0,0,0,0,0,3,11,0,2014,3,18,72
6927,1968,Phd,Married,44377.0,1,1,2012-10-05,70,224.0,0.0,30.0,0.0,0.0,10.0,8,5,1,5,8,0,0,0,0,0,0,3,11,0,2012,10,5,58
2877,1974,Master,Married,46014.0,1,1,2013-01-21,21,410.0,0.0,59.0,19.0,9.0,44.0,10,7,1,8,7,0,0,0,0,0,0,3,11,0,2013,1,21,52
0,1985,Graduation,Married,70951.0,0,0,2013-05-04,66,239.0,10.0,554.0,120.5,81.0,54.0,1,3,4,9,1,0,0,0,0,0,0,3,11,0,2013,5,4,41
1584,1977,Graduation,Married,41443.0,1,0,2014-04-01,79,171.0,7.0,171.0,25.0,19.0,89.0,6,8,1,5,8,0,0,0,0,0,0,3,11,0,2014,4,1,49
7264,1978,2N Cycle,Single,52195.0,2,1,2014-05-12,2,12.0,0.0,4.0,0.0,0.0,1.0,1,1,0,2,8,0,0,0,0,0,0,3,11,0,2014,5,12,48
6274,1948,Master,Married,83790.0,0,0,2013-11-15,81,1076.0,16.0,417.0,42.0,48.0,16.0,1,8,10,6,3,0,1,1,0,0,0,3,11,0,2013,11,15,78
1377,1954,Master,Widow,44551.0,0,1,2013-08-31,24,182.0,4.0,33.0,0.0,0.0,66.0,2,4,1,5,7,0,0,0,0,0,0,3,11,0,2013,8,31,72
454,1980,Graduation,Married,69508.0,1,0,2012-11-14,48,824.0,32.0,162.0,42.0,32.0,43.0,2,11,4,11,6,0,0,0,0,0,0,3,11,0,2012,11,14,46
1755,1988,2N Cycle,Married,45204.0,1,0,2014-04-11,93,30.0,11.0,25.0,29.0,1.0,18.0,1,1,1,4,3,0,0,0,0,0,0,3,11,0,2014,4,11,38
2075,1969,Graduation,Married,72460.0,0,0,2013-11-14,56,377.0,10.0,540.0,80.0,30.0,10.0,1,3,5,7,1,0,0,0,0,0,0,3,11,0,2013,11,14,57
4785,1970,Phd,Married,77622.0,0,2,2014-04-14,3,520.0,7.0,154.0,19.0,0.0,14.0,2,6,3,11,3,0,0,0,0,0,0,3,11,0,2014,4,14,56
9076,1980,Phd,Married,30732.0,1,0,2013-01-05,44,155.0,1.0,25.0,0.0,1.0,3.0,4,4,1,4,8,0,0,0,0,0,0,3,11,0,2013,1,5,46
7079,1962,Graduation,Divorced,63887.0,0,1,2012-09-08,38,897.0,23.0,207.0,15.0,11.0,92.0,5,9,6,12,6,0,0,0,0,0,0,3,11,0,2012,9,8,64
4653,1978,Graduation,Married,42011.0,1,0,2013-03-26,46,131.0,0.0,16.0,2.0,1.0,39.0,4,3,1,4,8,0,0,0,0,0,0,3,11,0,2013,3,26,48
7375,1976,Graduation,Married,51369.0,0,1,2012-10-25,84,297.0,7.0,79.0,0.0,11.0,126.5,2,8,2,4,8,0,0,0,0,0,0,3,11,0,2012,10,25,50
709,1952,Graduation,Divorced,51537.0,0,1,2012-12-09,27,787.0,20.0,204.0,0.0,0.0,92.0,3,2,2,11,8,0,0,0,0,0,0,3,11,0,2012,12,9,74
460,1972,Phd,Married,79930.0,0,0,2012-08-08,72,792.0,81.0,556.0,67.0,51.0,17.0,1,3,5,8,2,0,0,0,0,0,0,3,11,0,2012,8,8,54
3726,1986,Phd,Married,34320.0,1,0,2014-02-16,66,4.0,1.0,9.0,3.0,0.0,0.0,1,1,0,2,8,0,0,0,0,0,0,3,11,0,2014,2,16,40
6798,1966,Graduation,Single,37070.0,1,1,2013-03-20,30,231.0,7.0,137.0,4.0,15.0,39.0,9,5,1,8,7,0,0,0,0,0,0,3,11,1,2013,3,20,60
5341,1962,2N Cycle,Divorced,81975.0,0,1,2013-01-05,2,983.0,76.0,184.0,120.5,81.0,27.0,1,6,3,4,7,0,0,1,0,0,0,3,11,0,2013,1,5,64
1606,1971,Graduation,Married,38590.0,1,0,2013-05-15,65,3.0,1.0,8.0,4.0,3.0,3.0,1,1,0,2,8,0,0,0,0,0,0,3,11,0,2013,5,15,55
9617,1951,Graduation,Single,15033.0,0,0,2014-04-16,37,0.0,4.0,5.0,6.0,0.0,4.0,1,1,0,3,3,0,0,0,0,0,0,3,11,0,2014,4,16,75
3233,1965,Phd,Married,62745.0,0,1,2013-03-23,89,562.0,21.0,464.0,28.0,10.0,32.0,3,7,8,11,5,0,0,0,0,0,0,3,11,0,2013,3,23,61
89,1975,2N Cycle,Married,22212.0,1,0,2013-12-09,49,5.0,9.0,20.0,6.0,8.0,21.0,2,2,0,4,6,0,0,0,0,0,0,3,11,0,2013,12,9,51
2936,1982,Master,Married,23661.0,1,0,2013-12-04,46,18.0,0.0,4.0,0.0,0.0,1.0,1,1,0,3,7,0,0,0,0,0,0,3,11,0,2013,12,4,44
9449,1958,Phd,Single,79761.0,0,1,2013-10-04,32,415.0,5.0,124.0,15.0,35.0,11.0,1,5,2,11,3,0,0,0,0,0,0,3,11,0,2013,10,4,68
7297,1973,Graduation,Single,7500.0,1,0,2013-12-26,54,5.0,3.0,10.0,12.0,7.0,20.0,4,3,1,3,7,0,0,0,0,0,0,3,11,0,2013,12,26,53
313,1968,Graduation,Widow,73455.0,0,0,2013-10-28,98,901.0,61.0,556.0,120.5,81.0,20.0,1,6,5,10,3,0,1,0,0,0,0,3,11,0,2013,10,28,58
9940,1958,Graduation,Married,64961.0,0,1,2012-12-23,97,382.0,81.0,276.0,75.0,81.0,38.0,2,6,4,4,3,0,0,0,0,0,0,3,11,0,2012,12,23,68
10735,1971,Graduation,Single,22804.0,1,0,2013-07-31,75,14.0,1.0,7.0,2.0,1.0,1.0,1,2,0,2,9,0,0,0,0,0,0,3,11,0,2013,7,31,55
9529,1990,Graduation,Married,73687.0,0,0,2013-11-28,8,559.0,81.0,503.0,120.5,13.0,126.5,1,3,9,9,2,0,0,0,1,0,0,3,11,1,2013,11,28,36
6439,1958,Graduation,Married,61074.0,0,1,2012-08-17,37,789.0,0.0,133.0,0.0,28.0,126.5,7,11,5,8,7,0,0,0,0,0,0,3,11,0,2012,8,17,68
7411,1964,Phd,Married,31686.0,1,1,2014-06-05,31,11.0,0.0,5.0,0.0,0.0,1.0,2,1,0,3,6,0,0,0,0,0,0,3,11,0,2014,6,5,62
2176,1972,Graduation,Married,80134.0,1,0,2013-05-20,40,1218.0,16.0,272.0,104.0,0.0,80.0,2,5,3,6,6,0,1,1,1,0,0,3,11,1,2013,5,20,54
9265,1953,Graduation,Married,75027.0,0,1,2013-01-09,74,925.0,64.0,179.0,120.5,12.0,77.0,2,9,4,6,5,0,0,0,0,0,0,3,11,0,2013,1,9,73
8867,1988,Phd,Married,67546.0,0,0,2012-08-31,90,864.0,81.0,556.0,120.5,38.0,126.5,1,4,10,5,3,0,0,0,0,0,0,3,11,0,2012,8,31,38
8932,1969,Master,Married,65176.0,0,1,2012-10-29,57,960.0,28.0,183.0,120.5,70.0,70.0,4,9,6,6,6,0,0,0,0,0,0,3,11,0,2012,10,29,57
10236,1975,Master,Single,31160.0,1,0,2013-09-16,59,16.0,3.0,25.0,6.0,1.0,13.0,2,2,0,3,8,0,0,0,0,0,0,3,11,0,2013,9,16,51
6340,1985,Graduation,Single,29938.0,1,0,2013-10-27,52,3.0,3.0,7.0,0.0,2.0,11.0,2,1,0,3,6,0,0,0,0,0,0,3,11,0,2013,10,27,41
10089,1974,Graduation,Divorced,102692.0,0,0,2013-04-05,5,168.0,81.0,444.0,32.0,81.0,126.5,1,6,9,13,2,0,1,1,1,1,0,3,11,1,2013,4,5,52
2227,1958,2N Cycle,Married,26490.0,0,0,2012-09-22,92,45.0,47.0,52.0,21.0,20.0,25.0,2,3,1,5,6,0,0,0,0,0,0,3,11,0,2012,9,22,68
10992,1967,Graduation,Married,75702.0,1,1,2012-08-29,77,650.0,28.0,353.0,45.0,42.0,30.0,5,4,6,11,8,0,0,0,0,0,0,3,11,0,2012,8,29,59
5304,1974,Phd,Single,30899.0,1,0,2012-10-13,35,24.0,0.0,8.0,0.0,0.0,1.0,2,1,0,3,6,0,0,0,0,0,0,3,11,0,2012,10,13,52
309,1961,Phd,Married,63342.0,0,1,2012-10-16,48,918.0,21.0,118.0,13.0,10.0,21.0,3,8,3,5,6,0,1,0,0,0,0,3,11,0,2012,10,16,65
3406,1964,Graduation,Single,45989.0,0,1,2012-10-22,97,138.0,33.0,87.0,28.0,24.0,12.0,4,3,2,7,3,0,0,0,0,0,0,3,11,0,2012,10,22,62
2661,1964,Graduation,Single,18701.0,1,1,2013-06-04,95,12.0,4.0,2.0,10.0,6.0,10.0,4,2,0,4,5,0,0,0,0,0,0,3,11,0,2013,6,4,62
3153,1957,Phd,Single,40737.0,2,1,2013-12-08,24,11.0,0.0,4.0,0.0,0.0,2.0,1,1,0,2,8,0,0,0,0,0,0,3,11,0,2013,12,8,69
10264,1979,Graduation,Divorced,15287.0,1,0,2012-10-10,60,1.0,2.0,8.0,4.0,3.0,13.0,2,1,1,2,7,1,0,0,0,0,0,3,11,1,2012,10,10,47
1184,1968,Phd,Divorced,69674.0,0,2,2013-05-22,46,554.0,41.0,215.0,11.0,0.0,24.0,3,10,2,10,5,0,0,0,0,0,0,3,11,0,2013,5,22,58
4200,1970,Master,Married,44159.0,1,0,2014-06-17,85,167.0,2.0,62.0,24.0,13.0,7.0,4,4,1,6,5,0,0,0,0,0,0,3,11,0,2014,6,17,56
9396,1978,Phd,Married,37717.0,1,0,2012-11-23,31,9.0,0.0,6.0,4.0,1.0,5.0,1,1,0,2,9,0,0,0,0,0,0,3,11,0,2012,11,23,48
2387,1952,Master,Married,43776.0,1,1,2013-02-03,9,177.0,2.0,71.0,3.0,2.0,20.0,6,5,2,4,8,0,0,0,0,0,0,3,11,1,2013,2,3,74
6690,1966,Master,Married,38179.0,1,1,2013-03-14,30,38.0,4.0,22.0,4.0,2.0,20.0,4,3,1,3,7,0,0,0,0,0,0,3,11,0,2013,3,14,60
1225,1963,Graduation,Married,80124.0,0,0,2014-06-26,47,483.0,81.0,398.0,120.5,81.0,126.5,1,3,7,8,1,1,0,0,0,0,0,3,11,0,2014,6,26,63
9703,1970,Phd,Married,38097.0,1,1,2012-10-15,70,77.0,2.0,35.0,0.0,1.0,69.0,4,3,2,2,7,1,0,0,0,0,0,3,11,1,2012,10,15,56
291,1970,Graduation,Married,72940.0,0,0,2013-06-19,13,182.0,74.0,298.0,120.5,81.0,116.0,1,3,3,6,1,0,0,0,0,0,0,3,11,0,2013,6,19,56
4557,1970,Graduation,Married,22070.0,1,0,2013-10-04,11,10.0,7.0,19.0,8.0,2.0,21.0,2,2,2,2,6,0,0,0,0,0,0,3,11,0,2013,10,4,56
2379,1953,Graduation,Single,69267.0,0,0,2012-09-22,31,778.0,44.0,499.0,95.0,73.0,126.5,2,3,4,5,7,0,0,0,0,0,0,3,11,1,2012,9,22,73
5726,1983,Master,Single,31788.0,1,0,2014-03-20,15,16.0,7.0,23.0,0.0,8.0,6.0,3,3,0,4,5,0,0,0,0,0,1,3,11,0,2014,3,20,43
3066,1975,Phd,Married,61905.0,0,1,2014-02-04,2,167.0,0.0,43.0,6.0,2.0,13.0,2,4,2,4,5,0,0,0,0,0,0,3,11,0,2014,2,4,51
6336,1960,Graduation,Married,29315.0,1,1,2014-04-06,55,13.0,2.0,14.0,8.0,7.0,4.0,4,2,0,4,6,0,0,0,0,0,0,3,11,0,2014,4,6,66
10967,1963,Graduation,Divorced,33378.0,1,1,2013-02-06,38,33.0,6.0,40.0,3.0,7.0,10.0,3,2,0,4,7,0,0,0,0,0,0,3,11,0,2013,2,6,63
2304,1963,Phd,Married,66313.0,0,1,2013-09-16,86,625.0,7.0,99.0,10.0,22.0,7.0,2,6,3,12,4,0,0,0,0,0,0,3,11,0,2013,9,16,63
3445,1956,Graduation,Single,60714.0,0,0,2013-01-17,56,216.0,81.0,224.0,101.0,81.0,126.5,2,7,4,10,5,0,0,0,0,0,0,3,11,1,2013,1,17,70
7828,1981,Master,Married,77882.0,0,0,2014-04-30,29,68.0,81.0,396.0,120.5,22.0,15.0,1,3,3,5,1,0,0,0,0,0,0,3,11,0,2014,4,30,45
3762,1986,Phd,Single,69867.0,0,0,2013-04-02,30,196.0,0.0,512.0,33.0,81.0,54.0,1,3,5,8,1,0,0,0,1,0,0,3,11,1,2013,4,2,40
4391,1968,Master,Divorced,63841.0,0,1,2013-04-21,64,635.0,15.0,100.0,20.0,7.0,126.5,1,9,3,9,6,0,0,0,0,0,0,3,11,0,2013,4,21,58
4669,1981,Basic,Married,24480.0,1,0,2013-02-11,46,4.0,19.0,9.0,28.0,25.0,17.0,3,3,0,4,7,0,0,0,0,0,0,3,11,0,2013,2,11,45
10144,1976,Graduation,Married,51369.0,0,1,2012-10-25,84,297.0,7.0,79.0,0.0,11.0,126.5,2,8,2,4,8,0,0,0,0,0,0,3,11,0,2012,10,25,50
8652,1946,Graduation,Married,37760.0,0,0,2012-08-31,20,84.0,5.0,38.0,120.5,12.0,28.0,2,4,1,6,7,0,0,0,0,0,0,3,11,0,2012,8,31,80
1672,1974,Phd,Married,65640.0,0,1,2014-03-01,74,204.0,7.0,149.0,20.0,15.0,66.0,1,5,1,8,2,0,0,0,0,0,0,3,11,0,2014,3,1,52
8962,1975,Master,Married,44319.0,1,1,2014-04-17,18,26.0,0.0,8.0,0.0,0.0,3.0,2,2,0,3,5,0,0,0,0,0,0,3,11,0,2014,4,17,51
9974,1974,Graduation,Married,30631.0,1,0,2013-07-12,75,15.0,6.0,20.0,4.0,5.0,20.0,1,3,1,2,7,0,0,0,0,0,0,3,11,0,2013,7,12,52
10983,1952,Graduation,Married,75278.0,0,0,2013-01-29,17,304.0,81.0,230.0,120.5,74.0,74.0,1,6,3,13,3,0,0,0,0,0,0,3,11,0,2013,1,29,74
8148,1956,Master,Married,50898.0,1,1,2013-01-08,88,285.0,28.0,242.0,55.0,81.0,126.5,13,6,2,12,5,0,0,0,0,0,0,3,11,0,2013,1,8,70
10102,1966,Graduation,Widow,79946.0,0,0,2014-05-12,19,395.0,81.0,556.0,120.5,81.0,28.0,1,5,11,5,3,0,0,0,0,0,0,3,11,0,2014,5,12,60
4697,1949,Master,Divorced,35416.0,0,0,2013-06-13,62,248.0,3.0,81.0,4.0,3.0,51.0,3,7,1,5,8,0,0,0,0,0,0,3,11,0,2013,6,13,77
9262,1984,2N Cycle,Married,32414.0,0,0,2013-07-04,11,20.0,6.0,5.0,0.0,9.0,12.0,1,1,0,3,7,1,0,0,0,0,0,3,11,0,2013,7,4,42
7254,1969,Graduation,Married,38361.0,1,0,2013-12-27,74,39.0,0.0,56.0,20.0,8.0,14.0,3,3,1,3,7,0,0,0,0,0,0,3,11,0,2013,12,27,57
4543,1980,Graduation,Married,82497.0,0,0,2012-10-31,32,777.0,81.0,556.0,120.5,21.0,126.5,1,2,7,9,4,0,0,1,0,0,0,3,11,0,2012,10,31,46
4927,1971,Graduation,Married,16626.0,2,0,2014-01-15,76,8.0,3.0,22.0,21.0,1.0,13.0,3,3,0,3,9,0,0,0,0,0,0,3,11,0,2014,1,15,55
10451,1965,Graduation,Married,29672.0,1,1,2013-03-12,6,9.0,1.0,3.0,0.0,4.0,8.0,1,0,0,3,6,0,0,0,0,0,0,3,11,0,2013,3,12,61
2926,1952,Master,Married,55951.0,0,1,2012-08-23,62,1224.0,0.0,80.0,0.0,13.0,40.0,3,3,6,11,8,0,1,0,0,1,0,3,11,0,2012,8,23,74
2874,1988,2N Cycle,Divorced,35388.0,1,0,2013-03-07,20,6.0,4.0,7.0,4.0,3.0,8.0,1,1,0,3,7,0,0,0,0,0,0,3,11,0,2013,3,7,38
9738,1986,Master,Married,42386.0,1,0,2013-01-13,43,65.0,4.0,16.0,0.0,4.0,11.0,1,3,0,3,8,0,0,0,0,0,0,3,11,0,2013,1,13,40
7119,1982,Graduation,Single,68627.0,0,0,2013-01-12,45,395.0,15.0,263.0,60.0,54.0,38.0,1,2,3,6,1,0,0,0,0,0,0,3,11,0,2013,1,12,44
3924,1965,Phd,Divorced,57912.0,0,1,2014-03-17,34,801.0,0.0,80.0,0.0,0.0,35.0,5,8,3,12,5,0,1,0,0,0,0,3,11,0,2014,3,17,61
5827,1958,Graduation,Divorced,35246.0,1,1,2014-04-16,53,36.0,0.0,12.0,2.0,2.0,10.0,4,3,1,3,5,0,0,0,0,0,0,3,11,0,2014,4,16,68
5596,1956,2N Cycle,Married,58821.0,0,1,2013-10-12,44,513.0,14.0,154.0,19.0,0.0,28.0,1,9,2,9,6,0,0,0,0,0,0,3,11,0,2013,10,12,70
10812,1978,Phd,Married,46377.0,1,0,2014-03-01,89,37.0,0.0,46.0,4.0,3.0,0.0,1,2,1,3,4,0,0,0,0,0,0,3,11,0,2014,3,1,48
1717,1988,Graduation,Single,39747.0,1,0,2014-04-13,43,80.0,15.0,93.0,20.0,13.0,52.0,3,5,1,4,8,0,0,0,0,0,0,3,11,0,2014,4,13,38
9491,1984,Graduation,Married,23976.0,1,0,2013-12-27,68,14.0,1.0,21.0,2.0,3.0,25.0,3,3,1,3,7,0,0,0,0,0,0,3,11,0,2013,12,27,42
9274,1961,Master,Married,80950.0,0,0,2013-03-28,44,525.0,81.0,112.0,120.5,81.0,63.0,1,6,7,9,2,0,0,0,1,0,0,3,11,0,2013,3,28,65
6609,1966,Graduation,Widow,27038.0,0,0,2012-09-18,64,1.0,26.0,25.0,17.0,23.0,15.0,1,3,0,3,9,0,0,0,0,0,0,3,11,1,2012,9,18,60
6963,1947,Graduation,Single,77457.0,0,0,2014-03-05,85,675.0,11.0,400.0,15.0,45.0,11.0,1,2,5,10,1,0,0,1,0,0,0,3,11,0,2014,3,5,79
4440,1964,Master,Married,64100.0,0,1,2013-09-10,93,509.0,0.0,27.0,0.0,0.0,10.0,1,8,3,6,7,0,1,0,0,0,0,3,11,0,2013,9,10,62
1379,1992,Master,Married,42670.0,0,0,2013-04-27,12,154.0,2.0,46.0,20.0,4.0,15.0,1,4,2,4,4,0,0,0,0,0,0,3,11,0,2013,4,27,34
10032,1976,Graduation,Divorced,12571.0,1,0,2014-01-18,86,3.0,5.0,14.0,2.0,12.0,17.0,4,3,1,3,6,0,0,0,0,0,0,3,11,0,2014,1,18,50
2826,1967,Graduation,Married,22574.0,2,1,2013-10-28,28,25.0,0.0,8.0,2.0,0.0,2.0,2,2,0,3,7,0,0,0,0,0,0,3,11,0,2013,10,28,59
2437,1989,Graduation,Married,51381.5,0,0,2013-06-03,69,861.0,81.0,461.0,60.0,30.0,61.0,1,6,5,12,3,0,1,0,1,0,0,3,11,0,2013,6,3,37
6320,1976,Master,Single,70893.0,0,0,2013-02-06,42,768.0,44.0,556.0,77.0,44.0,14.0,1,6,6,10,3,0,0,0,0,0,0,3,11,0,2013,2,6,50
3050,1966,Graduation,Married,54198.0,1,1,2013-12-17,13,185.0,0.0,28.0,3.0,2.0,17.0,6,3,1,6,4,0,0,0,0,0,0,3,11,0,2013,12,17,60
231,1956,Master,Married,28839.0,1,1,2014-03-11,86,24.0,0.0,7.0,0.0,0.0,1.0,2,2,0,3,5,0,0,0,0,0,0,3,11,0,2014,3,11,70
2392,1972,Graduation,Married,40321.0,1,1,2013-07-29,59,44.0,4.0,21.0,6.0,0.0,27.0,2,3,0,3,7,0,0,0,0,0,0,3,11,0,2013,7,29,54
9478,1985,Graduation,Single,66503.0,1,0,2012-08-14,30,91.0,64.0,128.0,65.0,3.0,50.0,2,4,3,6,3,0,0,0,0,0,0,3,11,0,2012,8,14,41
113,1951,Graduation,Married,30833.0,1,1,2013-07-16,33,11.0,0.0,7.0,3.0,1.0,6.0,2,1,0,3,5,0,0,0,0,0,0,3,11,0,2013,7,16,75
2863,1970,Graduation,Single,51381.5,1,2,2013-08-23,67,738.0,20.0,172.0,52.0,50.0,20.0,6,2,3,10,7,0,1,0,1,0,0,3,11,0,2013,8,23,56
1802,1971,Graduation,Married,64795.0,0,1,2013-01-17,23,412.0,5.0,119.0,38.0,29.0,77.0,3,3,3,12,2,0,0,0,0,0,0,3,11,0,2013,1,17,55
520,1974,Graduation,Married,34421.0,1,0,2013-07-01,81,3.0,3.0,7.0,6.0,2.0,9.0,1,1,0,2,7,0,0,0,0,0,0,3,11,0,2013,7,1,52
8275,1965,Phd,Divorced,47025.0,1,1,2014-02-09,6,16.0,0.0,3.0,0.0,0.0,1.0,1,1,0,2,7,0,0,0,0,0,0,3,11,0,2014,2,9,61
9750,1961,Phd,Divorced,64325.0,0,1,2013-02-07,41,731.0,60.0,353.0,78.0,12.0,73.0,5,10,3,5,7,0,0,0,0,0,0,3,11,0,2013,2,7,65
2607,1953,Graduation,Single,40464.0,0,1,2013-01-11,78,424.0,17.0,118.0,7.0,23.0,41.0,6,8,2,8,8,0,0,0,0,0,0,3,11,0,2013,1,11,73
7214,1957,Graduation,Married,62187.0,0,0,2013-07-05,49,792.0,0.0,275.0,45.0,45.0,126.0,1,4,8,5,3,0,0,0,0,0,0,3,11,0,2013,7,5,69
5835,1976,Phd,Divorced,14849.0,1,0,2013-07-02,39,21.0,2.0,28.0,3.0,2.0,9.0,3,2,0,4,8,0,0,0,0,0,0,3,11,0,2013,7,2,50
3896,1984,Graduation,Married,27255.0,1,0,2013-11-07,3,22.0,1.0,11.0,0.0,1.0,2.0,1,1,0,3,7,0,0,0,0,0,0,3,11,0,2013,11,7,42
10350,1950,Phd,Married,54432.0,2,1,2013-05-09,37,33.0,0.0,5.0,0.0,0.0,0.0,1,1,0,3,4,0,0,0,0,0,0,3,11,0,2013,5,9,76
7786,1986,Phd,Single,29999.0,1,0,2013-02-13,22,68.0,7.0,59.0,10.0,5.0,11.0,4,3,1,4,8,0,0,0,0,0,0,3,11,0,2013,2,13,40
2861,1983,Graduation,Single,24072.0,1,0,2013-04-16,79,9.0,1.0,6.0,3.0,0.0,4.0,1,1,0,2,8,0,0,0,0,0,0,3,11,0,2013,4,16,43
663,1989,Phd,Single,33996.0,0,0,2013-09-11,46,40.0,2.0,15.0,8.0,0.0,6.0,1,1,1,3,4,0,0,0,0,0,0,3,11,0,2013,9,11,37
10675,1956,Phd,Married,66334.0,0,1,2013-04-03,82,909.0,11.0,218.0,0.0,0.0,23.0,2,9,3,5,5,0,0,0,0,0,0,3,11,1,2013,4,3,70
2521,1971,Master,Married,35178.0,1,0,2013-01-10,10,23.0,1.0,13.0,2.0,2.0,18.0,1,1,1,2,7,1,0,0,0,0,0,3,11,1,2013,1,10,55
9592,1983,Graduation,Married,22010.0,1,0,2013-06-30,51,11.0,2.0,9.0,3.0,0.0,8.0,2,2,0,3,8,0,0,0,0,0,0,3,11,0,2013,6,30,43
10151,1960,Graduation,Divorced,62204.0,0,2,2012-09-12,38,317.0,46.0,247.0,120.5,46.0,126.5,1,4,5,12,3,0,0,0,0,0,0,3,11,0,2012,9,12,66
7381,1968,Graduation,Divorced,75693.0,0,0,2012-12-06,10,797.0,81.0,293.0,72.0,81.0,30.0,1,11,4,6,4,0,1,1,1,0,0,3,11,1,2012,12,6,58
4099,1972,Graduation,Married,30675.0,1,0,2012-11-12,14,10.0,2.0,16.0,11.0,2.0,21.0,1,1,0,3,8,0,0,0,0,0,0,3,11,0,2012,11,12,54
9560,1965,Graduation,Married,83003.0,0,0,2013-03-03,18,856.0,61.0,556.0,40.0,25.0,122.0,1,7,6,8,3,0,0,1,0,0,0,3,11,1,2013,3,3,61
10172,1988,Graduation,Single,68655.0,0,0,2012-08-10,95,456.0,19.0,556.0,75.0,81.0,38.0,1,4,5,11,3,0,0,0,0,0,0,3,11,0,2012,8,10,38
11191,1986,Graduation,Divorced,41411.0,0,0,2013-12-07,11,37.0,32.0,38.0,11.0,3.0,18.0,1,2,1,4,6,0,0,0,0,0,0,3,11,0,2013,12,7,40
9707,1969,Phd,Married,55212.0,0,1,2012-11-23,65,1103.0,0.0,45.0,0.0,0.0,34.0,3,4,2,11,8,0,1,0,0,1,0,3,11,0,2012,11,23,57
6245,1950,Phd,Married,59292.0,0,1,2013-06-13,71,378.0,14.0,68.0,19.0,14.0,14.0,2,3,5,8,3,0,0,0,0,0,0,3,11,0,2013,6,13,76
8234,1973,Basic,Married,27190.0,1,0,2013-08-15,13,1.0,6.0,7.0,0.0,1.0,3.0,1,1,0,2,8,1,0,0,0,0,0,3,11,1,2013,8,15,53
1411,1952,Graduation,Divorced,82623.0,0,0,2013-11-10,58,204.0,34.0,204.0,120.5,81.0,126.5,1,2,9,4,1,0,0,0,0,0,0,3,11,0,2013,11,10,74
8553,1965,Graduation,Married,44300.0,1,1,2013-06-23,65,30.0,0.0,9.0,0.0,0.0,3.0,2,1,0,3,6,0,0,0,0,0,0,3,11,0,2013,6,23,61
1826,1970,Graduation,Divorced,84835.0,0,0,2014-06-16,0,189.0,81.0,379.0,111.0,81.0,126.5,1,4,4,6,1,0,0,0,0,0,0,3,11,1,2014,6,16,56
8842,1971,Graduation,Widow,30372.0,1,1,2012-12-25,33,15.0,0.0,12.0,7.0,3.0,7.0,3,2,0,3,7,0,0,0,0,0,0,3,11,0,2012,12,25,55
11030,1976,Master,Married,33181.0,1,0,2014-01-03,90,9.0,0.0,3.0,0.0,0.0,4.0,1,1,0,2,6,1,0,0,0,0,0,3,11,0,2014,1,3,50
2579,1957,Graduation,Married,71113.0,0,1,2013-12-17,95,495.0,33.0,255.0,11.0,33.0,8.0,4,6,7,9,4,0,0,0,0,0,0,3,11,0,2013,12,17,69
175,1986,Graduation,Married,71952.0,1,0,2013-01-10,93,656.0,80.0,455.0,52.0,81.0,93.0,2,8,4,8,4,1,0,1,0,0,0,3,11,0,2013,1,10,40
9185,1966,Phd,Single,69759.0,0,0,2013-10-28,38,452.0,20.0,514.0,13.0,30.0,0.0,3,4,6,5,3,0,0,0,0,0,0,3,11,1,2013,10,28,60
11056,1974,Graduation,Married,72099.0,0,0,2012-10-27,18,546.0,81.0,410.0,119.0,0.0,22.0,1,3,4,10,1,0,0,0,0,0,0,3,11,0,2012,10,27,52
9365,1976,Phd,Single,60000.0,0,1,2012-12-22,57,1048.0,0.0,217.0,0.0,0.0,12.0,5,11,3,5,6,0,0,0,0,0,0,3,11,0,2012,12,22,50
6201,1978,Graduation,Single,38643.0,1,1,2013-11-29,45,22.0,2.0,14.0,0.0,1.0,10.0,2,2,0,3,7,0,0,0,0,0,1,3,11,0,2013,11,29,48
2061,1955,Graduation,Married,50737.0,0,1,2013-05-11,61,78.0,0.0,11.0,0.0,0.0,10.0,1,2,0,4,6,0,1,0,0,0,0,3,11,0,2013,5,11,71
6184,1969,Phd,Married,68462.0,0,0,2012-12-12,6,561.0,64.0,556.0,84.0,81.0,48.0,1,3,3,8,1,0,0,0,0,0,0,3,11,0,2012,12,12,57
6142,1943,Master,Married,65073.0,0,0,2013-08-20,65,629.0,17.0,177.0,69.0,0.0,8.0,1,5,3,5,2,0,0,0,0,0,1,3,11,0,2013,8,20,83
4107,1948,Phd,Married,46681.0,0,2,2013-10-08,52,269.0,15.0,69.0,15.0,19.0,38.0,2,4,6,4,5,0,0,0,0,0,0,3,11,0,2013,10,8,78
7274,1957,Graduation,Married,78618.0,0,0,2012-09-28,87,736.0,81.0,556.0,120.5,81.0,61.0,1,4,7,10,2,0,1,0,0,0,0,3,11,0,2012,9,28,69
9336,1969,Phd,Widow,62187.0,0,1,2014-03-22,38,512.0,0.0,83.0,0.0,0.0,41.0,3,6,2,10,4,0,0,0,0,0,0,3,11,0,2014,3,22,57
2958,1978,Graduation,Married,28442.0,2,0,2014-02-24,53,19.0,3.0,10.0,11.0,8.0,6.0,3,2,1,4,4,0,0,0,0,0,0,3,11,0,2014,2,24,48
933,1978,Phd,Married,37717.0,1,0,2012-11-23,31,9.0,0.0,6.0,4.0,1.0,5.0,1,1,0,2,9,0,0,0,0,0,0,3,11,0,2012,11,23,48
5837,1967,Graduation,Married,51479.0,1,1,2012-12-28,67,247.0,8.0,160.0,6.0,8.0,65.0,7,6,3,6,7,0,0,0,0,0,0,3,11,0,2012,12,28,59
10704,1969,Graduation,Single,54803.0,0,1,2012-08-21,65,404.0,0.0,92.0,28.0,27.0,126.5,2,6,2,9,4,0,0,0,0,0,0,3,11,0,2012,8,21,57
5125,1960,Graduation,Married,79530.0,0,0,2013-05-17,64,333.0,0.0,556.0,120.5,42.0,29.0,1,4,10,11,2,0,0,0,0,0,0,3,11,0,2013,5,17,66
4432,1976,Graduation,Divorced,31615.0,1,0,2013-03-16,82,2.0,3.0,20.0,6.0,11.0,9.0,2,2,0,3,7,0,0,0,0,0,0,3,11,0,2013,3,16,50
5955,1962,Graduation,Married,72025.0,0,0,2012-11-17,27,833.0,33.0,549.0,120.5,81.0,126.5,1,4,3,8,3,0,0,0,0,0,0,3,11,0,2012,11,17,64
2928,1975,Phd,Single,52614.0,0,1,2012-12-01,63,789.0,0.0,142.0,12.0,9.0,38.0,2,2,4,8,8,0,0,0,0,0,0,3,11,0,2012,12,1,51
5680,1984,2N Cycle,Married,35684.0,1,0,2014-04-22,66,10.0,4.0,7.0,0.0,6.0,3.0,1,1,0,3,6,0,0,0,0,0,0,3,11,0,2014,4,22,42
10313,1975,Graduation,Married,48178.0,1,1,2012-10-28,69,159.0,4.0,45.0,6.0,2.0,38.0,6,5,1,4,8,0,0,0,0,0,0,3,11,0,2012,10,28,51
2557,1970,Master,Single,29548.0,1,0,2013-08-29,52,7.0,1.0,6.0,3.0,1.0,11.0,1,1,1,2,4,1,0,0,0,0,0,3,11,0,2013,8,29,56
1245,1966,Graduation,Single,63810.0,0,1,2012-11-11,45,977.0,12.0,253.0,16.0,12.0,101.0,4,4,3,12,8,0,1,0,0,0,0,3,11,0,2012,11,11,60
1519,1972,Phd,Single,38578.0,1,1,2013-06-22,2,38.0,4.0,22.0,3.0,3.0,3.0,3,3,0,3,8,0,0,0,0,0,0,3,11,1,2013,6,22,54
10703,1975,Master,Single,46098.0,1,1,2012-08-18,86,57.0,0.0,27.0,0.0,0.0,36.0,4,3,2,2,8,0,0,0,0,0,0,3,11,0,2012,8,18,51
1726,1970,Graduation,Single,22585.0,0,0,2013-03-18,23,3.0,9.0,15.0,13.0,2.0,39.0,1,1,1,2,9,1,0,0,0,0,0,3,11,1,2013,3,18,56
4459,1989,Graduation,Single,30279.0,1,0,2012-12-30,13,10.0,4.0,14.0,4.0,4.0,1.0,1,1,0,3,8,0,0,0,0,0,0,3,11,0,2012,12,30,37
1729,1961,Phd,Married,66426.0,0,1,2013-10-02,14,1043.0,24.0,97.0,32.0,24.0,126.5,2,3,5,10,6,0,0,0,0,0,0,3,11,0,2013,10,2,65
1517,1969,Graduation,Single,30822.0,1,0,2013-06-14,92,3.0,9.0,13.0,2.0,12.0,12.0,1,1,0,3,7,0,0,0,0,0,0,3,11,0,2013,6,14,57
2098,1969,Phd,Married,33581.0,2,0,2013-01-08,38,11.0,0.0,5.0,0.0,0.0,1.0,1,1,0,2,8,0,0,0,0,0,0,3,11,0,2013,1,8,57
9543,1985,Graduation,Married,19986.0,1,0,2013-11-14,74,3.0,6.0,5.0,0.0,2.0,6.0,1,0,0,3,7,0,0,0,0,0,0,3,11,0,2013,11,14,41
6878,1954,Graduation,Widow,27421.0,0,0,2012-12-12,14,43.0,12.0,96.0,78.0,40.0,55.0,3,4,1,6,7,0,0,0,0,0,0,3,11,0,2012,12,12,72
3310,1973,2N Cycle,Married,35688.0,2,1,2012-08-22,94,73.0,3.0,90.0,12.0,1.0,32.0,7,4,1,4,8,0,0,0,0,0,0,3,11,0,2012,8,22,53
2724,1981,Master,Single,36143.0,1,0,2014-03-30,33,12.0,0.0,1.0,0.0,0.0,6.0,1,0,1,2,3,0,0,0,0,0,0,3,11,0,2014,3,30,45
948,1971,Graduation,Single,10245.0,1,0,2013-05-15,32,4.0,7.0,7.0,6.0,4.0,13.0,3,1,2,2,5,0,0,0,0,0,0,3,11,0,2013,5,15,55
6720,1968,Master,Married,43795.0,0,1,2013-10-16,11,314.0,11.0,53.0,4.0,3.0,107.0,3,7,3,4,7,0,1,0,0,0,0,3,11,1,2013,10,16,58
6202,1960,Graduation,Married,63381.0,0,1,2012-10-05,78,571.0,50.0,142.0,33.0,50.0,126.5,4,4,5,13,2,0,0,0,0,0,0,3,11,0,2012,10,5,66
2066,1949,Graduation,Married,38823.0,0,1,2012-08-30,56,70.0,0.0,11.0,2.0,8.0,23.0,1,2,1,3,6,0,0,0,0,0,0,3,11,0,2012,8,30,77
9799,1968,Phd,Divorced,83664.0,1,1,2013-05-08,57,866.0,21.0,151.0,28.0,21.0,86.0,3,2,2,12,5,0,0,0,0,0,0,3,11,0,2013,5,8,58
8318,1979,Graduation,Married,90300.0,0,0,2014-01-03,7,594.0,81.0,556.0,33.0,81.0,57.0,0,5,6,8,1,0,0,1,0,0,0,3,11,0,2014,1,3,47
5642,1979,Master,Married,62499.0,1,0,2013-12-09,0,140.0,4.0,61.0,0.0,13.0,4.0,2,3,1,6,4,0,0,0,0,0,0,3,11,0,2013,12,9,47
2669,1993,Graduation,Single,74293.0,0,0,2014-05-04,66,375.0,81.0,335.0,93.0,81.0,81.0,1,5,4,6,2,0,0,0,0,0,0,3,11,0,2014,5,4,33
455,1946,Phd,Married,51012.0,0,0,2013-04-18,86,102.0,9.0,63.0,2.0,9.0,24.0,1,4,1,4,6,0,0,0,0,0,0,3,11,0,2013,4,18,80
7683,1968,Master,Married,70777.0,0,1,2014-02-25,80,554.0,35.0,113.0,0.0,7.0,78.0,3,5,3,12,3,0,0,0,0,0,0,3,11,0,2014,2,25,58
3428,1991,Phd,Married,68682.0,0,0,2013-10-06,56,919.0,0.0,505.0,99.0,30.0,45.0,1,4,9,10,2,0,0,0,0,0,0,3,11,0,2013,10,6,35
7414,1971,Graduation,Married,43824.0,1,1,2012-09-15,18,96.0,1.0,42.0,12.0,3.0,32.0,4,3,1,4,8,0,0,0,0,0,0,3,11,0,2012,9,15,55
6354,1984,Graduation,Married,15345.0,1,0,2012-08-31,51,5.0,2.0,16.0,3.0,2.0,19.0,2,1,1,2,8,0,0,0,0,0,0,3,11,1,2012,8,31,42
798,1987,Graduation,Single,23442.0,1,0,2012-12-24,71,2.0,0.0,6.0,8.0,6.0,5.0,1,1,0,3,7,0,0,0,0,0,0,3,11,0,2012,12,24,39
8213,1980,2N Cycle,Married,14515.0,1,0,2012-11-09,71,6.0,4.0,9.0,6.0,36.0,35.0,4,2,2,3,7,0,0,0,0,0,0,3,11,1,2012,11,9,46
2488,1956,2N Cycle,Divorced,31395.0,1,1,2013-03-23,80,23.0,1.0,25.0,0.0,8.0,7.0,4,2,1,3,6,0,0,0,0,0,0,3,11,0,2013,3,23,70
9999,1965,Graduation,Married,75276.0,0,0,2012-09-27,2,610.0,81.0,125.0,120.5,42.0,21.0,1,9,4,9,5,0,0,0,0,0,0,3,11,0,2012,9,27,61
7617,1974,Graduation,Single,42373.0,1,1,2013-08-15,83,67.0,5.0,61.0,3.0,8.0,19.0,5,2,1,5,5,0,0,0,0,0,0,3,11,0,2013,8,15,52
615,1960,Graduation,Married,30507.0,0,0,2013-03-11,29,65.0,36.0,74.0,38.0,20.0,110.0,1,5,1,4,7,0,0,0,0,0,0,3,11,0,2013,3,11,66
2552,1955,Phd,Single,55521.0,1,2,2013-10-22,11,416.0,0.0,26.0,0.0,0.0,4.0,9,6,3,6,7,0,1,0,0,0,0,3,11,1,2013,10,22,71
194,1965,Graduation,Married,48006.0,1,1,2014-06-09,55,23.0,0.0,11.0,3.0,2.0,2.0,1,1,0,3,6,0,0,0,0,0,0,3,11,0,2014,6,9,61
3645,1972,Phd,Single,27213.0,1,0,2012-08-30,19,19.0,3.0,26.0,10.0,9.0,3.0,3,2,0,4,8,0,0,0,0,0,0,3,11,1,2012,8,30,54
8890,1971,Phd,Divorced,65808.0,1,1,2014-05-30,1,155.0,7.0,80.0,13.0,7.0,10.0,3,5,1,5,6,0,0,0,0,0,0,3,11,0,2014,5,30,55
5049,1974,Phd,Married,30351.0,1,0,2013-06-06,19,14.0,0.0,24.0,3.0,3.0,2.0,1,3,0,2,9,0,0,0,0,0,0,3,11,0,2013,6,6,52
9973,1963,Graduation,Married,50437.0,0,2,2012-10-17,28,370.0,9.0,92.0,6.0,9.0,4.0,3,7,1,8,7,0,0,0,0,0,0,3,11,0,2012,10,17,63
7301,1982,2N Cycle,Single,23616.0,1,0,2012-11-17,76,4.0,22.0,11.0,3.0,7.0,32.0,2,3,0,3,8,0,0,0,0,0,0,3,11,1,2012,11,17,44
10882,1976,Graduation,Married,53858.0,0,1,2012-11-09,50,407.0,53.0,221.0,58.0,81.0,26.0,4,4,3,6,4,0,0,0,0,0,0,3,11,0,2012,11,9,50
7030,1955,Phd,Married,66465.0,0,1,2013-03-30,1,1200.0,0.0,204.0,38.0,29.0,14.0,3,11,9,12,6,0,0,0,1,0,0,3,11,0,2013,3,30,71
7422,1987,Graduation,Single,46923.0,1,0,2012-08-22,90,85.0,44.0,54.0,102.0,78.0,6.0,3,5,1,7,7,0,0,0,0,0,0,3,11,0,2012,8,22,39
3523,1962,Graduation,Married,75072.0,0,1,2013-01-23,83,583.0,34.0,309.0,0.0,22.0,125.0,2,5,4,8,3,0,0,0,0,0,0,3,11,0,2013,1,23,64
7106,1943,Phd,Married,75865.0,0,0,2014-03-31,73,483.0,0.0,556.0,120.5,0.0,12.0,1,3,5,10,1,0,0,0,0,0,0,3,11,0,2014,3,31,83
6504,1975,2N Cycle,Married,19789.0,1,0,2013-11-20,24,2.0,5.0,9.0,28.0,6.0,28.0,3,2,1,3,5,1,0,0,0,0,0,3,11,0,2013,11,20,51
5067,1994,Graduation,Married,80134.0,0,0,2014-02-14,11,966.0,26.0,282.0,52.0,26.0,26.0,1,2,7,11,5,0,1,1,1,1,0,3,11,0,2014,2,14,32
4216,1981,Graduation,Single,91065.0,0,0,2013-02-22,33,822.0,81.0,108.0,120.5,81.0,114.0,1,7,9,9,3,0,0,1,1,0,0,3,11,1,2013,2,22,45
8581,1971,Master,Married,49505.0,1,1,2013-03-05,4,604.0,0.0,100.0,19.0,0.0,28.0,9,10,2,8,8,0,0,0,0,0,0,3,11,0,2013,3,5,55
5929,1973,Phd,Married,37401.0,1,0,2014-05-06,14,19.0,3.0,19.0,3.0,1.0,3.0,2,2,0,3,7,0,0,0,0,0,0,3,11,0,2014,5,6,53
3129,1983,Graduation,Married,30096.0,1,0,2014-05-22,30,5.0,3.0,11.0,12.0,5.0,9.0,1,2,0,3,6,0,0,0,0,0,0,3,11,0,2014,5,22,43
6528,1982,Master,Married,18492.0,1,0,2014-06-05,75,2.0,2.0,2.0,2.0,1.0,1.0,1,1,0,2,8,0,0,0,0,0,0,3,11,0,2014,6,5,44
1361,1974,Master,Married,82584.0,0,0,2013-06-04,26,1076.0,68.0,103.0,29.0,81.0,68.0,1,3,4,8,1,0,1,1,0,0,0,3,11,1,2013,6,4,52
6932,1941,Phd,Married,93027.0,0,0,2013-04-13,77,1224.0,42.0,556.0,55.0,0.0,21.0,0,7,10,5,2,0,0,1,0,0,0,3,11,0,2013,4,13,85
7284,1953,Graduation,Married,48686.0,1,2,2013-12-04,8,10.0,0.0,7.0,2.0,0.0,1.0,1,1,0,2,8,0,0,0,0,0,0,3,11,0,2013,12,4,73
1340,1986,Graduation,Married,92910.0,0,0,2014-04-24,42,551.0,81.0,556.0,120.5,81.0,33.0,1,6,7,13,1,0,1,1,1,0,0,3,11,0,2014,4,24,40
8746,1989,Graduation,Married,75433.0,1,0,2014-04-05,28,800.0,0.0,297.0,0.0,34.0,57.0,2,2,5,10,6,0,1,0,1,0,0,3,11,0,2014,4,5,37
5987,1989,2N Cycle,Married,10404.0,1,0,2014-05-04,52,2.0,2.0,11.0,10.0,6.0,12.0,2,1,0,4,5,0,0,0,0,0,0,3,11,0,2014,5,4,37
3767,1968,Graduation,Married,61314.0,0,1,2013-04-25,1,378.0,0.0,189.0,97.0,81.0,126.5,2,5,5,12,3,0,0,0,0,0,0,3,11,0,2013,4,25,58
3725,1961,Phd,Single,84865.0,0,0,2013-05-09,1,1224.0,16.0,349.0,43.0,16.0,16.0,1,2,4,9,4,0,1,1,1,1,0,3,11,1,2013,5,9,65
4324,1989,Graduation,Married,42387.0,1,0,2012-10-29,42,235.0,0.0,235.0,19.0,4.0,126.5,5,8,1,7,8,0,0,0,0,0,0,3,11,0,2012,10,29,37
238,1967,2N Cycle,Married,67309.0,1,1,2013-01-23,76,515.0,47.0,181.0,120.5,81.0,95.0,15,9,6,9,7,0,0,0,0,0,0,3,11,0,2013,1,23,59
6694,1964,Graduation,Married,75236.0,0,1,2013-11-25,27,438.0,66.0,400.0,12.0,38.0,114.0,1,8,3,13,4,0,0,0,0,0,0,3,11,0,2013,11,25,62
498,1970,Graduation,Single,30015.0,1,0,2014-02-02,28,25.0,0.0,22.0,2.0,3.0,5.0,2,1,0,4,5,0,0,0,0,0,0,3,11,0,2014,2,2,56
9347,1956,Master,Married,50943.0,0,1,2013-06-21,49,31.0,0.0,7.0,2.0,0.0,6.0,1,1,0,3,5,0,0,0,0,0,0,3,11,0,2013,6,21,70
9699,1966,Graduation,Divorced,67272.0,0,1,2013-12-21,12,357.0,35.0,271.0,28.0,28.0,14.0,3,6,2,12,5,0,0,0,0,0,0,3,11,0,2013,12,21,60
10664,1949,Master,Widow,51529.0,0,1,2013-09-07,14,400.0,4.0,35.0,6.0,0.0,22.0,2,9,1,5,8,0,0,0,0,0,0,3,11,0,2013,9,7,77
5455,1971,Phd,Married,32011.0,1,0,2013-08-22,89,99.0,0.0,15.0,2.0,1.0,5.0,3,2,1,4,7,0,0,0,0,0,0,3,11,0,2013,8,22,55
456,1986,2N Cycle,Married,7500.0,1,0,2013-02-07,96,1.0,11.0,5.0,4.0,6.0,9.0,2,2,0,3,8,0,0,0,0,0,0,3,11,0,2013,2,7,40
5012,1989,Graduation,Married,28691.0,1,0,2013-07-04,56,5.0,4.0,13.0,8.0,0.0,4.0,1,1,0,3,8,0,0,0,0,0,0,3,11,0,2013,7,4,37
7495,1948,Phd,Married,56223.0,0,1,2013-12-20,72,77.0,28.0,31.0,16.0,0.0,4.0,2,2,1,5,4,0,0,0,0,0,0,3,11,0,2013,12,20,78
5029,1946,Graduation,Married,18100.0,0,0,2013-08-06,14,3.0,1.0,2.0,4.0,3.0,1.0,1,0,0,3,5,0,0,0,0,0,0,3,11,0,2013,8,6,80
10642,1989,Graduation,Single,30279.0,1,0,2012-12-30,13,10.0,4.0,14.0,4.0,4.0,1.0,1,1,0,3,8,0,0,0,0,0,0,3,11,0,2012,12,30,37
2106,1974,2N Cycle,Married,20130.0,0,0,2014-03-17,99,0.0,6.0,3.0,7.0,6.0,12.0,1,1,0,3,8,0,0,0,0,0,0,3,11,0,2014,3,17,52
10364,1959,Graduation,Divorced,23295.0,0,0,2013-07-13,72,0.0,0.0,1.0,2.0,12.0,5.0,1,1,0,2,8,0,0,0,0,0,0,3,11,0,2013,7,13,67
5954,1972,Master,Divorced,42618.0,1,0,2013-10-09,92,76.0,14.0,74.0,13.0,5.0,10.0,2,5,0,4,8,0,0,0,0,0,0,3,11,0,2013,10,9,54
1137,1964,Graduation,Single,81246.0,0,0,2013-12-29,87,398.0,81.0,537.0,61.0,81.0,37.0,1,4,5,7,1,1,0,0,1,0,0,3,11,0,2013,12,29,62
2541,1976,Graduation,Married,24027.0,1,0,2013-06-09,7,14.0,7.0,11.0,11.0,0.0,5.0,2,2,0,3,8,0,0,0,0,0,0,3,11,0,2013,6,9,50
1142,1953,Phd,Married,55707.0,0,1,2013-12-22,91,208.0,7.0,82.0,30.0,66.0,35.0,2,3,2,9,3,0,0,0,0,0,0,3,11,0,2013,12,22,73
2276,1955,Graduation,Single,57959.0,0,1,2013-05-02,71,430.0,16.0,322.0,43.0,24.0,33.0,5,4,7,11,3,0,0,0,0,0,0,3,11,0,2013,5,2,71
2807,1969,Graduation,Married,56796.0,0,1,2013-02-16,24,656.0,38.0,161.0,62.0,47.0,37.0,3,8,9,7,7,0,0,0,0,0,0,3,11,0,2013,2,16,57
6471,1971,Master,Single,36230.0,1,0,2013-10-17,17,14.0,2.0,30.0,8.0,2.0,3.0,1,2,0,4,5,0,0,0,0,0,0,3,11,0,2013,10,17,55
6131,1980,2N Cycle,Married,70829.0,1,1,2013-12-01,87,141.0,70.0,106.0,72.0,19.0,23.0,2,4,2,8,3,0,0,0,0,0,0,3,11,0,2013,12,1,46
6233,1976,Graduation,Married,65991.0,0,1,2012-09-07,21,507.0,19.0,364.0,25.0,47.0,9.0,3,9,5,10,7,0,0,0,0,0,0,3,11,0,2012,9,7,50
4148,1972,Graduation,Married,38988.0,1,2,2012-08-20,90,164.0,24.0,103.0,12.0,3.0,42.0,7,5,1,6,8,0,0,0,0,0,0,3,11,0,2012,8,20,54
4947,1966,2N Cycle,Single,89572.0,0,0,2012-09-15,44,606.0,24.0,556.0,120.5,81.0,64.0,1,7,7,9,4,0,1,0,1,0,0,3,11,1,2012,9,15,60
3225,1984,Master,Married,42207.0,1,0,2013-04-01,71,116.0,11.0,72.0,3.0,17.0,46.0,4,4,1,5,6,1,0,0,0,0,0,3,11,1,2013,4,1,42
7540,1952,Graduation,Married,50300.0,0,1,2014-05-25,52,143.0,15.0,60.0,24.0,23.0,5.0,2,2,1,8,2,0,0,0,0,0,0,3,11,0,2014,5,25,74
10648,1982,2N Cycle,Married,66664.0,0,0,2012-09-25,78,398.0,81.0,447.0,120.5,81.0,32.0,1,5,7,6,3,0,0,0,0,0,0,3,11,0,2012,9,25,44
1992,1964,Graduation,Married,60597.0,0,1,2014-01-01,2,522.0,0.0,257.0,32.0,16.0,66.0,4,2,2,8,7,0,0,0,1,0,0,3,11,1,2014,1,1,62
7851,1949,Graduation,Widow,70165.0,0,0,2013-09-22,60,161.0,0.0,253.0,120.5,81.0,122.0,1,3,7,11,1,0,0,0,0,0,0,3,11,0,2013,9,22,77
8594,1958,Phd,Widow,50520.0,0,1,2014-01-28,25,112.0,0.0,6.0,2.0,1.0,14.0,2,3,1,3,6,0,0,0,0,0,0,3,11,0,2014,1,28,68
7059,1963,Graduation,Married,80124.0,0,0,2014-06-26,47,483.0,81.0,398.0,120.5,81.0,126.5,1,3,7,8,1,1,0,0,0,0,0,3,11,0,2014,6,26,63
2815,1975,Graduation,Married,33183.0,1,0,2014-02-24,46,7.0,5.0,39.0,17.0,15.0,37.0,2,4,0,3,7,0,0,0,0,0,0,3,11,0,2014,2,24,51
2416,1969,Phd,Single,66582.0,0,0,2014-03-03,83,789.0,25.0,420.0,16.0,38.0,0.0,1,2,8,9,1,0,0,0,0,0,0,3,11,0,2014,3,3,57
7999,1955,Phd,Married,75261.0,0,0,2013-04-23,17,1224.0,17.0,413.0,23.0,34.0,17.0,1,5,6,5,2,0,1,1,0,0,0,3,11,1,2013,4,23,71
9213,1970,Graduation,Widow,31880.0,1,0,2012-10-31,13,4.0,1.0,5.0,2.0,0.0,3.0,1,1,0,2,8,0,0,0,0,0,0,3,11,0,2012,10,31,56
9697,1951,Graduation,Married,53790.0,0,2,2014-03-06,86,335.0,42.0,127.0,28.0,5.0,5.0,3,7,2,8,6,0,0,0,0,0,0,3,11,0,2014,3,6,75
3916,1971,Phd,Married,49269.0,1,0,2012-08-15,92,639.0,8.0,166.0,11.0,8.0,58.0,3,7,3,12,7,0,0,0,0,0,0,3,11,0,2012,8,15,55
2021,1975,Graduation,Married,61456.0,0,1,2013-03-27,47,563.0,76.0,384.0,84.0,81.0,89.0,4,6,10,13,4,0,0,0,0,0,0,3,11,0,2013,3,27,51
1581,1980,Graduation,Married,37406.0,1,0,2013-10-10,18,2.0,0.0,8.0,2.0,2.0,3.0,1,1,0,2,8,0,0,0,0,0,0,3,11,1,2013,10,10,46
564,1981,Phd,Married,56937.0,1,0,2012-08-04,81,746.0,8.0,125.0,11.0,8.0,8.0,7,8,6,9,6,0,1,0,0,0,0,3,11,1,2012,8,4,45
6619,1978,Graduation,Married,38415.0,1,1,2013-01-02,91,22.0,1.0,13.0,4.0,0.0,4.0,2,1,0,3,7,0,0,0,0,0,0,3,11,0,2013,1,2,48
9081,1988,Graduation,Single,20518.0,1,0,2014-05-18,58,4.0,1.0,6.0,4.0,1.0,9.0,1,1,1,2,5,0,0,0,0,0,0,3,11,0,2014,5,18,38
178,1956,Graduation,Married,62503.0,0,1,2013-02-18,40,478.0,0.0,193.0,110.0,75.0,117.0,4,8,3,11,5,0,0,0,0,0,0,3,11,0,2013,2,18,70
916,1972,Phd,Single,41644.0,1,1,2014-05-09,67,20.0,3.0,4.0,2.0,0.0,2.0,2,1,0,3,3,0,0,0,0,0,0,3,11,0,2014,5,9,54
5512,1977,Master,Married,55842.0,0,1,2014-05-23,19,451.0,0.0,39.0,0.0,4.0,24.0,1,7,1,8,5,0,0,0,0,0,0,3,11,0,2014,5,23,49
8970,1972,Phd,Married,62010.0,0,1,2012-10-23,93,371.0,22.0,39.0,6.0,0.0,92.0,4,6,2,7,5,0,0,0,0,0,0,3,11,0,2012,10,23,54
10581,1977,Graduation,Married,41124.0,1,0,2012-10-31,41,281.0,7.0,84.0,15.0,0.0,119.0,7,7,3,4,8,0,0,0,0,0,0,3,11,0,2012,10,31,49
5300,1973,Master,Married,38961.0,1,0,2013-12-30,60,19.0,7.0,19.0,0.0,1.0,24.0,1,2,1,2,7,0,0,0,0,0,0,3,11,0,2013,12,30,53
5154,1972,Master,Divorced,37760.0,1,0,2013-08-11,54,26.0,3.0,13.0,2.0,10.0,0.0,1,2,0,3,6,0,0,0,0,0,0,3,11,0,2013,8,11,54
8346,1974,Graduation,Single,32233.0,1,0,2012-08-19,26,138.0,15.0,35.0,25.0,11.0,72.0,2,6,2,2,9,1,0,0,0,0,0,3,11,1,2012,8,19,52
1676,1975,Graduation,Married,43057.0,0,1,2013-10-30,30,213.0,2.0,44.0,0.0,2.0,5.0,4,4,2,5,5,0,0,0,0,0,0,3,11,0,2013,10,30,51
9286,1960,Master,Married,83151.0,0,0,2012-10-10,93,407.0,28.0,100.0,120.0,74.0,18.0,1,5,9,4,3,0,0,0,0,0,0,3,11,0,2012,10,10,66
2426,1964,Phd,Divorced,78825.0,0,0,2012-09-14,35,483.0,74.0,114.0,120.5,37.0,18.0,1,5,10,13,3,0,0,0,0,0,0,3,11,1,2012,9,14,62
5172,1976,Master,Married,65104.0,0,1,2013-11-14,4,738.0,0.0,232.0,13.0,20.0,50.0,2,3,5,7,7,0,0,0,0,0,0,3,11,0,2013,11,14,50
5562,1974,Graduation,Married,60093.0,0,1,2013-06-26,92,502.0,12.0,109.0,16.0,6.0,90.0,2,7,2,10,6,0,0,0,0,0,0,3,11,0,2013,6,26,52
3436,1969,Graduation,Married,14045.0,1,0,2014-01-26,24,11.0,0.0,5.0,2.0,1.0,1.0,1,1,0,3,7,0,0,0,0,0,0,3,11,0,2014,1,26,57
3921,1952,2N Cycle,Widow,28457.0,0,0,2012-10-28,96,24.0,1.0,108.0,29.0,29.0,14.0,1,4,1,4,8,0,0,0,0,0,0,3,11,0,2012,10,28,74
3403,1958,Phd,Married,78952.0,0,1,2012-09-24,11,1170.0,19.0,556.0,99.0,76.0,126.5,2,2,5,12,6,0,0,0,0,0,0,3,11,0,2012,9,24,68
22,1976,Graduation,Divorced,46310.0,1,0,2012-12-03,99,185.0,2.0,88.0,15.0,5.0,14.0,2,6,1,5,8,0,0,0,0,0,0,3,11,0,2012,12,3,50
10965,1955,Graduation,Married,76005.0,0,0,2013-02-22,72,983.0,20.0,389.0,120.5,50.0,40.0,1,3,5,13,6,0,0,0,1,0,0,3,11,0,2013,2,22,71
9426,1964,Master,Single,58308.0,0,1,2013-01-12,77,691.0,0.0,69.0,10.0,0.0,126.5,4,2,6,3,8,0,0,0,0,0,0,3,11,0,2013,1,12,62
6605,1944,Phd,Divorced,55614.0,0,0,2013-11-27,85,504.0,13.0,131.0,8.0,0.0,26.0,1,9,4,6,7,0,1,0,0,0,0,3,11,0,2013,11,27,82
3136,1962,Master,Divorced,59432.0,0,1,2013-04-13,88,317.0,25.0,265.0,25.0,19.0,12.0,3,5,3,11,5,0,0,0,0,0,0,3,11,0,2013,4,13,64
8737,1978,Graduation,Divorced,55563.0,0,1,2014-04-05,22,29.0,1.0,9.0,2.0,0.0,2.0,1,2,0,3,3,0,0,0,0,0,0,3,11,0,2014,4,5,48
11088,1971,Phd,Married,78642.0,0,1,2013-04-21,83,1224.0,0.0,322.0,46.0,35.0,17.0,1,4,9,4,6,0,0,0,0,0,0,3,11,0,2013,4,21,55
716,1949,Phd,Married,67911.0,0,1,2014-05-22,63,529.0,0.0,356.0,63.0,28.0,0.0,3,6,7,11,3,0,0,0,0,0,0,3,11,0,2014,5,22,77
466,1944,Graduation,Married,65275.0,0,0,2013-04-03,9,388.0,14.0,218.0,91.0,14.0,21.0,1,4,3,13,2,0,0,0,0,0,0,3,11,0,2013,4,3,82
9135,1950,Graduation,Married,27203.0,1,1,2012-08-06,92,13.0,2.0,21.0,4.0,0.0,24.0,2,1,1,2,8,0,0,0,0,0,0,3,11,0,2012,8,6,76
10623,1961,Master,Married,48330.0,0,1,2013-11-15,2,28.0,0.0,4.0,0.0,0.0,0.0,1,1,0,3,5,0,0,0,0,0,0,3,11,0,2013,11,15,65
8151,1990,Basic,Married,24279.0,0,0,2012-12-29,6,16.0,36.0,21.0,20.0,62.0,108.0,1,4,1,3,8,0,0,0,0,0,0,3,11,0,2012,12,29,36
5140,1985,Phd,Married,64355.0,1,0,2012-08-24,66,1047.0,0.0,140.0,67.0,38.0,126.5,2,4,3,12,8,0,0,0,0,0,0,3,11,0,2012,8,24,41
10160,1956,Master,Married,50943.0,0,1,2013-06-21,49,31.0,0.0,7.0,2.0,0.0,6.0,1,1,0,3,5,0,0,0,0,0,0,3,11,0,2013,6,21,70
4945,1953,Graduation,Widow,53653.0,0,0,2012-11-07,29,815.0,10.0,239.0,28.0,10.0,108.0,2,10,4,12,6,0,0,0,0,0,0,3,11,0,2012,11,7,73
10584,1976,Graduation,Married,65665.0,0,1,2013-12-02,77,225.0,81.0,387.0,106.0,36.0,29.0,1,5,10,8,3,0,0,0,0,0,0,3,11,0,2013,12,2,50
6071,1989,Graduation,Single,81217.0,0,0,2013-07-19,77,493.0,70.0,324.0,120.5,40.0,84.0,1,3,7,11,1,0,0,0,0,0,0,3,11,0,2013,7,19,37
3386,1992,Graduation,Married,34935.0,0,0,2013-06-21,71,34.0,4.0,66.0,3.0,10.0,20.0,1,2,1,4,7,0,0,0,0,0,0,3,11,0,2013,6,21,34
8939,1959,Graduation,Divorced,61250.0,0,1,2012-12-16,49,382.0,81.0,65.0,60.0,26.0,59.0,6,5,2,12,5,0,0,0,0,0,0,3,11,0,2012,12,16,67
9925,1981,Phd,Married,39665.0,1,0,2013-05-25,97,127.0,1.0,56.0,0.0,1.0,31.0,3,4,2,3,7,1,0,0,0,0,0,3,11,0,2013,5,25,45
4320,1979,Graduation,Single,60152.0,0,1,2013-03-28,6,325.0,81.0,300.0,86.0,58.0,91.0,1,6,4,12,3,0,0,0,0,0,0,3,11,0,2013,3,28,47
5389,1964,Graduation,Married,48920.0,0,2,2013-10-20,93,238.0,17.0,68.0,8.0,10.0,6.0,3,6,2,5,7,0,1,0,0,0,0,3,11,0,2013,10,20,62
6036,1959,Master,Married,89120.0,0,0,2014-03-17,78,1168.0,81.0,408.0,72.0,81.0,55.0,1,5,6,7,1,0,0,1,0,0,0,3,11,0,2014,3,17,67
182,1946,Phd,Married,44124.0,0,1,2013-05-11,62,284.0,0.0,55.0,0.0,6.0,52.0,4,6,2,5,8,0,0,0,0,0,0,3,11,0,2013,5,11,80
203,1975,Master,Single,81169.0,0,0,2013-04-14,47,1224.0,20.0,556.0,80.0,61.0,27.0,1,5,7,9,2,0,0,0,0,0,0,3,11,0,2013,4,14,51
11025,1961,Graduation,Married,36443.0,1,1,2013-02-03,9,65.0,0.0,46.0,4.0,3.0,20.0,4,3,1,3,8,0,0,0,0,0,0,3,11,0,2013,2,3,65
10203,1990,Graduation,Single,26095.0,1,0,2013-06-30,77,11.0,7.0,9.0,3.0,1.0,11.0,1,1,0,3,7,0,0,0,0,0,0,3,11,0,2013,6,30,36
4607,1959,Graduation,Married,71367.0,0,0,2013-08-23,24,227.0,23.0,389.0,42.0,21.0,75.0,1,4,5,7,2,0,0,0,0,0,0,3,11,0,2013,8,23,67
3711,1944,Master,Married,80184.0,0,0,2014-03-01,19,1035.0,81.0,556.0,25.0,38.0,0.0,1,6,3,10,3,0,0,1,1,0,0,3,11,0,2014,3,1,82
3696,1965,Graduation,Divorced,30630.0,1,1,2014-01-27,67,27.0,1.0,12.0,2.0,0.0,10.0,2,2,0,3,7,0,0,0,0,0,0,3,11,0,2014,1,27,61
2532,1987,Master,Single,73454.0,0,0,2014-03-01,95,982.0,73.0,351.0,56.0,14.0,126.5,1,2,4,6,5,1,0,0,0,0,0,3,11,0,2014,3,1,39
9214,1991,Graduation,Married,42691.0,0,0,2013-08-16,48,179.0,2.0,64.0,38.0,17.0,58.0,1,5,1,6,5,0,0,0,0,0,0,3,11,0,2013,8,16,35
4943,1953,Graduation,Married,70503.0,0,0,2012-09-30,73,1224.0,33.0,216.0,0.0,33.0,66.0,1,2,4,9,6,0,1,1,0,0,0,3,11,0,2012,9,30,73
35,1987,Graduation,Married,25545.0,1,0,2012-09-08,35,32.0,1.0,64.0,16.0,12.0,85.0,3,2,2,3,6,0,0,0,0,0,0,3,11,1,2012,9,8,39
2258,1986,Graduation,Married,32880.0,1,0,2012-12-04,76,8.0,4.0,15.0,7.0,6.0,2.0,1,1,0,3,8,0,0,0,0,0,0,3,11,0,2012,12,4,40
4322,1958,Phd,Married,77863.0,0,0,2013-11-27,20,881.0,38.0,319.0,16.0,25.0,12.0,1,4,5,10,2,0,0,0,0,0,0,3,11,0,2013,11,27,68
713,1977,Master,Married,50353.0,0,0,2014-06-08,72,141.0,15.0,153.0,67.0,31.0,35.0,1,4,4,6,3,0,0,0,0,0,0,3,11,0,2014,6,8,49
4702,1964,Graduation,Single,61839.0,0,0,2012-08-12,20,1000.0,81.0,379.0,120.5,17.0,120.0,1,4,8,4,8,0,0,0,0,0,0,3,11,0,2012,8,12,62
3281,1960,Phd,Married,49154.0,1,1,2013-11-03,69,206.0,10.0,67.0,30.0,27.0,71.0,6,4,1,8,6,0,0,0,0,0,0,3,11,0,2013,11,3,66
702,1975,2N Cycle,Widow,47682.0,0,1,2013-02-15,80,162.0,61.0,83.0,97.0,57.0,61.0,4,4,3,8,5,0,0,0,0,0,0,3,11,0,2013,2,15,51
2004,1969,Graduation,Single,72679.0,0,1,2013-09-18,65,619.0,54.0,260.0,120.5,54.0,54.0,1,4,7,5,1,0,0,0,0,0,0,3,11,0,2013,9,18,57
4769,1977,Master,Married,57954.0,1,1,2014-06-18,52,456.0,4.0,24.0,0.0,0.0,9.0,7,8,2,6,7,0,1,0,0,0,0,3,11,0,2014,6,18,49
4437,1962,Graduation,Married,65316.0,1,1,2013-04-24,65,112.0,6.0,92.0,3.0,9.0,38.0,2,3,2,5,4,0,0,0,0,0,0,3,11,0,2013,4,24,64
8724,1982,Graduation,Single,28567.0,1,0,2013-06-17,57,11.0,3.0,22.0,2.0,2.0,6.0,2,2,0,3,6,0,0,0,0,0,0,3,11,0,2013,6,17,44
10741,1951,Master,Married,47352.0,0,1,2013-04-11,70,172.0,12.0,112.0,8.0,0.0,15.0,4,6,1,5,7,0,0,0,0,0,0,3,11,0,2013,4,11,75
1991,1967,Graduation,Married,44931.0,0,1,2014-01-18,0,78.0,0.0,11.0,0.0,0.0,7.0,1,2,1,3,5,0,0,0,0,0,0,3,11,0,2014,1,18,59
6931,1967,Graduation,Divorced,76982.0,0,0,2014-02-15,19,464.0,81.0,292.0,65.0,60.0,30.0,1,8,3,4,4,0,0,1,0,0,0,3,11,1,2014,2,15,59
11096,1952,2N Cycle,Married,57247.0,0,1,2013-08-08,50,99.0,4.0,32.0,37.0,54.0,6.0,2,2,1,7,2,0,0,0,0,0,0,3,11,0,2013,8,8,74
304,1981,Master,Single,22944.0,1,0,2013-12-23,67,19.0,3.0,19.0,4.0,5.0,26.0,3,3,0,3,7,0,0,0,0,0,0,3,11,0,2013,12,23,45
3665,1977,2N Cycle,Married,25315.0,1,0,2013-11-07,46,1.0,9.0,8.0,11.0,3.0,22.0,3,3,0,3,8,0,0,0,0,0,0,3,11,0,2013,11,7,49
10591,1969,Graduation,Widow,43638.0,0,1,2012-08-06,37,63.0,10.0,83.0,7.0,19.0,19.0,2,4,1,4,7,0,0,0,0,0,0,3,11,0,2012,8,6,57
5036,1984,Phd,Single,42710.0,1,0,2012-11-28,38,252.0,3.0,42.0,4.0,3.0,102.0,2,4,5,3,6,0,0,0,0,0,0,3,11,0,2012,11,28,42
5547,1982,Phd,Married,84169.0,0,0,2013-08-07,9,1224.0,19.0,403.0,0.0,19.0,0.0,1,7,6,6,3,0,1,1,0,0,0,3,11,1,2013,8,7,44
7822,1976,Graduation,Married,54058.0,0,1,2013-06-04,56,198.0,18.0,252.0,32.0,81.0,54.0,2,4,6,8,3,0,0,0,0,0,0,3,11,0,2013,6,4,50
8541,1990,2N Cycle,Married,24683.0,1,0,2014-03-08,98,8.0,4.0,10.0,6.0,7.0,6.0,2,2,0,4,5,0,0,0,0,0,0,3,11,0,2014,3,8,36
10955,1964,Graduation,Widow,85620.0,0,0,2014-01-07,68,416.0,46.0,556.0,60.0,81.0,46.0,1,3,6,4,1,0,0,0,0,0,0,3,11,1,2014,1,7,62
4368,1980,Graduation,Married,47850.0,1,0,2013-12-03,72,42.0,7.0,43.0,20.0,12.0,10.0,1,3,0,4,6,0,0,0,0,0,0,3,11,0,2013,12,3,46
9671,1968,Graduation,Married,19514.0,1,1,2014-01-26,47,14.0,3.0,21.0,2.0,1.0,28.0,4,3,1,2,8,1,0,0,0,0,0,3,11,1,2014,1,26,58
2256,1973,Master,Married,27159.0,1,1,2014-03-29,33,17.0,0.0,3.0,0.0,0.0,1.0,2,1,0,3,6,0,0,0,0,0,0,3,11,0,2014,3,29,53
4279,1963,2N Cycle,Single,39548.0,1,1,2014-03-31,87,15.0,4.0,10.0,3.0,4.0,18.0,2,1,1,3,3,0,0,0,0,0,0,3,11,0,2014,3,31,63
5371,1989,Graduation,Single,21474.0,1,0,2014-04-08,0,6.0,16.0,24.0,11.0,0.0,34.0,2,3,1,2,7,1,0,0,0,0,0,3,11,1,2014,4,8,37
9240,1971,Phd,Single,60504.0,0,1,2014-02-07,73,458.0,0.0,24.0,6.0,4.0,34.0,2,6,2,8,6,0,0,0,0,0,0,3,11,0,2014,2,7,55
9460,1963,Graduation,Married,22419.0,0,0,2013-04-18,74,30.0,3.0,47.0,19.0,21.0,42.0,1,3,2,2,8,0,0,0,0,0,0,3,11,0,2013,4,18,63
9504,1949,Master,Married,81698.0,0,0,2013-11-06,4,179.0,28.0,520.0,111.0,81.0,47.0,1,3,8,13,1,0,0,0,0,0,0,3,11,1,2013,11,6,77
8692,1952,Graduation,Married,43462.0,1,1,2012-09-12,50,90.0,17.0,97.0,15.0,6.0,15.0,6,4,1,5,8,0,0,0,0,0,0,3,11,0,2012,9,12,74
448,1978,Phd,Single,54880.0,1,0,2013-03-01,57,308.0,81.0,137.0,102.0,45.0,118.0,2,6,2,11,5,0,0,0,0,0,0,3,11,0,2013,3,1,48
8314,1982,Graduation,Married,79908.0,0,0,2013-04-05,30,557.0,81.0,556.0,29.0,81.0,111.0,1,5,6,7,2,0,0,1,0,0,0,3,11,0,2013,4,5,44
8420,1970,2N Cycle,Married,15315.0,0,0,2013-08-03,27,7.0,4.0,13.0,15.0,8.0,17.0,2,2,0,4,5,0,0,0,0,0,0,3,11,0,2013,8,3,56
3174,1959,Graduation,Married,87771.0,0,1,2013-05-22,61,1224.0,38.0,287.0,50.0,57.0,33.0,1,5,10,4,6,0,1,1,1,1,0,3,11,1,2013,5,22,67
7685,1978,Graduation,Married,33039.0,1,0,2013-09-09,4,30.0,8.0,12.0,8.0,8.0,12.0,1,2,0,4,5,0,0,0,0,0,0,3,11,0,2013,9,9,48
3179,1980,Graduation,Single,81741.0,0,0,2013-06-16,75,249.0,81.0,556.0,58.0,81.0,38.0,0,6,6,7,2,0,0,0,0,0,0,3,11,0,2013,6,16,46
9780,1971,Master,Married,71499.0,0,1,2013-06-25,12,465.0,25.0,132.0,120.5,0.0,37.0,2,8,3,13,4,0,0,0,0,0,0,3,11,0,2013,6,25,55
10681,1970,2N Cycle,Married,62466.0,0,1,2014-01-15,13,129.0,81.0,259.0,120.5,81.0,83.0,5,6,3,12,4,0,0,0,0,0,0,3,11,0,2014,1,15,56
10232,1963,Phd,Divorced,48799.0,0,1,2013-11-05,9,174.0,18.0,81.0,28.0,6.0,24.0,3,3,2,7,3,0,0,0,0,0,0,3,11,0,2013,11,5,63
4184,1950,Phd,Married,52157.0,0,1,2014-06-07,48,189.0,2.0,29.0,3.0,2.0,40.0,2,3,2,5,4,0,0,0,0,0,0,3,11,0,2014,6,7,76
9120,1962,Graduation,Single,66565.0,0,1,2012-12-05,80,747.0,10.0,161.0,65.0,40.0,42.0,4,4,2,9,8,0,0,0,0,0,0,3,11,0,2012,12,5,64
891,1951,Master,Married,29298.0,1,1,2013-09-07,60,6.0,0.0,2.0,2.0,0.0,1.0,1,1,0,2,5,0,0,0,0,0,0,3,11,0,2013,9,7,75
10381,1979,Graduation,Single,47691.0,0,1,2013-07-05,43,14.0,0.0,3.0,0.0,0.0,4.0,1,1,0,2,6,0,0,0,0,0,0,3,11,0,2013,7,5,47
3525,1970,Graduation,Married,38200.0,1,1,2012-12-07,19,12.0,0.0,4.0,0.0,0.0,1.0,1,1,0,2,7,0,0,0,0,0,0,3,11,0,2012,12,7,56
6818,1974,Graduation,Married,44989.0,0,1,2012-09-12,26,98.0,0.0,106.0,49.0,10.0,106.0,5,5,1,5,6,0,0,0,0,0,0,3,11,0,2012,9,12,52
3526,1968,Phd,Married,38443.0,1,1,2014-01-27,58,32.0,0.0,5.0,0.0,0.0,1.0,2,1,0,3,7,0,0,0,0,0,0,3,11,0,2014,1,27,58
8181,1978,2N Cycle,Single,38593.0,1,0,2013-09-13,42,51.0,12.0,49.0,17.0,24.0,24.0,3,4,1,3,8,0,0,0,0,0,0,3,11,0,2013,9,13,48
1029,1970,Phd,Married,64413.0,0,1,2013-08-01,27,200.0,5.0,44.0,0.0,10.0,20.0,1,5,1,5,5,0,0,0,0,0,0,3,11,0,2013,8,1,56
7369,1981,Master,Married,36959.0,1,0,2013-10-02,56,25.0,6.0,25.0,6.0,0.0,0.0,2,2,0,3,8,0,0,0,0,0,0,3,11,0,2013,10,2,45
2574,1977,Phd,Married,61996.0,0,1,2013-01-31,27,1050.0,12.0,144.0,0.0,0.0,24.0,3,6,4,8,5,0,1,0,1,1,0,3,11,1,2013,1,31,49
8159,1968,Graduation,Married,51287.0,1,1,2014-04-01,10,117.0,0.0,22.0,13.0,0.0,30.0,3,4,1,3,7,0,0,0,0,0,0,3,11,0,2014,4,1,58
1160,1970,Graduation,Married,13260.0,1,1,2013-08-23,48,9.0,4.0,17.0,10.0,2.0,7.0,4,3,0,3,8,0,0,0,0,0,0,3,11,0,2013,8,23,56
10242,1966,Phd,Married,47472.0,1,1,2013-09-16,39,56.0,0.0,11.0,0.0,0.0,8.0,2,2,0,4,5,0,0,0,0,0,0,3,11,0,2013,9,16,60
5253,1956,Master,Married,54603.0,1,1,2013-07-09,85,145.0,13.0,46.0,17.0,2.0,4.0,6,4,2,4,7,0,0,0,0,0,0,3,11,0,2013,7,9,70
5966,1974,Phd,Married,45207.0,1,1,2012-11-10,64,203.0,0.0,10.0,0.0,0.0,2.0,5,3,1,6,6,0,1,0,0,0,0,3,11,0,2012,11,10,52
5314,1951,Graduation,Married,40689.0,0,1,2013-03-18,69,270.0,3.0,27.0,39.0,6.0,99.0,7,7,1,5,8,0,0,0,0,0,0,3,11,0,2013,3,18,75
5081,1967,2N Cycle,Married,47821.0,1,1,2013-10-20,54,9.0,0.0,16.0,6.0,6.0,10.0,1,1,0,3,8,0,0,0,0,0,0,3,11,0,2013,10,20,59
5123,1951,Master,Married,27450.0,0,0,2013-04-15,57,37.0,12.0,23.0,8.0,11.0,52.0,1,2,1,3,7,0,0,0,0,0,0,3,11,0,2013,4,15,75
5756,1983,Graduation,Married,39453.0,1,0,2014-04-03,64,46.0,0.0,7.0,0.0,0.0,2.0,2,2,0,3,6,0,0,0,0,0,0,3,11,0,2014,4,3,43
8036,1971,2N Cycle,Married,26850.0,1,1,2014-04-18,10,31.0,1.0,13.0,7.0,2.0,9.0,4,2,1,4,4,0,0,0,0,0,0,3,11,0,2014,4,18,55
9058,1955,Graduation,Widow,79800.0,0,0,2012-09-23,65,1060.0,21.0,530.0,32.0,0.0,126.5,1,5,11,5,3,1,0,1,1,0,0,3,11,1,2012,9,23,71
5057,1961,Master,Married,61794.0,0,1,2013-09-14,74,264.0,47.0,188.0,54.0,47.0,11.0,2,4,4,10,2,0,0,0,0,0,0,3,11,0,2013,9,14,65
254,1955,Graduation,Married,53863.0,0,1,2014-05-17,4,399.0,4.0,30.0,6.0,4.0,30.0,3,7,1,7,7,0,1,0,0,0,0,3,11,0,2014,5,17,71
4179,1959,Graduation,Married,24221.0,0,0,2013-08-20,94,8.0,9.0,9.0,2.0,5.0,22.0,1,1,1,3,4,0,0,0,0,0,0,3,11,0,2013,8,20,67
3710,1984,Phd,Single,39684.0,1,0,2012-10-12,41,19.0,0.0,35.0,6.0,4.0,17.0,2,2,1,2,7,0,0,0,0,0,1,3,11,1,2012,10,12,42
7627,1975,Master,Married,92163.0,0,0,2012-12-12,25,817.0,81.0,556.0,106.0,81.0,20.0,0,5,11,5,2,0,0,1,1,0,0,3,11,1,2012,12,12,51
4501,1965,Master,Single,69882.0,0,0,2013-11-10,94,292.0,81.0,556.0,120.5,81.0,126.5,1,3,7,9,1,0,0,0,0,0,0,3,11,0,2013,11,10,61
6424,1977,Graduation,Married,33178.0,1,0,2014-01-30,9,12.0,6.0,2.0,11.0,2.0,16.0,1,1,0,3,4,0,0,0,0,0,0,3,11,0,2014,1,30,49
3075,1972,Phd,Married,59973.0,0,0,2013-09-11,47,130.0,30.0,168.0,20.0,34.0,0.0,1,3,4,7,1,0,0,0,0,0,0,3,11,0,2013,9,11,54
4992,1975,Master,Married,17459.0,1,0,2013-09-19,12,6.0,4.0,16.0,3.0,10.0,30.0,3,3,1,2,7,0,0,0,0,0,0,3,11,1,2013,9,19,51
5252,1969,Graduation,Divorced,23910.0,1,0,2012-10-26,80,16.0,12.0,18.0,7.0,1.0,13.0,1,2,0,3,7,0,0,0,0,0,0,3,11,0,2012,10,26,57
7444,1969,Master,Married,42169.0,1,1,2013-10-19,20,19.0,0.0,9.0,0.0,0.0,2.0,2,1,0,3,8,0,0,0,0,0,0,3,11,0,2013,10,19,57
6919,1978,2N Cycle,Married,26224.0,1,0,2013-06-04,39,4.0,7.0,15.0,13.0,9.0,15.0,3,2,1,3,6,0,0,0,0,0,0,3,11,0,2013,6,4,48
3537,1981,Graduation,Married,31089.0,1,0,2012-08-17,57,31.0,3.0,31.0,2.0,8.0,4.0,3,3,0,4,8,0,0,0,0,0,0,3,11,0,2012,8,17,45
10277,1961,Graduation,Single,30081.0,0,1,2013-02-21,27,36.0,0.0,2.0,0.0,0.0,4.0,1,1,0,3,7,0,0,0,0,0,0,3,11,0,2013,2,21,65
2453,1960,Graduation,Married,62807.0,0,1,2012-08-31,83,526.0,28.0,135.0,10.0,21.0,99.0,3,5,3,12,5,0,0,0,0,0,0,3,11,0,2012,8,31,66
7972,1955,Graduation,Single,72906.0,0,0,2013-09-17,79,400.0,32.0,519.0,71.0,75.0,54.0,1,3,4,9,1,0,0,0,0,0,0,3,11,0,2013,9,17,71
895,1948,Phd,Married,61467.0,0,2,2012-12-09,69,410.0,16.0,114.0,0.0,5.0,49.0,3,5,2,10,5,0,0,0,0,0,0,3,11,0,2012,12,9,78
1177,1966,Master,Married,49618.0,1,1,2013-01-26,77,80.0,3.0,26.0,4.0,2.0,14.0,4,3,1,3,7,0,0,0,0,0,0,3,11,0,2013,1,26,60
7141,1986,Master,Single,21888.0,1,0,2012-12-29,15,88.0,10.0,46.0,2.0,3.0,64.0,4,5,1,2,10,0,0,0,0,0,0,3,11,1,2012,12,29,40
7232,1973,Graduation,Widow,42429.0,0,1,2014-02-11,99,55.0,0.0,6.0,2.0,0.0,4.0,2,1,1,3,5,0,0,0,0,0,0,3,11,0,2014,2,11,53
8477,1956,Graduation,Divorced,26150.0,2,1,2013-03-11,61,5.0,1.0,13.0,3.0,5.0,1.0,1,1,0,3,7,0,0,0,0,0,0,3,11,0,2013,3,11,70
2457,1975,Basic,Married,30801.0,0,1,2012-10-26,23,8.0,4.0,5.0,15.0,2.0,11.0,2,1,0,3,7,0,0,0,0,0,0,3,11,0,2012,10,26,51
988,1965,Graduation,Married,81168.0,0,0,2014-05-07,84,410.0,0.0,556.0,120.5,22.0,22.0,1,6,4,7,3,0,0,0,1,0,0,3,11,0,2014,5,7,61
7930,1969,Master,Single,26877.0,0,0,2013-08-19,74,101.0,13.0,76.0,20.0,18.0,40.0,2,3,1,6,6,0,0,0,0,0,0,3,11,0,2013,8,19,57
4587,1944,Master,Widow,45006.0,0,0,2013-07-18,90,162.0,25.0,53.0,16.0,0.0,10.0,1,3,1,7,3,0,0,0,0,0,0,3,11,0,2013,7,18,82
6682,1973,Basic,Married,18978.0,1,0,2012-12-11,41,2.0,8.0,1.0,4.0,7.0,15.0,1,1,0,3,8,0,0,0,0,0,0,3,11,0,2012,12,11,53
6222,1967,Graduation,Married,22574.0,2,1,2013-10-28,28,25.0,0.0,8.0,2.0,0.0,2.0,2,2,0,3,7,0,0,0,0,0,0,3,11,0,2013,10,28,59
10299,1969,Phd,Single,48240.0,0,0,2012-11-09,73,389.0,81.0,248.0,64.0,49.0,41.0,3,6,3,13,5,0,0,0,0,0,0,3,11,1,2012,11,9,57
3083,1974,Graduation,Married,45837.0,1,1,2013-07-26,88,215.0,13.0,87.0,17.0,17.0,24.0,5,6,2,5,7,0,0,0,0,0,0,3,11,0,2013,7,26,52
8953,1965,Master,Single,35791.0,2,1,2013-05-06,94,27.0,0.0,5.0,0.0,0.0,3.0,2,1,0,3,8,0,0,0,0,0,0,3,11,0,2013,5,6,61
1503,1976,Phd,Married,117418.0,1,1,2013-06-03,31,85.0,1.0,16.0,2.0,1.0,2.0,0,0,0,1,1,0,0,0,0,0,0,3,11,0,2013,6,3,50
8650,1978,Graduation,Widow,54162.0,1,1,2013-03-18,31,5.0,6.0,10.0,6.0,5.0,10.0,1,1,0,3,4,0,0,0,0,0,0,3,11,0,2013,3,18,48
10862,1960,Master,Married,30522.0,0,1,2012-08-17,6,179.0,8.0,83.0,19.0,11.0,26.0,5,1,2,9,2,0,0,0,0,0,0,3,11,0,2012,8,17,66
2782,1961,Phd,Married,54456.0,0,1,2013-07-11,23,352.0,0.0,27.0,10.0,0.0,15.0,3,6,1,7,6,0,0,0,0,0,0,3,11,0,2013,7,11,65
6941,1971,Graduation,Single,31632.0,0,0,2013-07-14,92,17.0,8.0,12.0,11.0,15.0,32.0,1,2,1,2,7,0,0,0,0,0,0,3,11,0,2013,7,14,55
10972,1949,Graduation,Widow,72298.0,0,0,2014-03-10,52,625.0,35.0,169.0,58.0,17.0,35.0,1,4,3,6,1,0,1,1,0,0,0,3,11,0,2014,3,10,77
10708,1978,2N Cycle,Single,36975.0,1,0,2013-12-28,50,10.0,6.0,11.0,0.0,4.0,2.0,1,1,0,3,7,0,0,0,0,0,0,3,11,0,2013,12,28,48
6583,1955,2N Cycle,Married,72635.0,0,0,2013-06-03,54,390.0,22.0,323.0,104.0,35.0,107.0,1,6,8,6,3,0,0,0,1,0,0,3,11,0,2013,6,3,71
3641,1976,Graduation,Married,13624.0,1,0,2013-01-20,93,10.0,2.0,15.0,2.0,1.0,6.0,2,2,0,3,6,0,0,0,0,0,0,3,11,0,2013,1,20,50
10156,1975,Graduation,Single,84196.0,0,1,2013-06-03,56,215.0,63.0,507.0,120.5,31.0,126.5,1,8,4,7,3,0,0,0,0,0,0,3,11,0,2013,6,3,51
4299,1960,Graduation,Married,70971.0,0,1,2012-09-21,28,1001.0,17.0,556.0,93.0,81.0,17.0,7,11,11,5,7,0,0,0,0,0,0,3,11,1,2012,9,21,66
3469,1977,Phd,Divorced,34487.0,1,1,2012-09-06,94,19.0,18.0,33.0,24.0,1.0,8.0,3,3,0,3,9,0,0,0,0,0,0,3,11,0,2012,9,6,49
5063,1977,Graduation,Single,28769.0,1,0,2012-12-18,76,41.0,5.0,129.0,10.0,3.0,3.0,3,4,1,4,9,0,0,0,0,0,0,3,11,0,2012,12,18,49
10727,1970,Phd,Married,69084.0,1,0,2013-11-19,43,1181.0,81.0,199.0,39.0,30.0,30.0,2,7,3,13,8,0,0,0,0,0,0,3,11,0,2013,11,19,56
9624,1958,Phd,Married,65488.0,0,0,2014-06-13,46,603.0,45.0,207.0,36.0,18.0,54.0,1,3,4,6,1,0,0,0,0,0,0,3,11,0,2014,6,13,68
5156,1970,2N Cycle,Married,62466.0,0,1,2014-01-15,13,129.0,81.0,259.0,120.5,81.0,83.0,5,6,3,12,4,0,0,0,0,0,0,3,11,0,2014,1,15,56
4376,1960,2N Cycle,Single,32218.0,0,0,2014-02-15,27,10.0,24.0,15.0,13.0,1.0,30.0,1,2,1,3,7,1,0,0,0,0,0,3,11,1,2014,2,15,66
8923,1973,Graduation,Single,83917.0,0,0,2013-04-18,12,514.0,22.0,556.0,42.0,81.0,79.0,1,6,7,7,3,0,0,0,0,0,0,3,11,1,2013,4,18,53
8461,1962,Graduation,Divorced,46102.0,2,1,2014-03-10,3,14.0,0.0,1.0,0.0,0.0,1.0,1,1,0,2,7,0,0,0,0,0,0,3,11,0,2014,3,10,64
6945,1952,Graduation,Single,84574.0,0,0,2013-06-04,72,387.0,20.0,556.0,38.0,54.0,126.5,1,9,11,11,5,0,0,0,0,0,0,3,11,0,2013,6,4,74
944,1962,Graduation,Married,56181.0,0,1,2013-01-08,6,121.0,81.0,69.0,8.0,44.0,48.0,1,4,2,7,4,0,0,0,0,0,0,3,11,0,2013,1,8,64
1907,1950,Master,Divorced,63120.0,0,1,2012-09-28,53,965.0,69.0,279.0,54.0,41.0,69.0,5,8,4,9,7,0,0,0,0,0,0,3,11,1,2012,9,28,76
701,1971,Graduation,Married,73691.0,0,1,2013-11-06,58,707.0,21.0,250.0,85.0,43.0,73.0,2,6,2,8,2,1,0,0,0,0,0,3,11,0,2013,11,6,55
3856,1960,Graduation,Married,63381.0,0,1,2012-10-05,78,571.0,50.0,142.0,33.0,50.0,126.5,4,4,5,13,2,0,0,0,0,0,0,3,11,0,2012,10,5,66
4149,1948,Phd,Married,76140.0,0,0,2014-05-13,57,586.0,66.0,556.0,17.0,0.0,26.0,1,5,9,6,2,0,0,0,0,0,0,3,11,0,2014,5,13,78
2131,1959,Phd,Divorced,62859.0,0,1,2012-12-30,37,1063.0,81.0,102.0,16.0,12.0,25.0,4,9,4,6,6,0,0,0,0,0,0,3,11,0,2012,12,30,67
2942,1964,Graduation,Single,45906.0,0,1,2013-05-07,20,305.0,3.0,27.0,4.0,3.0,126.5,2,5,4,4,5,1,0,0,0,0,0,3,11,0,2013,5,7,62
1173,1947,Master,Married,77632.0,0,0,2013-03-10,73,1200.0,81.0,556.0,0.0,42.0,126.5,1,4,2,6,2,0,1,1,0,0,0,3,11,1,2013,3,10,79
4381,1971,Phd,Married,46463.0,1,1,2013-08-18,56,163.0,2.0,40.0,8.0,11.0,11.0,7,3,1,6,6,0,0,0,0,0,0,3,11,0,2013,8,18,55
4611,1970,Graduation,Married,105471.0,0,0,2013-01-21,36,1009.0,81.0,104.0,120.5,21.0,126.5,0,9,8,13,3,0,0,1,1,0,0,3,11,1,2013,1,21,56
3376,1970,Master,Divorced,55282.0,1,0,2013-12-13,9,125.0,6.0,73.0,8.0,4.0,19.0,1,3,1,6,4,0,0,0,0,0,0,3,11,0,2013,12,13,56
4679,1977,Master,Married,78710.0,0,1,2014-05-23,42,721.0,0.0,152.0,119.0,50.0,50.0,3,7,6,12,4,0,0,0,0,0,0,3,11,0,2014,5,23,49
10928,1958,Graduation,Married,66886.0,0,1,2013-09-16,28,315.0,4.0,62.0,41.0,31.0,126.5,2,7,1,7,5,0,0,0,0,0,0,3,11,0,2013,9,16,68
4248,1960,Master,Single,98777.0,0,0,2014-02-17,23,1000.0,19.0,556.0,120.5,81.0,38.0,0,4,6,9,1,0,1,0,0,0,0,3,11,0,2014,2,17,66
6728,1985,Graduation,Married,29103.0,1,0,2012-08-27,38,16.0,0.0,17.0,6.0,3.0,6.0,2,1,0,3,9,0,0,0,0,0,0,3,11,0,2012,8,27,41
6661,1974,Graduation,Married,67445.0,0,1,2012-08-12,63,757.0,80.0,217.0,29.0,80.0,11.0,5,9,6,12,6,0,0,0,0,0,0,3,11,0,2012,8,12,52
4725,1950,Phd,Married,50616.0,0,1,2014-04-13,71,30.0,2.0,25.0,0.0,1.0,9.0,1,1,1,4,2,0,0,0,0,0,0,3,11,0,2014,4,13,76
3277,1955,Graduation,Divorced,49431.0,0,1,2012-08-03,9,219.0,3.0,100.0,26.0,0.0,17.0,2,7,1,5,8,0,0,0,0,0,0,3,11,0,2012,8,3,71
5555,1975,Graduation,Divorced,117418.0,0,0,2014-02-07,81,1.0,1.0,1.0,1.0,1.0,1.0,0,0,0,0,0,0,0,0,0,0,0,3,11,0,2014,2,7,51
2564,1953,Graduation,Married,61278.0,0,1,2014-01-04,87,111.0,3.0,28.0,2.0,6.0,15.0,2,3,1,4,6,0,0,0,0,0,0,3,11,0,2014,1,4,73
946,1958,2N Cycle,Married,26490.0,0,0,2012-09-22,92,45.0,47.0,52.0,21.0,20.0,25.0,2,3,1,5,6,0,0,0,0,0,0,3,11,0,2012,9,22,68
3867,1947,Phd,Married,73059.0,0,1,2013-08-31,36,410.0,81.0,420.0,0.0,81.0,71.0,1,9,3,13,4,0,0,0,0,0,0,3,11,0,2013,8,31,79
6940,1966,Phd,Single,46734.0,1,2,2013-10-21,86,100.0,1.0,39.0,6.0,1.0,76.0,4,3,2,3,6,1,0,0,0,0,0,3,11,0,2013,10,21,60
55,1963,Graduation,Married,56253.0,0,1,2012-12-07,83,509.0,0.0,65.0,7.0,11.0,5.0,4,7,2,9,6,0,0,0,0,0,0,3,11,0,2012,12,7,63
7093,1985,Graduation,Married,19986.0,1,0,2013-11-14,74,3.0,6.0,5.0,0.0,2.0,6.0,1,0,0,3,7,0,0,0,0,0,0,3,11,0,2013,11,14,41
5084,1975,Graduation,Widow,58330.0,0,1,2013-12-25,87,445.0,53.0,213.0,104.0,81.0,126.5,1,6,4,13,4,0,0,0,0,0,0,3,11,0,2013,12,25,51
1777,1980,Basic,Married,25965.0,0,0,2012-09-07,29,2.0,2.0,11.0,41.0,7.0,11.0,1,2,0,3,8,0,0,0,0,0,0,3,11,0,2012,9,7,46
8162,1956,Master,Married,14661.0,0,0,2013-01-01,88,4.0,1.0,11.0,6.0,2.0,2.0,1,1,0,3,6,0,0,0,0,0,0,3,11,0,2013,1,1,70
10826,1959,Graduation,Married,18690.0,0,0,2012-12-28,77,6.0,1.0,7.0,23.0,4.0,19.0,1,1,1,2,8,0,0,0,0,0,0,3,11,0,2012,12,28,67
8754,1974,Phd,Married,45068.0,0,1,2013-05-16,25,14.0,0.0,3.0,0.0,0.0,3.0,1,1,0,2,7,0,0,0,0,0,0,3,11,0,2013,5,16,52
1987,1987,Basic,Single,21063.0,1,0,2013-09-25,34,1.0,10.0,11.0,19.0,3.0,15.0,2,2,0,3,6,0,0,0,0,0,0,3,11,0,2013,9,25,39
11007,1968,Phd,Married,29187.0,1,0,2013-05-09,43,26.0,0.0,6.0,0.0,0.0,2.0,1,1,0,3,8,0,0,0,0,0,0,3,11,0,2013,5,9,58
7426,1971,2N Cycle,Married,54690.0,1,1,2013-11-07,76,111.0,16.0,37.0,7.0,9.0,18.0,3,3,1,5,3,0,0,0,0,0,0,3,11,0,2013,11,7,55
9153,1964,Phd,Married,59304.0,0,1,2013-07-29,81,418.0,61.0,428.0,80.0,51.0,10.0,3,7,8,10,5,0,0,0,0,0,0,3,11,0,2013,7,29,62
10379,1962,Master,Single,59247.0,0,2,2013-11-08,87,327.0,9.0,122.0,19.0,14.0,83.0,5,5,2,9,6,0,0,0,0,0,0,3,11,0,2013,11,8,64
9204,1970,Graduation,Widow,66731.0,0,1,2012-09-12,33,371.0,81.0,194.0,58.0,81.0,126.5,4,4,3,6,3,0,0,0,0,0,0,3,11,0,2012,9,12,56
3197,1980,Graduation,Married,77353.0,0,1,2013-12-16,38,275.0,59.0,107.0,69.0,81.0,59.0,2,6,4,8,4,0,0,0,0,0,0,3,11,0,2013,12,16,46
2920,1975,Phd,Single,52614.0,0,1,2012-12-01,63,789.0,0.0,142.0,12.0,9.0,38.0,2,2,4,8,8,0,0,0,0,0,0,3,11,0,2012,12,1,51
6961,1974,Graduation,Married,26751.0,2,0,2014-05-22,26,1.0,1.0,5.0,0.0,3.0,1.0,1,1,0,2,8,0,0,0,0,0,0,3,11,0,2014,5,22,52
4673,1963,Phd,Married,81300.0,0,1,2012-10-30,17,1004.0,12.0,145.0,32.0,12.0,36.0,3,10,3,5,5,0,0,0,1,0,0,3,11,1,2012,10,30,63
9937,1979,Graduation,Single,70337.0,0,0,2014-01-02,75,187.0,81.0,149.0,25.0,43.0,91.0,1,2,2,12,1,0,0,0,0,0,0,3,11,0,2014,1,2,47
8779,1985,2N Cycle,Married,36145.0,1,0,2013-06-16,13,56.0,4.0,76.0,17.0,1.0,18.0,4,4,1,3,9,1,0,0,0,0,0,3,11,1,2013,6,16,41
9596,1980,Phd,Single,65295.0,0,0,2013-12-23,19,365.0,32.0,117.0,34.0,81.0,6.0,1,3,3,13,2,0,0,0,0,0,0,3,11,0,2013,12,23,46
2891,1963,Graduation,Divorced,68118.0,0,1,2013-10-18,51,595.0,23.0,123.0,10.0,23.0,126.5,2,8,9,4,6,0,0,0,0,0,0,3,11,0,2013,10,18,63
4910,1967,Graduation,Divorced,68743.0,0,0,2012-08-30,81,1132.0,81.0,384.0,120.5,81.0,115.0,1,11,5,13,7,0,0,0,0,0,0,3,11,0,2012,8,30,59
75,1982,2N Cycle,Married,41039.0,0,0,2013-07-25,32,34.0,11.0,137.0,120.5,61.0,45.0,1,8,1,5,8,0,0,0,0,0,0,3,11,0,2013,7,25,44
10120,1955,Graduation,Married,38946.0,0,1,2013-10-24,84,116.0,6.0,82.0,6.0,6.0,41.0,2,3,1,6,5,0,0,0,0,0,0,3,11,0,2013,10,24,71
6327,1967,Graduation,Married,65777.0,0,0,2013-12-19,87,565.0,32.0,435.0,28.0,32.0,54.0,1,2,8,6,1,0,0,0,0,0,0,3,11,0,2013,12,19,59
10142,1976,Phd,Divorced,66476.0,0,1,2013-03-07,99,372.0,18.0,126.0,47.0,48.0,78.0,2,5,2,11,4,0,0,0,0,0,0,3,11,0,2013,3,7,50
9826,1972,Phd,Single,86857.0,0,0,2012-09-12,96,899.0,81.0,556.0,120.5,81.0,40.0,1,5,6,10,2,0,0,0,0,0,0,3,11,1,2012,9,12,54
1501,1982,Phd,Married,117418.0,0,0,2012-08-04,21,55.0,16.0,556.0,17.0,3.0,4.0,15,0,28,1,0,0,0,0,0,0,0,3,11,0,2012,8,4,44
10767,1989,Phd,Married,77845.0,0,0,2014-05-16,40,760.0,40.0,480.0,0.0,40.0,26.0,1,3,5,12,1,0,0,1,1,0,0,3,11,0,2014,5,16,37
7279,1969,Phd,Married,69476.0,0,0,2013-09-30,3,260.0,81.0,556.0,63.0,9.0,67.0,1,4,6,4,2,0,0,0,0,0,0,3,11,0,2013,9,30,57
7230,1960,Phd,Divorced,50611.0,0,1,2012-10-04,98,459.0,0.0,24.0,6.0,0.0,4.0,6,4,5,7,6,0,1,0,0,0,0,3,11,1,2012,10,4,66
143,1970,Graduation,Single,61209.0,0,0,2013-08-25,73,466.0,0.0,224.0,119.0,49.0,99.0,1,5,3,4,2,0,0,0,0,0,0,3,11,0,2013,8,25,56
450,1958,Master,Married,42315.0,0,1,2013-07-12,90,67.0,15.0,80.0,17.0,11.0,80.0,3,1,4,4,3,0,0,0,0,0,0,3,11,0,2013,7,12,68
9316,1952,Basic,Married,13084.0,0,0,2013-11-02,29,2.0,0.0,7.0,3.0,7.0,10.0,1,1,0,3,6,0,0,0,0,0,0,3,11,0,2013,11,2,74
6379,1949,Master,Widow,47570.0,1,1,2013-05-29,3,67.0,1.0,20.0,0.0,2.0,31.0,3,2,2,2,7,0,0,0,0,0,0,3,11,1,2013,5,29,77
9239,1961,Master,Married,61923.0,0,2,2013-07-26,94,92.0,4.0,18.0,3.0,3.0,6.0,1,2,1,4,3,0,0,0,0,0,0,3,11,0,2013,7,26,65
8315,1995,Graduation,Single,34824.0,0,0,2014-03-26,65,4.0,2.0,11.0,2.0,0.0,4.0,1,1,0,2,6,0,0,0,0,0,0,3,11,0,2014,3,26,31
2868,1949,Phd,Single,26518.0,1,1,2013-04-08,33,20.0,1.0,28.0,3.0,3.0,2.0,3,2,0,3,8,0,0,0,0,0,0,3,11,1,2013,4,8,77
10888,1961,Graduation,Single,45938.0,0,0,2013-11-03,46,273.0,11.0,178.0,62.0,81.0,29.0,2,8,4,6,6,0,0,0,0,0,0,3,11,0,2013,11,3,65
1277,1960,Graduation,Married,78468.0,0,0,2014-04-09,29,434.0,22.0,388.0,104.0,22.0,34.0,1,10,7,10,4,0,0,0,1,0,0,3,11,0,2014,4,9,66
9977,1973,Graduation,Divorced,78901.0,0,1,2013-09-17,99,321.0,11.0,309.0,33.0,26.0,34.0,3,9,3,5,4,0,0,0,0,0,0,3,11,0,2013,9,17,53
10196,1978,Graduation,Married,71427.0,2,0,2014-03-12,26,212.0,81.0,177.0,15.0,64.0,23.0,2,8,2,8,4,0,0,0,0,0,0,3,11,0,2014,3,12,48
6384,1978,Graduation,Divorced,71022.0,0,1,2014-02-11,30,909.0,12.0,278.0,0.0,12.0,126.5,3,5,2,11,8,1,0,0,0,0,0,3,11,0,2014,2,11,48
8029,1988,Master,Single,90247.0,0,0,2014-04-29,27,1184.0,32.0,352.0,21.0,16.0,16.0,1,3,4,7,1,0,1,1,1,0,0,3,11,1,2014,4,29,38
968,1968,Master,Divorced,41335.0,1,0,2013-12-26,24,112.0,19.0,21.0,16.0,14.0,5.0,3,4,1,4,7,0,0,0,0,0,0,3,11,0,2013,12,26,58
6988,1986,Graduation,Married,71952.0,1,0,2013-01-10,93,656.0,80.0,455.0,52.0,81.0,93.0,2,8,4,8,4,1,0,1,0,0,0,3,11,0,2013,1,10,40
4472,1970,Phd,Divorced,35682.0,1,0,2014-06-27,34,23.0,0.0,8.0,6.0,2.0,18.0,1,1,1,3,2,0,0,0,0,0,0,3,11,0,2014,6,27,56
6991,1951,Graduation,Divorced,43185.0,0,1,2013-04-10,88,537.0,6.0,42.0,16.0,6.0,30.0,2,9,3,6,8,0,0,0,0,0,0,3,11,0,2013,4,10,75
3336,1948,Phd,Married,66375.0,0,1,2013-11-21,96,712.0,0.0,45.0,0.0,0.0,126.5,3,2,4,5,7,1,0,0,0,0,0,3,11,0,2013,11,21,78
4301,1971,Master,Married,35178.0,1,0,2013-01-10,10,23.0,1.0,13.0,2.0,2.0,18.0,1,1,1,2,7,1,0,0,0,0,0,3,11,1,2013,1,10,55
1940,1986,Graduation,Married,25252.0,1,0,2013-07-12,26,1.0,3.0,4.0,2.0,2.0,6.0,1,1,0,2,8,0,0,0,0,0,0,3,11,0,2013,7,12,40
1272,1965,Master,Single,55250.0,0,1,2012-10-21,49,664.0,58.0,83.0,32.0,0.0,66.0,4,7,5,10,5,0,0,0,0,0,0,3,11,0,2012,10,21,61
1388,1975,Graduation,Single,33249.0,1,0,2013-02-20,11,6.0,10.0,21.0,19.0,14.0,42.0,2,2,1,3,6,0,0,0,0,0,0,3,11,0,2013,2,20,51
1044,1953,Graduation,Married,58398.0,0,0,2013-05-14,44,299.0,5.0,201.0,21.0,21.0,49.0,3,5,4,8,4,0,0,0,0,0,0,3,11,0,2013,5,14,73
6969,1982,Graduation,Married,50272.0,1,0,2013-08-07,75,99.0,13.0,66.0,43.0,8.0,4.0,3,4,1,5,7,0,0,0,0,0,0,3,11,0,2013,8,7,44
10479,1975,Phd,Married,76618.0,0,0,2012-12-07,64,749.0,40.0,294.0,120.5,81.0,126.5,1,3,2,5,1,0,0,0,0,0,0,3,11,0,2012,12,7,51
3619,1960,2N Cycle,Divorced,87305.0,0,0,2012-09-23,19,345.0,25.0,501.0,63.0,81.0,80.0,1,5,3,8,2,0,0,1,0,0,0,3,11,1,2012,9,23,66
1715,1978,Graduation,Married,25851.0,1,0,2013-02-11,45,9.0,4.0,18.0,7.0,5.0,5.0,2,2,0,3,7,0,0,0,0,0,0,3,11,0,2013,2,11,48
10159,1970,Graduation,Divorced,58710.0,0,1,2013-03-31,77,440.0,81.0,368.0,0.0,81.0,126.5,6,11,5,9,6,0,0,0,0,0,0,3,11,0,2013,3,31,56
1463,1958,Graduation,Single,45160.0,1,1,2014-03-29,9,8.0,2.0,5.0,3.0,0.0,3.0,1,1,0,2,7,0,0,0,0,0,0,3,11,0,2014,3,29,68
5114,1965,Master,Married,74806.0,0,1,2012-12-19,1,670.0,9.0,249.0,0.0,28.0,9.0,2,5,4,5,4,0,0,0,0,0,0,3,11,0,2012,12,19,61
4990,1954,Graduation,Married,59111.0,0,0,2013-05-02,90,524.0,0.0,134.0,28.0,28.0,126.5,1,11,1,8,7,0,0,0,0,0,0,3,11,0,2013,5,2,72
4329,1984,Phd,Married,18988.0,1,0,2014-05-23,43,6.0,0.0,6.0,2.0,1.0,1.0,2,1,0,3,7,0,0,0,0,0,0,3,11,0,2014,5,23,42
10936,1965,Graduation,Married,72190.0,0,0,2013-02-13,79,597.0,81.0,556.0,120.5,81.0,126.5,1,5,6,4,3,0,0,0,0,0,0,3,11,0,2013,2,13,61
4692,1976,Graduation,Married,7500.0,1,0,2012-08-01,19,7.0,0.0,12.0,13.0,7.0,32.0,5,4,1,2,9,1,0,0,0,0,0,3,11,1,2012,8,1,50
7212,1966,Graduation,Married,44794.0,0,1,2014-06-08,99,54.0,0.0,7.0,0.0,0.0,4.0,1,2,0,3,6,0,0,0,0,0,0,3,11,0,2014,6,8,60
6086,1955,Graduation,Married,80395.0,0,0,2013-11-23,62,445.0,25.0,556.0,80.0,76.0,48.0,1,6,5,12,2,0,0,0,1,0,0,3,11,0,2013,11,23,71
437,1976,Master,Divorced,75012.0,0,0,2014-01-25,41,294.0,81.0,218.0,120.5,58.0,126.5,1,3,8,11,1,0,0,0,0,0,0,3,11,0,2014,1,25,50
11171,1965,Master,Married,56962.0,2,1,2013-10-11,60,292.0,3.0,77.0,10.0,3.0,26.0,7,6,3,5,7,0,0,0,0,0,0,3,11,0,2013,10,11,61
11101,1991,Graduation,Married,89891.0,0,0,2013-04-15,17,412.0,22.0,132.0,59.0,28.0,126.5,1,11,6,8,4,0,0,1,0,0,0,3,11,0,2013,4,15,35
5329,1949,Phd,Divorced,35946.0,1,1,2013-09-27,24,8.0,0.0,3.0,0.0,0.0,0.0,1,0,0,3,5,0,0,0,0,0,0,3,11,0,2013,9,27,77
610,1953,Phd,Married,53593.0,1,1,2012-08-07,60,349.0,4.0,78.0,6.0,0.0,43.0,8,7,2,6,8,0,0,0,0,0,0,3,11,0,2012,8,7,73
9384,1978,Graduation,Married,66373.0,1,1,2013-06-12,57,328.0,9.0,124.0,12.0,24.0,109.0,7,4,2,10,3,0,0,0,0,0,0,3,11,0,2013,6,12,48
5956,1948,Phd,Divorced,45072.0,1,2,2013-10-16,74,144.0,2.0,99.0,7.0,2.0,30.0,5,6,1,4,8,0,0,0,0,0,0,3,11,0,2013,10,16,78
10430,1973,Graduation,Divorced,89694.0,1,1,2013-10-09,22,1126.0,28.0,211.0,37.0,28.0,42.0,3,4,3,4,5,0,1,1,1,0,0,3,11,0,2013,10,9,53
7875,1949,Graduation,Married,72025.0,0,0,2014-04-29,46,967.0,0.0,556.0,43.0,50.0,0.0,1,4,8,13,2,0,1,1,1,0,0,3,11,1,2014,4,29,77
7072,1973,Graduation,Married,67432.0,0,1,2013-03-29,69,432.0,79.0,341.0,120.5,81.0,126.5,2,8,5,4,4,0,0,0,0,0,0,3,11,0,2013,3,29,53
6255,1952,Master,Married,70545.0,0,1,2014-06-03,29,138.0,39.0,63.0,55.0,18.0,21.0,1,4,1,7,2,0,0,0,0,0,0,3,11,0,2014,6,3,74
6516,1989,Basic,Married,17487.0,1,0,2013-03-18,37,0.0,0.0,1.0,7.0,4.0,6.0,1,1,0,2,7,0,0,0,0,0,0,3,11,0,2013,3,18,37
5564,1969,Graduation,Married,62882.0,0,1,2012-08-09,26,509.0,81.0,497.0,78.0,24.0,97.0,2,7,5,6,4,0,0,0,0,0,0,3,11,0,2012,8,9,57
5682,1953,Phd,Single,64108.0,0,1,2013-03-23,8,948.0,10.0,86.0,13.0,21.0,21.0,4,6,9,11,5,0,0,0,0,0,0,3,11,0,2013,3,23,73
7458,1956,Master,Married,34941.0,1,1,2013-03-06,26,39.0,2.0,25.0,4.0,3.0,24.0,2,3,0,3,8,0,0,0,0,0,0,3,11,0,2013,3,6,70
5237,1950,Phd,Single,48767.0,1,2,2014-01-01,79,28.0,1.0,21.0,3.0,0.0,10.0,3,2,1,3,5,0,0,0,0,0,0,3,11,0,2014,1,1,76
7761,1978,2N Cycle,Married,38702.0,1,0,2013-08-01,71,13.0,11.0,24.0,13.0,8.0,40.0,2,3,0,4,6,0,0,0,0,0,0,3,11,0,2013,8,1,48
5278,1964,Graduation,Married,82224.0,0,0,2014-01-25,83,307.0,26.0,360.0,120.5,31.0,40.0,1,6,9,5,3,0,0,0,1,0,0,3,11,0,2014,1,25,62
3560,1952,Graduation,Married,83844.0,0,0,2013-05-12,57,901.0,31.0,345.0,75.0,31.0,126.5,1,4,4,11,1,0,0,1,0,0,0,3,11,0,2013,5,12,74
7235,1975,2N Cycle,Married,17003.0,1,0,2013-12-09,37,2.0,5.0,12.0,4.0,8.0,7.0,3,2,0,4,5,0,0,0,0,0,0,3,11,0,2013,12,9,51
10548,1995,Graduation,Single,71163.0,0,0,2014-03-09,30,283.0,17.0,372.0,120.5,81.0,44.0,1,3,8,12,1,0,0,0,0,0,0,3,11,0,2014,3,9,31
2281,1970,Graduation,Single,33697.0,1,0,2013-09-15,34,4.0,3.0,7.0,0.0,3.0,11.0,1,1,0,2,7,1,0,0,0,0,0,3,11,0,2013,9,15,56
4073,1954,2N Cycle,Married,63564.0,0,0,2014-01-29,0,769.0,80.0,252.0,15.0,34.0,65.0,1,10,10,7,6,1,0,0,0,0,0,3,11,1,2014,1,29,72
6974,1972,Phd,Married,83443.0,0,0,2013-12-31,89,518.0,42.0,556.0,55.0,56.0,84.0,1,6,10,5,2,0,0,0,0,0,0,3,11,0,2013,12,31,54
7938,1958,Phd,Married,51518.0,0,1,2013-10-03,92,350.0,8.0,66.0,17.0,4.0,4.0,2,3,2,10,3,0,0,0,0,0,0,3,11,0,2013,10,3,68
7094,1975,Graduation,Widow,58330.0,0,1,2013-12-25,87,445.0,53.0,213.0,104.0,81.0,126.5,1,6,4,13,4,0,0,0,0,0,0,3,11,0,2013,12,25,51
3667,1969,Graduation,Married,80952.0,0,0,2013-02-28,20,778.0,81.0,556.0,41.0,27.0,44.0,1,8,5,11,8,0,1,1,1,0,0,3,11,1,2013,2,28,57
7723,1979,Graduation,Married,75507.0,0,0,2014-05-02,56,709.0,81.0,374.0,104.0,80.0,80.0,1,8,6,6,3,0,0,0,0,0,0,3,11,0,2014,5,2,47
3870,1978,2N Cycle,Married,63855.0,0,0,2013-02-09,28,359.0,35.0,314.0,93.0,81.0,89.0,1,7,3,13,4,0,0,0,0,0,0,3,11,0,2013,2,9,48
4012,1972,Phd,Married,62220.0,0,1,2012-08-11,55,799.0,12.0,375.0,16.0,12.0,12.0,5,7,6,5,6,0,0,0,0,0,0,3,11,1,2012,8,11,54
5909,1964,Graduation,Married,58512.0,0,1,2013-09-19,25,895.0,10.0,101.0,13.0,0.0,126.5,5,3,4,8,8,0,0,0,0,0,0,3,11,0,2013,9,19,62
10470,1979,Master,Married,40662.0,1,0,2013-03-15,0,40.0,2.0,23.0,0.0,4.0,23.0,2,2,1,3,4,0,0,0,0,0,0,3,11,0,2013,3,15,47
6488,1959,Phd,Married,38829.0,0,1,2014-04-06,86,76.0,0.0,7.0,0.0,0.0,16.0,1,3,2,2,5,0,0,0,0,0,0,3,11,0,2014,4,6,67
10270,1981,2N Cycle,Married,35523.0,1,0,2013-10-03,8,11.0,5.0,22.0,12.0,5.0,11.0,2,3,0,3,7,0,0,0,0,0,0,3,11,0,2013,10,3,45
6887,1967,Graduation,Single,79146.0,1,1,2014-04-24,33,245.0,16.0,223.0,21.0,43.0,16.0,2,8,1,8,6,0,0,0,0,0,0,3,11,0,2014,4,24,59
6406,1988,Master,Married,78285.0,0,0,2013-10-28,13,647.0,81.0,391.0,120.5,67.0,40.0,1,6,4,10,3,0,0,0,0,0,0,3,11,0,2013,10,28,38
7573,1978,Phd,Single,31626.0,1,0,2013-05-10,12,39.0,1.0,9.0,2.0,1.0,34.0,1,2,1,2,7,1,0,0,0,0,0,3,11,1,2013,5,10,48
4508,1952,Graduation,Single,75127.0,0,0,2014-05-22,92,203.0,35.0,305.0,46.0,17.0,126.5,1,2,11,5,1,0,0,0,0,0,0,3,11,0,2014,5,22,74
221,1955,Graduation,Married,48726.0,0,1,2013-04-27,90,138.0,3.0,38.0,4.0,0.0,59.0,3,3,2,4,6,0,0,0,0,0,0,3,11,0,2013,4,27,71
5331,1977,Graduation,Married,74985.0,0,0,2012-09-11,8,587.0,51.0,556.0,120.5,0.0,86.0,1,3,6,7,2,0,0,0,0,0,0,3,11,0,2012,9,11,49
1911,1987,Graduation,Married,67430.0,0,0,2012-09-05,6,595.0,81.0,291.0,120.5,81.0,121.0,1,11,5,12,6,0,0,0,0,0,0,3,11,0,2012,9,5,39
20,1965,2N Cycle,Married,46891.0,0,1,2013-09-01,91,43.0,12.0,23.0,29.0,15.0,61.0,1,2,1,4,4,0,0,0,0,0,0,3,11,0,2013,9,1,61
8786,1956,Master,Married,62058.0,0,1,2013-05-26,52,301.0,7.0,74.0,10.0,0.0,58.0,4,6,1,7,6,0,0,0,0,0,0,3,11,0,2013,5,26,70
10582,1979,Graduation,Married,72063.0,0,1,2013-07-03,3,180.0,32.0,348.0,76.0,32.0,90.0,2,5,2,12,2,0,0,0,0,0,0,3,11,0,2013,7,3,47
1915,1951,Phd,Married,78939.0,0,0,2013-12-12,57,794.0,81.0,243.0,120.5,0.0,126.5,1,8,5,6,3,0,0,0,0,0,0,3,11,0,2013,12,12,75
8897,1965,Graduation,Single,42720.0,1,1,2013-04-24,9,392.0,5.0,91.0,28.0,26.0,112.0,8,7,3,7,8,0,0,0,0,0,0,3,11,1,2013,4,24,61
2371,1972,Graduation,Married,33622.0,1,1,2013-04-13,22,39.0,1.0,22.0,3.0,4.0,12.0,3,2,0,4,7,0,0,0,0,0,0,3,11,0,2013,4,13,54
4303,1957,Phd,Married,6835.0,0,1,2012-12-08,76,107.0,2.0,12.0,2.0,2.0,12.0,0,0,0,1,20,0,0,0,0,0,0,3,11,0,2012,12,8,69
6825,1953,Graduation,Married,41452.0,1,1,2013-03-06,86,13.0,0.0,3.0,0.0,0.0,0.0,1,1,0,2,7,0,0,0,0,0,0,3,11,0,2013,3,6,73
1072,1965,Phd,Single,40760.0,0,1,2013-08-30,64,70.0,0.0,17.0,0.0,0.0,6.0,2,2,1,3,6,0,0,0,0,0,0,3,11,0,2013,8,30,61
4964,1958,Phd,Married,74250.0,0,0,2014-01-26,90,680.0,11.0,392.0,75.0,0.0,0.0,1,2,11,4,1,0,0,0,0,0,0,3,11,0,2014,1,26,68
2461,1955,Master,Single,51124.0,1,1,2013-12-18,79,26.0,1.0,11.0,0.0,1.0,4.0,2,1,0,3,3,0,0,0,0,0,0,3,11,0,2013,12,18,71
10736,1971,Graduation,Single,72258.0,0,1,2013-09-12,28,522.0,0.0,522.0,120.5,81.0,126.5,2,6,9,5,2,0,0,0,0,0,0,3,11,0,2013,9,12,55
3194,1974,Phd,Single,71466.0,0,0,2014-04-05,86,412.0,12.0,546.0,78.0,81.0,0.0,1,4,4,10,1,0,0,0,0,0,0,3,11,0,2014,4,5,52
10839,1976,Graduation,Married,36283.0,1,1,2014-04-14,42,6.0,5.0,5.0,8.0,0.0,5.0,2,1,0,3,4,0,0,0,0,0,0,3,11,0,2014,4,14,50
49,1970,Graduation,Single,20587.0,1,0,2014-05-11,39,2.0,3.0,6.0,4.0,1.0,9.0,1,1,1,2,7,0,0,0,0,0,0,3,11,0,2014,5,11,56
4290,1972,Graduation,Married,30467.0,1,0,2014-03-19,8,1.0,3.0,8.0,2.0,5.0,5.0,1,1,0,2,7,0,0,0,0,0,0,3,11,0,2014,3,19,54
10219,1972,Graduation,Married,31590.0,1,0,2013-06-18,40,6.0,2.0,15.0,6.0,6.0,3.0,1,1,0,3,8,0,0,0,0,0,0,3,11,0,2013,6,18,54
4211,1986,Basic,Married,20425.0,1,0,2012-10-29,5,4.0,12.0,5.0,3.0,16.0,17.0,2,2,0,3,7,0,0,0,0,0,0,3,11,0,2012,10,29,40
1135,1960,Master,Married,17144.0,1,1,2014-02-15,96,18.0,2.0,19.0,0.0,2.0,6.0,5,3,0,4,7,0,0,0,0,0,0,3,11,0,2014,2,15,66
6299,1968,Phd,Divorced,42564.0,0,1,2013-01-02,28,324.0,48.0,186.0,39.0,18.0,126.5,6,6,8,4,7,1,0,0,0,0,0,3,11,1,2013,1,2,58
10846,1978,Master,Married,43783.0,1,0,2014-05-29,22,327.0,9.0,125.0,25.0,4.0,126.5,6,7,1,8,7,1,0,0,0,0,0,3,11,0,2014,5,29,48
347,1976,Graduation,Divorced,40780.0,0,1,2012-09-08,30,229.0,27.0,71.0,13.0,3.0,34.0,4,7,1,5,9,0,0,0,0,0,0,3,11,0,2012,9,8,50
6543,1945,Master,Married,62847.0,0,0,2013-01-15,45,521.0,81.0,556.0,80.0,76.0,61.0,1,3,6,4,2,0,0,0,0,0,0,3,11,0,2013,1,15,81
10446,1957,Phd,Married,82017.0,0,0,2012-11-07,58,184.0,23.0,446.0,30.0,23.0,23.0,1,5,4,7,2,0,1,1,1,0,0,3,11,1,2012,11,7,69
3479,1950,Graduation,Single,16813.0,0,0,2013-07-19,49,4.0,8.0,11.0,12.0,2.0,13.0,1,2,0,3,7,1,0,0,0,0,0,3,11,0,2013,7,19,76
11075,1978,Graduation,Married,51267.0,1,1,2013-10-29,37,183.0,2.0,64.0,7.0,2.0,12.0,4,3,3,5,4,0,0,0,0,0,0,3,11,0,2013,10,29,48
4442,1961,Graduation,Single,46524.0,0,1,2013-04-05,70,31.0,19.0,35.0,26.0,14.0,52.0,2,1,1,5,3,0,0,0,0,0,0,3,11,0,2013,4,5,65
199,1962,Master,Single,45183.0,0,0,2013-01-20,33,219.0,3.0,60.0,12.0,9.0,12.0,1,4,1,7,7,0,1,0,0,0,0,3,11,0,2013,1,20,64
6722,1954,Phd,Married,70421.0,0,1,2014-06-28,98,479.0,28.0,136.0,75.0,14.0,35.0,3,10,3,7,6,0,0,0,0,0,0,3,11,0,2014,6,28,72
796,1965,2N Cycle,Divorced,60161.0,0,1,2012-10-23,17,584.0,44.0,212.0,46.0,8.0,126.5,3,11,4,8,8,0,0,0,0,0,0,3,11,0,2012,10,23,61
3749,1973,Graduation,Married,73926.0,0,0,2013-03-02,54,627.0,81.0,556.0,120.5,81.0,15.0,1,6,5,12,3,0,0,0,0,0,0,3,11,0,2013,3,2,53
8523,1968,Graduation,Married,19329.0,1,0,2013-12-14,39,24.0,1.0,16.0,12.0,2.0,5.0,3,4,0,3,8,0,0,0,0,0,0,3,11,0,2013,12,14,58
310,1970,Master,Married,61872.0,0,1,2013-12-13,81,330.0,5.0,159.0,36.0,27.0,16.0,4,4,4,9,4,0,0,0,0,0,0,3,11,0,2013,12,13,56
8629,1956,Graduation,Widow,46984.0,1,1,2013-03-26,71,19.0,1.0,10.0,2.0,1.0,8.0,1,1,0,3,5,0,0,0,0,0,0,3,11,0,2013,3,26,70
236,1951,Graduation,Married,34838.0,1,1,2013-01-19,62,28.0,23.0,29.0,29.0,14.0,47.0,3,2,1,4,6,0,0,0,0,0,0,3,11,0,2013,1,19,75
9930,1944,Phd,Single,82716.0,0,0,2013-11-05,8,606.0,81.0,228.0,15.0,81.0,22.0,1,6,8,13,2,0,0,0,0,0,0,3,11,0,2013,11,5,82
3483,1958,Graduation,Married,48192.0,0,0,2013-04-06,76,1039.0,43.0,204.0,120.5,58.0,29.0,3,2,8,12,8,0,1,0,1,1,0,3,11,1,2013,4,6,68
4599,1976,Master,Married,49681.0,0,2,2013-11-04,66,411.0,0.0,26.0,0.0,0.0,21.0,6,7,1,7,7,0,0,0,0,0,0,3,11,0,2013,11,4,50
7326,1971,Master,Married,56850.0,0,1,2014-03-23,83,34.0,1.0,19.0,2.0,7.0,0.0,1,1,1,3,2,0,0,0,0,0,0,3,11,0,2014,3,23,55
7352,1957,Graduation,Married,55267.0,0,1,2013-10-21,28,161.0,28.0,136.0,32.0,3.0,45.0,4,3,4,6,3,0,0,0,0,0,0,3,11,0,2013,10,21,69
2350,1972,Graduation,Married,59666.0,1,1,2013-03-22,87,623.0,53.0,178.0,23.0,17.0,126.5,7,3,2,8,8,0,1,0,0,0,0,3,11,0,2013,3,22,54
9145,1972,Graduation,Single,72504.0,0,1,2013-04-06,43,604.0,26.0,470.0,120.5,81.0,94.0,2,5,9,6,2,0,0,0,0,0,0,3,11,0,2013,4,6,54
2964,1981,Graduation,Married,26872.0,0,0,2013-10-16,0,3.0,10.0,8.0,3.0,16.0,32.0,1,1,1,2,6,0,0,0,0,0,0,3,11,0,2013,10,16,45
5585,1972,Graduation,Single,21359.0,1,0,2013-04-20,1,12.0,2.0,17.0,6.0,1.0,10.0,2,2,0,3,8,0,0,0,0,0,0,3,11,1,2013,4,20,54
9687,1975,Graduation,Single,73170.0,0,0,2014-05-31,1,184.0,81.0,256.0,50.0,30.0,32.0,1,5,4,6,2,0,0,0,0,0,0,3,11,0,2014,5,31,51
3732,1955,Master,Married,52750.0,0,1,2013-02-04,72,393.0,0.0,239.0,90.0,69.0,69.0,6,5,7,9,4,0,0,0,0,0,0,3,11,0,2013,2,4,71
6303,1986,Phd,Married,91820.0,0,0,2013-11-23,72,410.0,73.0,556.0,76.0,81.0,30.0,0,5,5,12,1,0,0,0,0,0,0,3,11,0,2013,11,23,40
11176,1970,Phd,Married,65968.0,0,1,2014-05-12,12,376.0,9.0,83.0,19.0,4.0,4.0,2,5,4,7,3,0,0,0,0,0,0,3,11,0,2014,5,12,56
2986,1976,Graduation,Married,30772.0,1,1,2014-03-12,89,7.0,2.0,4.0,2.0,1.0,4.0,1,1,0,2,6,0,0,0,0,0,0,3,11,0,2014,3,12,50
7462,1954,Graduation,Single,22507.0,0,0,2012-11-24,67,68.0,0.0,226.0,51.0,81.0,68.0,3,10,2,4,9,0,0,0,0,0,0,3,11,0,2012,11,24,72
3900,1972,Graduation,Married,65685.0,0,1,2014-03-29,54,642.0,14.0,49.0,0.0,7.0,57.0,1,9,2,9,5,0,0,0,0,0,0,3,11,0,2014,3,29,54
7034,1978,2N Cycle,Married,25804.0,1,0,2013-09-01,34,8.0,7.0,9.0,13.0,6.0,12.0,2,2,0,3,8,0,0,0,0,0,0,3,11,0,2013,9,1,48
9493,1980,Phd,Single,76412.0,0,0,2013-05-05,15,840.0,53.0,556.0,23.0,71.0,17.0,1,5,4,8,3,0,0,1,1,0,0,3,11,1,2013,5,5,46
1143,1972,Graduation,Married,22063.0,1,0,2013-08-08,43,7.0,10.0,13.0,3.0,11.0,11.0,2,2,0,3,7,0,0,0,0,0,0,3,11,0,2013,8,8,54
1,1961,Graduation,Single,57091.0,0,0,2014-06-15,0,464.0,5.0,64.0,7.0,0.0,37.0,1,7,3,7,5,0,0,0,0,1,0,3,11,1,2014,6,15,65
3855,1963,Graduation,Married,22419.0,0,0,2013-04-18,74,30.0,3.0,47.0,19.0,21.0,42.0,1,3,2,2,8,0,0,0,0,0,0,3,11,0,2013,4,18,63
5536,1959,Graduation,Married,87771.0,0,1,2013-05-22,61,1224.0,38.0,287.0,50.0,57.0,33.0,1,5,10,4,6,0,1,1,1,1,0,3,11,1,2013,5,22,67
5989,1959,2N Cycle,Divorced,78353.0,0,1,2013-04-16,51,752.0,81.0,476.0,39.0,81.0,34.0,1,10,2,11,8,0,0,0,0,0,0,3,11,0,2013,4,16,67
9499,1954,Graduation,Married,93404.0,1,2,2013-05-07,97,1224.0,15.0,287.0,20.0,0.0,15.0,3,3,4,7,5,0,1,1,0,0,0,3,11,0,2013,5,7,72
6768,1962,Graduation,Divorced,37859.0,1,2,2013-01-12,75,22.0,1.0,8.0,2.0,1.0,2.0,2,1,0,3,8,0,0,0,0,0,0,3,11,0,2013,1,12,64
2150,1958,Phd,Widow,80995.0,0,1,2013-05-11,83,860.0,28.0,409.0,73.0,56.0,56.0,1,8,9,4,4,0,0,0,0,0,0,3,11,0,2013,5,11,68
6646,1984,Graduation,Married,16529.0,1,0,2014-03-01,23,3.0,0.0,5.0,13.0,0.0,1.0,1,1,0,3,6,0,0,0,0,0,0,3,11,0,2014,3,1,42
4887,1976,Phd,Divorced,55412.0,1,1,2013-11-22,65,10.0,5.0,28.0,11.0,1.0,8.0,1,2,0,3,5,0,0,0,0,0,0,3,11,0,2013,11,22,50
8560,1992,Graduation,Single,48789.0,0,0,2012-09-10,94,351.0,16.0,156.0,7.0,5.0,126.5,1,6,4,7,6,0,0,0,0,0,0,3,11,0,2012,9,10,34
3321,1967,Phd,Married,56575.0,0,2,2013-05-05,42,421.0,5.0,90.0,0.0,16.0,10.0,3,7,3,7,5,0,0,0,0,0,0,3,11,0,2013,5,5,59
11003,1980,2N Cycle,Married,25130.0,1,0,2013-10-02,10,2.0,5.0,7.0,0.0,18.0,18.0,2,2,0,3,7,0,0,0,0,0,0,3,11,0,2013,10,2,46
10402,1967,Graduation,Married,35441.0,1,1,2013-02-14,94,25.0,1.0,9.0,2.0,1.0,1.0,2,1,0,3,8,0,0,0,0,0,0,3,11,0,2013,2,14,59
9904,1956,Graduation,Married,71391.0,0,1,2013-03-29,50,336.0,81.0,274.0,46.0,81.0,126.5,5,6,5,12,3,0,0,0,0,0,0,3,11,0,2013,3,29,70
6141,1972,Master,Single,49494.0,1,0,2013-04-25,46,191.0,9.0,97.0,0.0,6.0,82.0,2,6,1,5,7,0,0,0,0,0,0,3,11,0,2013,4,25,54
5687,1980,Graduation,Divorced,81702.0,0,0,2012-09-23,98,563.0,50.0,556.0,28.0,31.0,126.5,1,7,7,12,3,0,0,0,0,0,0,3,11,0,2012,9,23,46
10856,1980,2N Cycle,Single,45889.0,0,1,2013-07-02,42,31.0,0.0,6.0,0.0,1.0,8.0,1,1,0,3,6,0,0,0,0,0,0,3,11,0,2013,7,2,46
5121,1977,Graduation,Single,56628.0,0,1,2014-03-21,30,479.0,5.0,82.0,7.0,17.0,126.5,2,7,6,5,5,1,0,0,0,0,0,3,11,0,2014,3,21,49
4186,1950,Graduation,Married,34026.0,1,1,2013-08-05,11,18.0,6.0,15.0,12.0,8.0,17.0,3,2,1,3,5,0,0,0,0,0,0,3,11,0,2013,8,5,76
368,1974,Graduation,Married,40049.0,0,1,2012-11-29,61,91.0,65.0,52.0,10.0,44.0,28.0,3,3,2,6,5,0,0,0,0,0,0,3,11,0,2012,11,29,52
3312,1988,Graduation,Single,34176.0,1,0,2014-05-12,12,5.0,7.0,24.0,19.0,14.0,20.0,4,3,0,4,6,0,0,0,0,0,0,3,11,0,2014,5,12,38
11121,1981,Graduation,Married,19419.0,1,0,2012-11-10,76,2.0,14.0,28.0,16.0,3.0,7.0,4,4,0,3,9,0,0,0,0,0,0,3,11,0,2012,11,10,45
5332,1960,2N Cycle,Married,82504.0,0,0,2013-07-27,2,362.0,50.0,431.0,120.5,35.0,54.0,1,3,6,7,1,0,0,0,0,0,0,3,11,0,2013,7,27,66
5848,1970,Graduation,Married,81205.0,0,0,2014-01-13,43,724.0,74.0,556.0,97.0,55.0,126.5,1,5,6,7,2,1,0,1,0,1,0,3,11,1,2014,1,13,56
10343,1991,2N Cycle,Single,61618.0,0,0,2012-09-29,27,605.0,81.0,399.0,0.0,45.0,126.5,2,3,6,8,3,0,0,0,0,0,0,3,11,0,2012,9,29,35
5935,1956,Master,Single,55284.0,0,1,2012-12-24,60,547.0,7.0,140.0,0.0,7.0,63.0,3,7,5,8,5,0,0,0,0,0,0,3,11,0,2012,12,24,70
2895,1963,Graduation,Single,49980.0,0,1,2013-10-23,79,104.0,1.0,54.0,13.0,9.0,14.0,2,3,1,5,5,0,0,0,0,0,0,3,11,0,2013,10,23,63
10262,1980,Graduation,Married,15072.0,2,0,2013-05-10,96,8.0,2.0,15.0,0.0,10.0,18.0,4,3,1,3,5,0,0,0,0,0,0,3,11,0,2013,5,10,46
7848,1974,Graduation,Single,49166.0,0,1,2013-06-13,17,224.0,2.0,25.0,7.0,0.0,110.0,2,5,3,3,6,0,0,0,0,0,0,3,11,0,2013,6,13,52
9477,1954,Phd,Married,65324.0,0,1,2014-01-11,0,384.0,0.0,102.0,21.0,32.0,5.0,3,6,2,9,4,0,0,0,0,0,0,3,11,0,2014,1,11,72
4856,1957,2N Cycle,Married,82347.0,0,0,2012-11-06,38,556.0,54.0,556.0,120.5,81.0,63.0,1,7,7,10,3,1,0,0,1,0,0,3,11,0,2012,11,6,69
7186,1966,Phd,Married,30843.0,1,1,2014-05-26,43,24.0,0.0,2.0,0.0,0.0,9.0,2,1,1,2,5,1,0,0,0,0,0,3,11,0,2014,5,26,60
5794,1974,Phd,Married,46374.0,0,1,2014-03-17,1,408.0,0.0,21.0,0.0,0.0,17.0,3,7,1,7,8,0,1,0,1,0,0,3,11,1,2014,3,17,52
1456,1979,Graduation,Single,60474.0,0,1,2013-04-01,25,265.0,81.0,303.0,120.5,9.0,126.5,7,10,2,12,7,0,0,0,0,0,0,3,11,0,2013,4,1,47
4877,1973,Master,Married,38576.0,0,1,2014-03-04,2,34.0,0.0,7.0,0.0,0.0,0.0,1,1,0,3,7,0,0,0,0,0,0,3,11,0,2014,3,4,53
425,1985,Graduation,Married,55357.0,2,0,2013-02-19,66,374.0,64.0,116.0,84.0,25.0,64.0,3,6,2,11,5,0,0,0,0,0,0,3,11,0,2013,2,19,41
3007,1966,Graduation,Married,37758.0,1,1,2012-10-04,49,27.0,2.0,10.0,0.0,0.0,1.0,2,1,0,3,8,0,0,0,0,0,0,3,11,0,2012,10,4,60
1031,1989,2N Cycle,Married,85710.0,0,0,2013-05-05,5,600.0,20.0,350.0,29.0,30.0,33.0,1,6,9,10,2,0,0,1,0,0,0,3,11,0,2013,5,5,37
4297,1969,Graduation,Married,23228.0,1,0,2014-01-26,71,13.0,2.0,18.0,6.0,1.0,0.0,2,2,0,3,8,0,0,0,0,0,0,3,11,0,2014,1,26,57
807,1969,Master,Married,44602.0,1,1,2014-02-15,35,167.0,2.0,89.0,0.0,0.0,34.0,6,6,1,4,8,0,0,0,0,0,0,3,11,0,2014,2,15,57
9553,1987,Graduation,Married,7500.0,0,0,2013-01-09,94,0.0,2.0,3.0,4.0,1.0,5.0,1,0,0,3,6,0,0,0,0,0,0,3,11,0,2013,1,9,39
4271,1989,2N Cycle,Married,38683.0,1,0,2012-10-04,80,46.0,35.0,69.0,84.0,41.0,66.0,6,4,1,6,7,0,0,0,0,0,0,3,11,0,2012,10,4,37
4120,1975,2N Cycle,Single,49514.0,1,0,2013-12-17,61,88.0,39.0,78.0,58.0,13.0,93.0,2,6,1,4,7,0,0,0,0,0,0,3,11,0,2013,12,17,51
2036,1973,Phd,Married,57906.0,0,1,2013-06-11,29,243.0,11.0,119.0,10.0,3.0,15.0,3,4,2,8,4,0,0,0,0,0,0,3,11,0,2013,6,11,53
115,1966,Master,Single,43456.0,0,1,2013-03-26,0,275.0,11.0,68.0,25.0,7.0,7.0,3,5,1,8,5,0,0,0,0,0,0,3,11,0,2013,3,26,60
4259,1986,Master,Single,19485.0,2,0,2013-09-24,80,6.0,0.0,4.0,0.0,0.0,0.0,1,1,0,2,7,0,0,0,0,0,0,3,11,0,2013,9,24,40
8687,1978,Graduation,Married,53172.0,0,1,2013-05-06,54,121.0,62.0,90.0,68.0,20.0,125.0,3,2,3,8,3,0,0,0,0,0,0,3,11,0,2013,5,6,48
2447,1979,Graduation,Married,30545.0,1,0,2012-10-17,71,4.0,12.0,15.0,19.0,7.0,12.0,2,2,0,3,7,0,0,0,0,0,0,3,11,0,2012,10,17,47
10140,1983,Phd,Married,70123.0,0,0,2013-09-28,27,1224.0,0.0,396.0,23.0,0.0,0.0,1,5,7,4,3,0,1,0,0,1,0,3,11,0,2013,9,28,43
9353,1959,Graduation,Single,62450.0,0,1,2014-01-06,61,515.0,47.0,267.0,62.0,66.0,38.0,2,5,5,4,3,0,1,0,0,0,0,3,11,0,2014,1,6,67
3623,1976,Graduation,Married,21675.0,1,0,2014-06-11,55,4.0,0.0,16.0,17.0,4.0,4.0,3,4,0,3,7,0,0,0,0,0,0,3,11,0,2014,6,11,50
738,1981,2N Cycle,Single,42395.0,1,1,2014-04-04,35,48.0,13.0,57.0,24.0,15.0,25.0,4,3,1,4,7,0,0,0,0,0,0,3,11,0,2014,4,4,45
7631,1978,Master,Married,61346.0,1,0,2013-10-06,34,562.0,58.0,168.0,43.0,16.0,126.5,1,5,7,10,3,0,0,0,0,0,0,3,11,0,2013,10,6,48
4789,1953,Graduation,Married,80812.0,0,0,2013-09-17,95,769.0,22.0,500.0,120.5,81.0,33.0,1,4,8,5,2,1,0,1,1,0,0,3,11,0,2013,9,17,73
773,1971,Master,Divorced,42835.0,1,1,2013-06-30,64,379.0,4.0,93.0,12.0,9.0,98.0,7,6,6,4,6,0,0,0,0,0,0,3,11,0,2013,6,30,55
10602,1983,Graduation,Married,39922.0,1,0,2013-02-14,30,29.0,12.0,59.0,19.0,1.0,36.0,2,3,0,4,8,0,0,0,0,0,0,3,11,0,2013,2,14,43
1446,1956,Master,Single,86424.0,0,0,2014-04-05,12,387.0,68.0,556.0,89.0,45.0,68.0,1,6,9,12,1,0,0,0,0,0,0,3,11,0,2014,4,5,70
3270,1978,2N Cycle,Married,17117.0,1,0,2013-01-17,96,12.0,23.0,38.0,30.0,18.0,7.0,4,3,1,3,9,0,0,0,0,0,0,3,11,0,2013,1,17,48
8443,1972,Graduation,Single,24762.0,1,0,2014-02-10,16,6.0,10.0,12.0,3.0,15.0,40.0,3,3,1,2,8,1,0,0,0,0,0,3,11,1,2014,2,10,54
9653,1975,Graduation,Married,35797.0,0,1,2012-10-16,16,27.0,1.0,14.0,4.0,1.0,21.0,2,2,0,3,8,0,0,0,0,0,0,3,11,0,2012,10,16,51
8916,1975,Graduation,Divorced,36627.0,2,0,2013-07-23,78,9.0,1.0,5.0,0.0,0.0,1.0,1,0,0,3,5,0,0,0,0,0,0,3,11,0,2013,7,23,51
8017,1981,2N Cycle,Married,51111.0,1,1,2014-06-19,83,22.0,0.0,19.0,6.0,5.0,3.0,2,2,0,3,6,0,0,0,0,0,0,3,11,0,2014,6,19,45
5830,1972,Phd,Single,86857.0,0,0,2012-09-12,96,899.0,81.0,556.0,120.5,81.0,40.0,1,5,6,10,2,0,0,0,0,0,0,3,11,1,2012,9,12,54
4597,1970,Phd,Married,82072.0,0,0,2013-07-02,67,889.0,55.0,556.0,120.5,81.0,126.5,1,3,2,13,1,0,0,0,0,0,0,3,11,0,2013,7,2,56
7023,1953,Phd,Single,46231.0,2,1,2012-11-26,87,189.0,2.0,55.0,0.0,5.0,12.0,4,6,1,4,9,0,0,0,0,0,0,3,11,0,2012,11,26,73
8086,1959,Graduation,Married,42243.0,1,1,2013-12-11,34,48.0,0.0,2.0,0.0,0.0,5.0,2,2,0,3,7,0,0,0,0,0,0,3,11,0,2013,12,11,67
8825,1962,Graduation,Married,51195.0,1,1,2013-04-01,46,230.0,14.0,156.0,82.0,24.0,58.0,8,9,2,5,8,0,0,0,0,0,0,3,11,0,2013,4,1,64
2930,1978,Master,Single,68092.0,0,0,2013-12-16,7,852.0,60.0,207.0,78.0,36.0,48.0,2,2,6,10,5,0,0,0,0,0,0,3,11,0,2013,12,16,48
1928,1973,Graduation,Married,31814.0,1,0,2013-02-09,73,35.0,3.0,20.0,4.0,1.0,20.0,2,2,0,3,9,1,0,0,0,0,0,3,11,0,2013,2,9,53
7108,1965,Master,Widow,51390.0,1,1,2012-09-08,54,205.0,20.0,47.0,23.0,2.0,56.0,6,5,2,5,5,0,0,0,0,0,0,3,11,0,2012,9,8,61
10925,1983,Graduation,Married,76630.0,0,0,2014-01-14,93,255.0,31.0,446.0,40.0,56.0,126.5,1,3,10,11,1,0,0,0,0,0,0,3,11,0,2014,1,14,43
9960,1991,Basic,Single,26868.0,1,0,2014-04-30,52,0.0,0.0,1.0,8.0,3.0,2.0,1,1,0,2,7,0,0,0,0,0,0,3,11,0,2014,4,30,35
8800,1943,Phd,Divorced,48948.0,0,0,2013-02-01,53,437.0,8.0,206.0,120.5,49.0,42.0,2,7,10,5,6,1,0,0,0,0,0,3,11,1,2013,2,1,83
9224,1972,Phd,Single,55260.0,0,1,2012-12-12,81,825.0,8.0,53.0,11.0,0.0,126.5,2,8,10,5,6,0,0,0,0,0,0,3,11,0,2012,12,12,54
5519,1956,Graduation,Married,64090.0,0,1,2013-08-07,8,316.0,58.0,161.0,76.0,51.0,126.5,1,6,9,4,5,0,0,0,0,0,0,3,11,1,2013,8,7,70
5046,1958,Graduation,Divorced,78331.0,0,1,2014-01-23,97,756.0,81.0,354.0,120.5,81.0,61.0,2,10,6,7,4,0,0,0,0,0,0,3,11,0,2014,1,23,68
7037,1974,Phd,Married,37087.0,1,0,2013-08-11,50,194.0,55.0,134.0,15.0,0.0,3.0,3,4,2,8,6,0,0,0,0,0,0,3,11,0,2013,8,11,52
905,1986,Graduation,Divorced,21846.0,1,0,2013-10-22,38,7.0,17.0,18.0,6.0,10.0,26.0,4,4,0,3,8,0,0,0,0,0,0,3,11,0,2013,10,22,40
8624,1958,Graduation,Married,81320.0,0,0,2013-02-06,61,183.0,33.0,493.0,59.0,81.0,57.0,1,4,3,10,2,0,0,0,0,0,0,3,11,0,2013,2,6,68
8945,1970,Graduation,Divorced,54137.0,0,1,2013-08-16,46,171.0,0.0,11.0,0.0,1.0,20.0,2,4,1,4,6,0,0,0,0,0,0,3,11,0,2013,8,16,56
6445,1967,Graduation,Married,66825.0,0,0,2013-07-14,73,243.0,81.0,405.0,29.0,40.0,40.0,1,4,5,6,2,0,0,0,0,0,0,3,11,0,2013,7,14,59
2727,1973,Graduation,Married,57100.0,0,0,2013-12-04,19,181.0,21.0,69.0,39.0,3.0,96.0,1,3,3,6,3,0,0,0,0,0,0,3,11,0,2013,12,4,53
6404,1969,Graduation,Married,58917.0,1,2,2013-03-24,10,151.0,7.0,89.0,0.0,7.0,28.0,5,4,1,6,5,0,0,0,0,0,0,3,11,0,2013,3,24,57
11074,1977,Graduation,Single,85072.0,0,0,2014-04-09,94,494.0,81.0,391.0,120.5,11.0,126.5,1,3,4,10,0,0,0,0,0,0,0,3,11,0,2014,4,9,49
10150,1961,Graduation,Single,86429.0,0,0,2013-11-21,10,464.0,28.0,556.0,29.0,18.0,37.0,0,7,4,7,2,0,0,0,1,0,0,3,11,1,2013,11,21,65
1968,1971,Graduation,Widow,45684.0,1,0,2013-12-02,37,5.0,1.0,5.0,10.0,0.0,7.0,1,1,0,2,7,0,0,0,0,0,0,3,11,0,2013,12,2,55
6534,1974,Graduation,Married,47889.0,1,0,2014-01-04,94,29.0,0.0,29.0,0.0,5.0,4.0,1,2,0,3,5,0,0,0,0,0,0,3,11,0,2014,1,4,52
9485,1986,Phd,Married,45921.0,0,0,2014-03-10,23,102.0,9.0,49.0,24.0,3.0,12.0,1,2,1,6,4,0,0,0,0,0,0,3,11,0,2014,3,10,40
7053,1966,Phd,Single,78420.0,0,0,2013-06-29,75,604.0,28.0,556.0,91.0,28.0,28.0,1,3,10,8,1,0,0,0,0,0,0,3,11,0,2013,6,29,60
4654,1992,Graduation,Married,75114.0,0,0,2013-11-07,40,571.0,12.0,523.0,63.0,60.0,24.0,1,3,10,5,2,0,0,0,0,0,0,3,11,0,2013,11,7,34
9760,1963,Phd,Widow,52278.0,0,1,2013-01-25,24,953.0,0.0,71.0,0.0,0.0,126.5,6,10,5,10,8,0,0,0,0,0,0,3,11,1,2013,1,25,63
1048,1972,Master,Married,35641.0,1,0,2013-07-14,11,63.0,3.0,67.0,8.0,9.0,28.0,2,3,1,4,7,0,0,0,0,0,0,3,11,1,2013,7,14,54
10619,1994,Graduation,Single,95529.0,0,0,2012-12-03,29,770.0,29.0,556.0,120.5,27.0,24.0,1,7,3,7,3,0,0,1,0,0,0,3,11,1,2012,12,3,32
9308,1954,Graduation,Married,62820.0,0,0,2013-05-11,51,398.0,61.0,265.0,120.5,61.0,53.0,1,3,4,6,1,0,0,0,0,0,0,3,11,0,2013,5,11,72
10505,1960,Master,Married,73113.0,0,0,2013-12-26,86,741.0,19.0,154.0,50.0,9.0,28.0,1,3,4,7,2,0,0,0,0,0,0,3,11,0,2013,12,26,66
8362,1982,Phd,Married,84169.0,0,0,2013-08-07,9,1224.0,19.0,403.0,0.0,19.0,0.0,1,7,6,6,3,0,1,1,0,0,0,3,11,1,2013,8,7,44
2625,1954,2N Cycle,Single,42607.0,0,1,2013-11-17,30,156.0,29.0,56.0,30.0,32.0,47.0,2,3,2,7,3,0,0,0,0,0,0,3,11,0,2013,11,17,72
4637,1954,Phd,Single,74637.0,0,0,2013-05-18,73,960.0,64.0,464.0,120.5,0.0,16.0,1,6,9,9,3,0,0,0,1,0,0,3,11,0,2013,5,18,72
9972,1955,Phd,Married,46015.0,1,1,2014-04-13,25,38.0,0.0,2.0,0.0,0.0,6.0,1,1,0,3,7,1,0,0,0,1,0,3,11,0,2014,4,13,71
4483,1993,Graduation,Single,72354.0,0,0,2013-04-17,67,315.0,26.0,473.0,120.5,12.0,126.5,1,2,10,6,1,0,0,0,0,0,0,3,11,0,2013,4,17,33
4487,1969,Master,Single,39858.0,1,0,2013-01-24,67,15.0,20.0,25.0,2.0,7.0,26.0,1,2,0,4,6,0,0,0,0,0,0,3,11,1,2013,1,24,57
4988,1948,Phd,Married,34469.0,1,1,2014-05-04,58,19.0,6.0,20.0,0.0,5.0,12.0,3,1,1,4,4,0,0,0,0,0,0,3,11,0,2014,5,4,78
8931,1986,Graduation,Married,83033.0,1,0,2014-05-18,82,812.0,81.0,431.0,120.5,81.0,33.0,1,11,4,10,5,0,0,0,1,0,0,3,11,0,2014,5,18,40
5871,1979,Master,Married,24401.0,0,0,2012-08-31,98,73.0,28.0,217.0,10.0,24.0,115.0,3,6,1,6,8,0,0,0,0,0,0,3,11,0,2012,8,31,47
2008,1978,Graduation,Married,77583.0,0,0,2014-02-10,93,372.0,23.0,384.0,120.5,12.0,108.0,1,4,5,9,2,0,0,0,1,0,0,3,11,0,2014,2,10,48
3139,1982,2N Cycle,Single,74116.0,0,0,2013-12-30,53,871.0,81.0,556.0,120.5,55.0,126.5,1,4,4,10,2,0,1,0,0,0,0,3,11,0,2013,12,30,44
10037,1993,Graduation,Single,74293.0,0,0,2014-05-04,66,375.0,81.0,335.0,93.0,81.0,81.0,1,5,4,6,2,0,0,0,0,0,0,3,11,0,2014,5,4,33
10673,1976,Phd,Married,68397.0,0,1,2013-11-17,6,760.0,80.0,466.0,17.0,13.0,80.0,1,6,9,5,3,0,0,0,0,0,0,3,11,0,2013,11,17,50
5303,1974,Phd,Married,79632.0,0,0,2014-04-08,42,471.0,0.0,510.0,99.0,21.0,12.0,1,6,4,9,2,0,0,0,0,0,0,3,11,0,2014,4,8,52
538,1989,Graduation,Single,46107.0,1,0,2014-02-10,78,31.0,9.0,27.0,16.0,9.0,33.0,1,1,1,4,3,0,0,0,0,0,0,3,11,0,2014,2,10,37
7922,1951,Phd,Single,64950.0,0,1,2012-08-12,29,819.0,0.0,72.0,12.0,0.0,63.0,2,11,2,10,7,0,1,0,0,0,0,3,11,0,2012,8,12,75
5692,1989,Basic,Married,25443.0,1,0,2012-12-22,82,1.0,4.0,3.0,8.0,9.0,7.0,1,1,0,3,8,0,0,0,0,0,0,3,11,0,2012,12,22,37
4843,1952,Graduation,Single,75127.0,0,0,2014-05-22,92,203.0,35.0,305.0,46.0,17.0,126.5,1,2,11,5,1,0,0,0,0,0,0,3,11,0,2014,5,22,74
6383,1971,Phd,Married,32892.0,1,0,2014-05-25,78,26.0,0.0,15.0,2.0,1.0,2.0,2,3,0,3,8,0,0,0,0,0,0,3,11,0,2014,5,25,55
1628,1971,Graduation,Married,71796.0,0,0,2013-10-24,54,354.0,21.0,311.0,120.5,75.0,32.0,1,9,3,4,4,0,0,0,0,0,0,3,11,0,2013,10,24,55
1204,1970,Phd,Married,67536.0,0,1,2013-05-22,45,1224.0,0.0,447.0,23.0,71.0,35.0,3,11,5,11,8,0,0,0,1,0,0,3,11,0,2013,5,22,56
3673,1971,Graduation,Single,55239.0,0,1,2013-07-14,59,371.0,17.0,238.0,23.0,24.0,106.0,3,7,5,11,5,0,0,0,0,0,0,3,11,0,2013,7,14,55
760,1975,Phd,Divorced,60554.0,1,0,2013-08-09,8,588.0,7.0,76.0,110.0,15.0,15.0,2,8,4,9,6,0,0,0,0,0,0,3,11,0,2013,8,9,51
8957,1952,2N Cycle,Single,64831.0,1,1,2013-06-10,51,480.0,81.0,249.0,75.0,81.0,126.5,8,6,3,5,6,0,0,0,0,0,0,3,11,0,2013,6,10,74
4128,1962,Phd,Married,56067.0,0,1,2013-07-20,51,517.0,12.0,54.0,16.0,6.0,120.0,2,7,4,7,5,0,0,0,0,0,0,3,11,0,2013,7,20,64
6810,1983,Graduation,Divorced,82025.0,0,0,2013-05-28,76,267.0,81.0,556.0,48.0,70.0,98.0,1,3,2,6,1,0,0,1,0,0,0,3,11,1,2013,5,28,43
5386,1953,Graduation,Married,94384.0,0,0,2013-03-04,62,1111.0,24.0,556.0,120.5,45.0,126.5,0,5,8,5,2,0,1,1,1,0,0,3,11,1,2013,3,4,73
8700,1986,Basic,Single,14906.0,0,0,2012-12-22,86,7.0,7.0,14.0,7.0,16.0,15.0,3,2,1,3,7,0,0,0,0,0,0,3,11,0,2012,12,22,40
3202,1987,Phd,Married,51563.0,0,0,2012-10-01,60,1166.0,0.0,48.0,0.0,0.0,36.0,1,4,4,10,8,0,1,1,0,0,0,3,11,0,2012,10,1,39
1328,1982,2N Cycle,Married,57937.0,0,1,2014-02-16,56,261.0,42.0,144.0,55.0,48.0,126.5,3,4,4,9,3,0,0,0,0,0,0,3,11,0,2014,2,16,44
8405,1979,Graduation,Divorced,68274.0,1,1,2013-09-30,83,135.0,25.0,51.0,23.0,25.0,46.0,2,4,2,5,3,0,0,0,0,0,0,3,11,0,2013,9,30,47
6515,1977,Graduation,Married,39771.0,1,0,2013-12-06,92,6.0,2.0,18.0,2.0,8.0,14.0,1,2,0,3,4,0,0,0,0,0,0,3,11,0,2013,12,6,49
2882,1975,2N Cycle,Divorced,67893.0,0,1,2012-10-01,31,711.0,28.0,142.0,49.0,18.0,47.0,2,3,2,9,8,0,0,0,0,0,0,3,11,0,2012,10,1,51
7574,1979,Phd,Married,27922.0,1,0,2014-05-10,80,11.0,0.0,13.0,2.0,4.0,11.0,1,2,0,3,4,0,0,0,0,0,0,3,11,0,2014,5,10,47
6387,1976,Phd,Married,52190.0,1,1,2014-05-08,39,42.0,0.0,17.0,0.0,0.0,18.0,3,2,1,3,5,1,0,0,0,0,0,3,11,0,2014,5,8,50
5320,1973,Master,Divorced,44051.0,1,1,2013-01-29,20,79.0,7.0,58.0,6.0,3.0,18.0,4,3,1,4,6,0,0,0,0,0,0,3,11,1,2013,1,29,53
5048,1971,Phd,Single,42767.0,2,0,2013-05-11,53,20.0,6.0,43.0,19.0,5.0,38.0,1,3,1,2,8,0,0,0,0,0,0,3,11,0,2013,5,11,55
8146,1976,Master,Married,46106.0,1,1,2014-05-11,84,30.0,0.0,8.0,2.0,0.0,14.0,1,1,1,2,6,0,0,0,0,0,0,3,11,0,2014,5,11,50
10031,1976,Phd,Married,16927.0,1,1,2013-02-10,50,20.0,2.0,23.0,3.0,1.0,4.0,5,3,0,4,8,0,0,0,0,0,0,3,11,0,2013,2,10,50
5748,1965,Graduation,Married,59754.0,0,1,2012-12-01,96,115.0,27.0,44.0,4.0,81.0,126.5,3,5,2,6,5,0,0,0,0,0,0,3,11,1,2012,12,1,61
2134,1952,Graduation,Single,53700.0,0,1,2012-08-17,94,263.0,5.0,233.0,69.0,41.0,83.0,4,5,5,8,5,0,0,0,0,0,0,3,11,0,2012,8,17,74
1523,1973,Graduation,Married,59041.0,1,1,2014-05-07,25,69.0,2.0,15.0,2.0,2.0,6.0,2,2,0,4,5,0,0,0,0,0,0,3,11,0,2014,5,7,53
9665,1957,Phd,Divorced,54237.0,0,1,2013-04-27,48,267.0,3.0,30.0,4.0,0.0,57.0,4,5,2,5,6,0,0,0,0,0,0,3,11,0,2013,4,27,69
4640,1967,Graduation,Divorced,70647.0,0,1,2012-09-21,65,561.0,81.0,171.0,25.0,81.0,114.0,2,4,7,13,2,0,0,0,0,0,0,3,11,0,2012,9,21,59
3635,1962,Phd,Single,52597.0,0,1,2014-05-07,69,492.0,0.0,37.0,7.0,0.0,42.0,3,6,3,8,5,0,0,0,0,0,0,3,11,0,2014,5,7,64
3547,1969,Master,Married,41021.0,1,0,2012-12-30,12,14.0,7.0,9.0,6.0,16.0,12.0,2,2,0,3,6,0,0,0,0,0,0,3,11,1,2012,12,30,57
2456,1975,Phd,Married,40233.0,0,1,2013-10-14,84,80.0,4.0,46.0,0.0,17.0,2.0,5,2,1,5,6,0,0,0,0,0,0,3,11,0,2013,10,14,51
5633,1980,Graduation,Married,50183.0,1,1,2014-06-25,47,97.0,12.0,84.0,13.0,10.0,15.0,7,3,1,6,5,0,0,0,0,0,0,3,11,0,2014,6,25,46
7801,1959,Graduation,Married,54753.0,0,1,2013-09-12,87,197.0,81.0,227.0,7.0,59.0,126.5,3,5,2,11,4,0,0,0,0,0,0,3,11,0,2013,9,12,67
10489,1973,Graduation,Married,92955.0,0,0,2013-08-19,35,693.0,21.0,556.0,31.0,24.0,84.0,1,6,7,9,2,0,0,1,1,0,0,3,11,1,2013,8,19,53
7011,1973,Graduation,Married,33471.0,1,0,2012-10-12,47,43.0,2.0,27.0,0.0,9.0,12.0,3,3,0,4,7,0,0,0,0,0,0,3,11,0,2012,10,12,53
2620,1974,Phd,Married,34596.0,1,0,2013-04-13,48,14.0,0.0,2.0,0.0,0.0,7.0,1,1,0,2,8,0,0,0,0,0,0,3,11,1,2013,4,13,52
3933,1980,Graduation,Married,44010.0,1,0,2012-10-13,46,186.0,36.0,234.0,86.0,72.0,48.0,6,10,2,6,9,0,0,0,0,0,0,3,11,0,2012,10,13,46
10981,1988,Graduation,Married,84219.0,0,0,2014-02-02,27,434.0,81.0,400.0,45.0,81.0,45.0,1,3,4,10,1,0,0,0,0,0,0,3,11,0,2014,2,2,38
1734,1968,Phd,Married,40706.0,2,1,2013-01-17,37,59.0,0.0,11.0,4.0,2.0,5.0,4,3,0,4,7,0,0,0,0,0,0,3,11,0,2013,1,17,58
10995,1988,2N Cycle,Married,15716.0,1,0,2012-11-12,8,16.0,5.0,30.0,8.0,7.0,26.0,3,3,0,4,8,0,0,0,0,0,1,3,11,0,2012,11,12,38
6357,1959,2N Cycle,Divorced,59052.0,0,1,2013-11-17,29,230.0,35.0,75.0,63.0,57.0,31.0,3,7,1,7,5,0,0,0,0,0,0,3,11,0,2013,11,17,67
9209,1971,Master,Married,80573.0,0,0,2012-10-14,85,829.0,81.0,430.0,60.0,81.0,15.0,1,4,6,13,2,0,0,0,0,0,0,3,11,0,2012,10,14,55
10286,1962,Graduation,Married,83715.0,0,0,2014-02-03,2,318.0,8.0,407.0,120.5,35.0,8.0,1,2,8,13,0,0,0,0,0,0,0,3,11,0,2014,2,3,64
2611,1959,Master,Married,82576.0,0,0,2012-08-01,66,1206.0,55.0,445.0,120.5,18.0,18.0,1,2,4,12,1,0,0,1,0,0,0,3,11,0,2012,8,1,67
1600,1965,Master,Married,56962.0,2,1,2013-10-11,60,292.0,3.0,77.0,10.0,3.0,26.0,7,6,3,5,7,0,0,0,0,0,0,3,11,0,2013,10,11,61
3308,1952,Graduation,Married,35704.0,1,1,2014-01-03,54,30.0,9.0,12.0,2.0,11.0,30.0,3,2,0,4,4,0,0,0,0,0,0,3,11,0,2014,1,3,74
5407,1954,Graduation,Married,53103.0,0,1,2013-09-12,70,729.0,17.0,133.0,11.0,0.0,126.5,5,10,6,7,7,1,0,0,0,0,0,3,11,0,2013,9,12,72
2166,1960,2N Cycle,Widow,46779.0,1,1,2013-07-12,55,12.0,1.0,3.0,0.0,0.0,7.0,1,0,1,2,4,0,0,0,0,0,0,3,11,0,2013,7,12,66
3955,1965,Graduation,Divorced,4861.0,0,0,2014-06-22,20,2.0,1.0,1.0,1.0,0.0,1.0,0,0,0,0,14,0,0,0,0,0,0,3,11,0,2014,6,22,61
6634,1979,Master,Divorced,33462.0,1,0,2013-08-07,78,22.0,3.0,18.0,0.0,0.0,11.0,1,2,0,3,7,0,0,0,0,0,0,3,11,0,2013,8,7,47
3056,1978,Graduation,Divorced,63693.0,0,1,2013-10-14,63,587.0,43.0,337.0,42.0,81.0,54.0,3,11,6,9,6,0,0,0,0,0,0,3,11,0,2013,10,14,48
5718,1950,Graduation,Married,80763.0,0,0,2013-08-15,17,674.0,81.0,108.0,120.5,42.0,126.5,1,5,11,6,3,0,0,1,1,0,0,3,11,1,2013,8,15,76
6872,1974,Phd,Married,65352.0,0,1,2013-08-21,43,284.0,3.0,84.0,4.0,7.0,23.0,2,4,2,8,4,0,0,0,0,0,0,3,11,0,2013,8,21,52
8164,1978,Phd,Married,82170.0,0,0,2013-11-25,13,1023.0,81.0,556.0,49.0,55.0,37.0,1,5,6,7,2,0,0,0,0,0,0,3,11,0,2013,11,25,48
4580,1969,Graduation,Married,75759.0,0,0,2013-10-25,46,1224.0,22.0,556.0,89.0,81.0,126.5,1,9,7,9,5,1,0,1,1,0,0,3,11,1,2013,10,25,57
9305,1976,2N Cycle,Single,79689.0,0,0,2013-05-12,65,311.0,26.0,556.0,120.5,37.0,121.0,1,4,9,13,2,0,0,0,0,0,0,3,11,0,2013,5,12,50
453,1956,Phd,Widow,35340.0,1,1,2014-06-29,1,27.0,0.0,12.0,0.0,1.0,5.0,2,2,0,3,5,0,0,0,0,0,0,3,11,0,2014,6,29,70
8545,1954,Graduation,Divorced,85683.0,0,0,2014-03-21,6,1224.0,17.0,311.0,45.0,69.0,51.0,1,2,4,10,1,0,1,1,1,1,0,3,11,1,2014,3,21,72
9850,1972,2N Cycle,Married,24884.0,1,0,2012-11-29,32,3.0,6.0,7.0,0.0,0.0,3.0,1,0,0,3,7,0,0,0,0,0,0,3,11,0,2012,11,29,54
7378,1981,Master,Married,42021.0,1,0,2012-08-31,34,393.0,5.0,136.0,7.0,5.0,27.0,5,10,1,6,9,1,0,0,0,0,0,3,11,0,2012,8,31,45
7646,1989,Graduation,Single,64449.0,1,0,2014-02-18,70,218.0,63.0,282.0,120.5,35.0,70.0,4,5,3,12,4,0,0,0,0,0,0,3,11,0,2014,2,18,37
1640,1954,Graduation,Divorced,64587.0,1,1,2014-06-22,49,66.0,0.0,16.0,0.0,6.0,20.0,2,1,1,4,3,0,0,0,0,0,0,3,11,0,2014,6,22,72
5184,1995,Graduation,Single,34824.0,0,0,2014-03-26,65,4.0,2.0,11.0,2.0,0.0,4.0,1,1,0,2,6,0,0,0,0,0,0,3,11,0,2014,3,26,31
8492,1978,Graduation,Married,75437.0,0,0,2013-11-09,25,795.0,0.0,545.0,95.0,58.0,0.0,1,8,4,10,6,0,0,0,1,0,0,3,11,0,2013,11,9,48
11188,1957,Graduation,Married,26091.0,1,1,2014-02-25,84,15.0,10.0,19.0,8.0,17.0,20.0,3,2,1,3,5,0,0,0,0,0,0,3,11,0,2014,2,25,69
1212,1973,Graduation,Married,52845.0,1,0,2013-08-13,7,384.0,25.0,292.0,120.5,41.0,64.0,3,8,8,6,6,1,0,0,0,0,0,3,11,0,2013,8,13,53
9097,1956,Graduation,Divorced,46086.0,0,1,2013-11-03,34,244.0,8.0,32.0,7.0,2.0,50.0,4,3,1,8,4,0,0,0,0,0,0,3,11,0,2013,11,3,70
10473,1956,Phd,Widow,78028.0,0,1,2012-09-10,38,158.0,19.0,288.0,25.0,0.0,38.0,1,6,4,9,7,0,1,1,0,0,0,3,11,1,2012,9,10,70
7962,1987,Phd,Single,95169.0,0,0,2013-10-09,1,1224.0,21.0,449.0,106.0,20.0,20.0,1,4,3,4,1,0,0,1,1,0,0,3,11,1,2013,10,9,39
9984,1981,2N Cycle,Married,56337.0,1,1,2013-03-27,25,349.0,16.0,144.0,28.0,5.0,126.5,5,8,5,4,8,1,0,0,1,0,0,3,11,1,2013,3,27,45
5527,1987,Graduation,Married,22434.0,1,0,2013-02-13,25,4.0,12.0,11.0,3.0,13.0,15.0,2,2,0,3,8,0,0,0,0,0,0,3,11,0,2013,2,13,39
6374,1954,Phd,Married,36930.0,0,1,2013-05-17,50,223.0,2.0,31.0,0.0,2.0,39.0,5,5,2,4,8,0,0,0,0,0,0,3,11,0,2013,5,17,72
7453,1954,Graduation,Single,36130.0,0,1,2013-02-02,46,157.0,43.0,127.0,68.0,56.0,37.0,6,3,8,4,4,1,0,0,0,0,0,3,11,1,2013,2,2,72
8952,1953,Master,Married,65569.0,0,1,2012-11-05,96,397.0,46.0,288.0,20.0,38.0,70.0,2,6,5,10,3,0,0,0,0,0,0,3,11,0,2012,11,5,73
241,1952,Graduation,Married,83844.0,0,0,2013-05-12,57,901.0,31.0,345.0,75.0,31.0,126.5,1,4,4,11,1,0,0,1,0,0,0,3,11,0,2013,5,12,74
8975,1968,Graduation,Married,19514.0,1,1,2014-01-26,47,14.0,3.0,21.0,2.0,1.0,28.0,4,3,1,2,8,1,0,0,0,0,0,3,11,0,2014,1,26,58
6119,1963,Phd,Single,36736.0,1,1,2013-05-10,52,10.0,0.0,3.0,0.0,0.0,4.0,1,1,0,2,6,0,0,0,0,0,0,3,11,0,2013,5,10,63
5236,1979,Graduation,Married,77568.0,0,1,2012-08-25,30,1224.0,0.0,396.0,120.5,81.0,126.5,1,10,2,8,5,0,1,1,1,0,0,3,11,0,2012,8,25,47
5723,1976,Phd,Married,49187.0,0,1,2014-01-11,63,81.0,1.0,31.0,2.0,1.0,0.0,1,1,1,5,2,0,0,0,0,0,0,3,11,0,2014,1,11,50
1710,1978,Graduation,Single,30168.0,1,0,2013-03-07,51,154.0,20.0,66.0,0.0,12.0,27.0,7,6,1,4,9,0,0,0,0,0,0,3,11,0,2013,3,7,48
1970,1968,Master,Married,34053.0,0,1,2012-09-10,14,63.0,0.0,21.0,7.0,0.0,12.0,1,3,0,3,8,0,0,0,0,0,0,3,11,0,2012,9,10,58
5313,1971,Master,Married,38196.0,1,1,2014-04-18,20,30.0,0.0,11.0,0.0,0.0,3.0,3,2,0,4,5,0,0,0,0,0,0,3,11,0,2014,4,18,55
10634,1951,Master,Married,59412.0,0,0,2014-04-19,56,90.0,67.0,165.0,30.0,43.0,11.0,1,4,2,8,3,0,0,0,0,0,0,3,11,0,2014,4,19,75
7010,1965,2N Cycle,Married,70924.0,0,0,2014-04-07,41,635.0,81.0,254.0,120.5,81.0,76.0,1,6,6,7,3,0,0,1,0,0,0,3,11,0,2014,4,7,61
8562,1969,Graduation,Married,54165.0,0,0,2013-05-28,72,127.0,4.0,73.0,15.0,6.0,11.0,1,2,1,7,2,0,0,0,0,0,0,3,11,0,2013,5,28,57
3158,1973,Graduation,Married,32300.0,1,0,2013-01-03,1,13.0,3.0,6.0,6.0,5.0,6.0,1,1,0,3,8,0,0,0,0,0,0,3,11,0,2013,1,3,53
4436,1976,Graduation,Single,20180.0,0,0,2013-02-20,27,18.0,42.0,24.0,15.0,20.0,18.0,1,2,1,4,7,0,0,0,0,0,0,3,11,0,2013,2,20,50
5287,1973,Graduation,Married,34961.0,1,0,2014-06-19,77,45.0,2.0,26.0,4.0,1.0,1.0,3,3,1,3,7,0,0,0,0,0,0,3,11,0,2014,6,19,53
2445,1974,Phd,Married,28440.0,1,0,2013-07-07,87,38.0,1.0,24.0,0.0,0.0,0.0,1,2,0,3,8,0,0,0,0,0,0,3,11,0,2013,7,7,52
6059,1953,Phd,Married,64504.0,1,2,2013-03-04,81,986.0,36.0,168.0,16.0,0.0,108.0,7,11,3,4,7,0,0,0,0,0,0,3,11,1,2013,3,4,73
4550,1966,Master,Married,33564.0,0,1,2014-06-24,51,61.0,0.0,3.0,0.0,0.0,7.0,1,1,1,3,5,0,0,0,0,0,0,3,11,0,2014,6,24,60
4240,1978,Graduation,Married,17345.0,1,0,2012-11-03,79,4.0,9.0,16.0,17.0,0.0,12.0,2,2,1,2,8,0,0,0,0,0,0,3,11,0,2012,11,3,48
8911,1967,Phd,Married,56320.0,0,1,2013-04-08,11,201.0,53.0,172.0,116.0,77.0,83.0,3,5,4,9,4,0,0,0,0,0,0,3,11,0,2013,4,8,59
3706,1978,Graduation,Single,28647.0,1,0,2013-08-21,54,19.0,8.0,29.0,0.0,12.0,26.0,1,2,2,2,7,1,0,0,0,0,0,3,11,1,2013,8,21,48
3628,1987,Basic,Single,15038.0,1,0,2013-01-29,93,4.0,8.0,11.0,19.0,12.0,26.0,2,2,1,2,9,0,0,0,0,0,0,3,11,0,2013,1,29,39
10175,1958,Phd,Divorced,32173.0,0,1,2013-08-01,0,18.0,0.0,2.0,0.0,0.0,2.0,1,1,0,3,4,0,0,0,0,0,0,3,11,0,2013,8,1,68
8985,1964,2N Cycle,Married,68316.0,0,1,2012-11-04,54,806.0,80.0,161.0,120.0,11.0,33.0,5,10,7,10,6,0,0,0,0,0,0,3,11,0,2012,11,4,62
5204,1971,Graduation,Married,74538.0,0,0,2013-06-29,21,380.0,81.0,556.0,110.0,81.0,28.0,1,8,8,5,3,0,0,1,0,0,0,3,11,1,2013,6,29,55
9220,1971,Graduation,Single,91700.0,0,0,2013-01-17,58,576.0,81.0,556.0,120.5,81.0,19.0,1,8,6,5,3,0,0,0,0,0,0,3,11,1,2013,1,17,55
9888,1969,Graduation,Married,68695.0,0,0,2014-06-25,3,458.0,81.0,356.0,106.0,50.0,40.0,1,4,4,7,2,0,0,0,0,0,0,3,11,0,2014,6,25,57
5263,1977,2N Cycle,Married,31056.0,1,0,2013-01-22,99,5.0,10.0,13.0,3.0,8.0,16.0,1,1,0,3,8,0,0,0,0,0,0,3,11,0,2013,1,22,49
1020,1973,Graduation,Married,79593.0,0,0,2014-05-12,70,350.0,60.0,556.0,110.0,81.0,126.5,1,5,6,7,2,0,0,1,0,0,0,3,11,0,2014,5,12,53
9503,1980,Graduation,Single,28071.0,0,0,2012-08-29,65,39.0,33.0,130.0,41.0,26.0,44.0,2,5,1,5,8,0,0,0,0,0,0,3,11,0,2012,8,29,46
10613,1958,Phd,Married,37334.0,1,1,2014-02-26,44,26.0,1.0,16.0,2.0,2.0,15.0,4,3,0,4,4,0,0,0,0,0,0,3,11,0,2014,2,26,68
67,1972,Master,Single,46423.0,1,1,2013-09-18,6,68.0,0.0,16.0,0.0,0.0,8.0,3,2,0,4,7,0,0,0,0,0,0,3,11,0,2013,9,18,54
6019,1971,Phd,Married,37126.0,1,0,2014-03-30,9,45.0,3.0,9.0,4.0,4.0,7.0,1,1,2,2,6,1,0,0,0,0,0,3,11,1,2014,3,30,55
5863,1953,Graduation,Married,47703.0,0,1,2013-05-29,95,359.0,0.0,134.0,13.0,26.0,123.0,4,6,3,8,5,0,0,0,0,0,0,3,11,0,2013,5,29,73
3717,1959,Graduation,Married,61180.0,0,1,2014-04-23,70,403.0,24.0,29.0,6.0,24.0,126.5,2,5,5,6,3,1,0,0,0,0,0,3,11,0,2014,4,23,67
6730,1954,Graduation,Married,38998.0,1,1,2012-11-03,92,34.0,1.0,14.0,0.0,0.0,5.0,3,2,0,3,8,0,0,0,0,0,1,3,11,0,2012,11,3,72
10749,1991,Graduation,Single,8028.0,0,0,2012-09-18,62,73.0,18.0,66.0,7.0,12.0,2.0,15,0,1,0,19,0,0,0,0,0,0,3,11,0,2012,9,18,35
4998,1962,Graduation,Married,76081.0,0,0,2014-05-23,85,292.0,30.0,415.0,63.0,33.0,126.5,1,4,5,4,2,0,0,0,1,0,0,3,11,0,2014,5,23,64
6287,1986,Graduation,Married,34728.0,1,0,2013-07-30,2,14.0,0.0,16.0,0.0,0.0,6.0,1,1,1,2,6,0,0,0,0,0,0,3,11,1,2013,7,30,40
5985,1965,Master,Single,33168.0,0,1,2012-10-13,0,80.0,1.0,37.0,0.0,1.0,3.0,3,2,1,4,7,0,0,0,0,0,0,3,11,0,2012,10,13,61
4754,1966,Master,Married,33585.0,0,1,2013-09-25,91,30.0,11.0,33.0,13.0,6.0,29.0,1,2,0,4,4,0,0,0,0,0,0,3,11,0,2013,9,25,60
4002,1960,Phd,Married,77037.0,0,1,2013-10-13,3,463.0,81.0,333.0,120.5,53.0,10.0,1,7,7,12,3,0,0,0,0,0,0,3,11,0,2013,10,13,66
8870,1984,Graduation,Married,35196.0,1,0,2012-11-13,68,75.0,12.0,141.0,43.0,39.0,126.5,6,6,1,5,8,0,0,0,0,0,0,3,11,1,2012,11,13,42
966,1966,Graduation,Married,44529.0,0,1,2013-07-05,98,538.0,13.0,91.0,17.0,6.0,26.0,6,6,2,11,5,0,1,0,0,0,0,3,11,0,2013,7,5,60
4767,1965,2N Cycle,Married,70924.0,0,0,2014-04-07,41,635.0,81.0,254.0,120.5,81.0,76.0,1,6,6,7,3,0,0,1,0,0,0,3,11,0,2014,4,7,61
9725,1966,Phd,Married,28764.0,1,1,2014-06-05,16,8.0,0.0,3.0,0.0,0.0,1.0,1,1,0,2,8,1,0,0,0,0,0,3,11,0,2014,6,5,60
4475,1949,Phd,Married,69098.0,0,0,2013-02-16,82,1224.0,22.0,556.0,120.5,0.0,126.5,1,7,8,9,5,0,0,0,0,0,0,3,11,0,2013,2,16,77
5740,1970,2N Cycle,Divorced,25959.0,1,1,2013-02-14,1,4.0,2.0,12.0,7.0,5.0,26.0,2,1,2,2,6,0,0,0,0,0,0,3,11,1,2013,2,14,56
5731,1983,Master,Married,27100.0,1,0,2013-04-05,64,12.0,0.0,13.0,2.0,0.0,10.0,1,1,0,3,7,0,0,0,0,0,0,3,11,0,2013,4,5,43
7290,1985,Graduation,Single,70596.0,0,0,2012-10-05,68,347.0,44.0,534.0,17.0,0.0,26.0,1,3,5,12,2,0,0,0,0,0,0,3,11,0,2012,10,5,41
3846,1974,Graduation,Married,42557.0,0,1,2012-08-29,98,192.0,5.0,53.0,0.0,5.0,15.0,4,6,1,4,8,0,0,0,0,0,0,3,11,0,2012,8,29,52
8104,1951,Phd,Married,53312.0,0,0,2013-08-09,32,241.0,0.0,12.0,0.0,0.0,25.0,1,5,1,5,7,0,0,0,0,0,0,3,11,0,2013,8,9,75
4507,1952,Graduation,Single,72228.0,0,0,2012-11-27,87,631.0,28.0,491.0,30.0,14.0,56.0,1,6,7,8,3,0,0,0,0,0,0,3,11,0,2012,11,27,74
11013,1987,Graduation,Married,67605.0,0,0,2013-03-31,84,336.0,28.0,282.0,120.5,54.0,54.0,1,2,8,6,1,0,0,0,0,0,0,3,11,0,2013,3,31,39
4491,1949,Master,Married,62845.0,1,1,2012-10-01,3,1099.0,0.0,45.0,0.0,0.0,34.0,11,3,4,10,8,0,1,0,0,0,0,3,11,0,2012,10,1,77
3759,1958,Graduation,Married,65196.0,0,2,2013-07-25,34,743.0,19.0,181.0,12.0,0.0,126.5,2,7,6,11,5,1,0,0,0,0,0,3,11,0,2013,7,25,68
1162,1987,Phd,Single,42000.0,0,0,2013-01-10,23,124.0,81.0,267.0,85.0,59.0,35.0,2,5,2,11,5,0,0,0,0,0,0,3,11,1,2013,1,10,39
2055,1973,Phd,Divorced,35860.0,1,1,2014-05-19,37,15.0,0.0,8.0,4.0,2.0,20.0,2,1,1,2,5,1,0,0,0,0,0,3,11,0,2014,5,19,53
10766,1964,Phd,Married,65526.0,0,1,2014-04-11,22,397.0,19.0,69.0,12.0,0.0,9.0,1,4,4,8,2,0,0,0,0,0,0,3,11,0,2014,4,11,62
4415,1961,Graduation,Married,16860.0,1,1,2012-09-12,19,10.0,4.0,4.0,3.0,3.0,14.0,3,1,1,3,7,0,0,0,0,0,0,3,11,0,2012,9,12,65
3005,1992,Graduation,Single,83528.0,0,0,2014-05-01,7,530.0,81.0,556.0,120.5,44.0,126.5,1,4,10,8,1,1,0,0,1,0,0,3,11,1,2014,5,1,34
2223,1965,2N Cycle,Divorced,64176.0,0,1,2012-08-03,52,1215.0,33.0,249.0,64.0,81.0,126.5,8,8,9,8,6,0,0,0,0,0,0,3,11,0,2012,8,3,61
4817,1956,Graduation,Divorced,22304.0,0,0,2012-08-04,91,3.0,2.0,7.0,0.0,4.0,2.0,1,1,0,2,8,0,0,0,0,0,0,3,11,0,2012,8,4,70
2875,1978,Graduation,Married,67023.0,0,0,2014-03-04,93,444.0,44.0,382.0,11.0,8.0,17.0,1,3,7,13,2,0,0,0,0,0,1,3,11,0,2014,3,4,48
10536,1971,Phd,Married,32892.0,1,0,2014-05-25,78,26.0,0.0,15.0,2.0,1.0,2.0,2,3,0,3,8,0,0,0,0,0,0,3,11,0,2014,5,25,55
11112,1966,Graduation,Married,70713.0,0,1,2012-12-03,23,736.0,81.0,279.0,82.0,76.0,126.5,6,5,6,8,3,0,0,0,0,0,0,3,11,0,2012,12,3,60
3807,1955,Graduation,Married,59925.0,0,1,2012-11-30,83,473.0,21.0,176.0,19.0,21.0,56.0,3,9,2,9,6,0,0,0,0,0,0,3,11,0,2012,11,30,71
9197,1953,Graduation,Married,39722.0,0,1,2014-02-24,92,32.0,0.0,5.0,2.0,0.0,8.0,2,2,0,3,5,0,0,0,0,0,0,3,11,0,2014,2,24,73
10832,1958,Graduation,Married,46610.0,0,0,2013-07-18,4,288.0,10.0,30.0,4.0,10.0,125.0,1,6,1,6,6,0,0,0,0,0,0,3,11,0,2013,7,18,68
6421,1961,Graduation,Married,88347.0,0,0,2013-07-03,32,1050.0,81.0,555.0,77.0,81.0,118.0,1,4,7,9,1,0,0,0,1,0,0,3,11,0,2013,7,3,65
4207,1981,Phd,Married,87171.0,0,0,2013-05-01,27,1001.0,44.0,107.0,58.0,44.0,44.0,1,6,7,11,2,1,0,1,0,0,0,3,11,0,2013,5,1,45
577,1976,2N Cycle,Married,26907.0,1,1,2013-08-20,10,9.0,1.0,7.0,0.0,3.0,2.0,2,1,0,3,7,0,0,0,0,0,0,3,11,0,2013,8,20,50
10855,1968,Master,Single,50014.0,1,0,2014-01-22,9,234.0,14.0,77.0,19.0,10.0,42.0,2,4,1,8,5,0,0,0,0,0,0,3,11,0,2014,1,22,58
3081,1978,Phd,Married,41014.0,1,0,2013-04-22,65,7.0,2.0,6.0,2.0,0.0,3.0,1,1,0,2,7,0,0,0,0,0,0,3,11,0,2013,4,22,48
3535,1965,Graduation,Single,66294.0,0,0,2014-03-17,68,251.0,81.0,334.0,65.0,81.0,117.0,1,4,3,5,2,0,0,0,0,0,0,3,11,0,2014,3,17,61
247,1971,Graduation,Married,36715.0,1,0,2012-11-17,16,172.0,10.0,125.0,21.0,13.0,16.0,6,7,2,4,9,0,0,0,0,0,0,3,11,1,2012,11,17,55
8707,1956,Graduation,Married,79456.0,0,0,2012-08-22,12,565.0,42.0,548.0,64.0,81.0,99.0,1,5,6,4,3,0,0,0,0,0,0,3,11,1,2012,8,22,70
9523,1982,Graduation,Married,40479.0,1,0,2013-08-17,95,5.0,0.0,8.0,2.0,0.0,0.0,1,0,0,3,4,0,0,0,0,0,0,3,11,0,2013,8,17,44
6072,1970,Master,Single,75345.0,0,0,2013-02-02,16,918.0,57.0,556.0,99.0,38.0,126.5,1,5,8,6,3,0,0,0,1,0,0,3,11,1,2013,2,2,56
6295,1977,Graduation,Married,54233.0,0,1,2013-02-04,46,652.0,8.0,158.0,21.0,0.0,126.5,4,11,6,5,8,0,0,0,0,0,0,3,11,0,2013,2,4,49
10914,1970,Graduation,Single,24163.0,1,1,2013-10-12,3,4.0,1.0,7.0,2.0,1.0,2.0,2,1,0,3,4,0,0,0,0,0,0,3,11,0,2013,10,12,56
1509,1958,Phd,Married,84460.0,0,0,2013-01-04,80,152.0,27.0,103.0,106.0,54.0,81.0,0,9,9,4,5,0,1,1,1,1,0,3,11,1,2013,1,4,68
5577,1983,Graduation,Married,43776.0,1,0,2014-05-03,77,8.0,0.0,9.0,2.0,1.0,3.0,1,1,0,2,6,0,0,0,0,0,0,3,11,0,2014,5,3,43
7348,1958,Phd,Single,71691.0,0,0,2014-03-17,0,336.0,81.0,411.0,120.5,32.0,43.0,1,4,7,5,2,0,0,0,0,0,0,3,11,1,2014,3,17,68
1127,1973,Phd,Married,85844.0,0,0,2014-05-29,62,938.0,19.0,556.0,25.0,81.0,38.0,1,6,6,7,2,0,0,1,0,0,0,3,11,0,2014,5,29,53
1833,1974,Phd,Single,39190.0,1,0,2014-04-26,91,68.0,8.0,18.0,19.0,8.0,12.0,2,2,1,4,5,0,0,0,0,0,0,3,11,0,2014,4,26,52
4944,1959,Graduation,Married,71367.0,0,0,2013-08-23,24,227.0,23.0,389.0,42.0,21.0,75.0,1,4,5,7,2,0,0,0,0,0,0,3,11,0,2013,8,23,67
9080,1972,Phd,Single,38578.0,1,1,2013-06-22,2,38.0,4.0,22.0,3.0,3.0,3.0,3,3,0,3,8,0,0,0,0,0,0,3,11,0,2013,6,22,54
6466,1965,Phd,Married,57236.0,1,1,2014-03-12,22,105.0,0.0,9.0,2.0,1.0,4.0,3,2,1,4,3,0,0,0,0,0,0,3,11,0,2014,3,12,61
9964,1979,Graduation,Single,61825.0,0,1,2013-08-07,56,162.0,50.0,100.0,55.0,30.0,27.0,1,4,2,8,4,0,0,0,0,0,0,3,11,0,2013,8,7,47
4790,1958,Graduation,Divorced,79803.0,0,1,2014-06-02,54,574.0,8.0,216.0,21.0,16.0,33.0,1,4,3,5,1,0,0,0,0,0,0,3,11,0,2014,6,2,68
10245,1986,2N Cycle,Single,80910.0,0,0,2012-10-31,71,160.0,80.0,369.0,67.0,39.0,41.0,1,3,3,8,1,0,0,0,0,0,0,3,11,0,2012,10,31,40
1109,1982,Master,Married,27590.0,1,0,2013-04-23,38,6.0,0.0,5.0,0.0,0.0,1.0,1,1,0,2,7,0,0,0,0,0,0,3,11,0,2013,4,23,44
6001,1979,Graduation,Married,56775.0,0,1,2013-01-02,62,614.0,35.0,160.0,58.0,35.0,35.0,2,5,8,10,5,0,0,0,0,0,0,3,11,0,2013,1,2,47
5538,1975,Graduation,Divorced,83829.0,0,0,2013-10-08,78,897.0,81.0,430.0,120.5,81.0,27.0,0,4,7,6,1,1,0,1,1,0,0,3,11,1,2013,10,8,51
10552,1979,2N Cycle,Married,54210.0,0,1,2013-05-20,18,70.0,54.0,109.0,80.0,9.0,45.0,2,4,1,7,5,0,0,0,0,0,0,3,11,0,2013,5,20,47
1545,1986,Graduation,Married,38508.0,1,0,2013-08-02,95,120.0,19.0,206.0,25.0,19.0,54.0,6,7,2,5,8,0,0,0,0,0,0,3,11,0,2013,8,2,40
7409,1970,Graduation,Married,53187.0,1,0,2013-10-26,66,211.0,2.0,30.0,7.0,7.0,10.0,2,4,1,6,5,0,0,0,0,0,0,3,11,0,2013,10,26,56
4444,1972,Graduation,Married,30023.0,1,0,2014-03-24,28,11.0,0.0,16.0,7.0,6.0,21.0,1,2,0,3,8,0,0,0,0,0,0,3,11,0,2014,3,24,54
146,1960,Phd,Single,76045.0,0,0,2013-11-15,78,760.0,53.0,400.0,17.0,81.0,0.0,1,4,5,11,2,0,0,0,1,0,0,3,11,0,2013,11,15,66
6271,1952,Phd,Married,50870.0,0,1,2014-06-19,13,53.0,0.0,8.0,0.0,0.0,2.0,1,2,0,3,5,0,0,0,0,0,0,3,11,0,2014,6,19,74
10065,1970,2N Cycle,Married,15315.0,0,0,2013-08-03,27,7.0,4.0,13.0,15.0,8.0,17.0,2,2,0,4,5,0,0,0,0,0,0,3,11,0,2013,8,3,56
4741,1974,2N Cycle,Married,65463.0,1,0,2014-01-30,17,391.0,32.0,70.0,21.0,32.0,16.0,2,6,2,9,5,0,1,0,0,0,0,3,11,0,2014,1,30,52
246,1965,Graduation,Married,66480.0,1,1,2014-05-31,71,199.0,9.0,57.0,20.0,21.0,6.0,7,4,1,7,4,0,0,0,0,0,0,3,11,0,2014,5,31,61
375,1954,Graduation,Divorced,76773.0,0,0,2013-02-25,79,516.0,56.0,449.0,86.0,33.0,16.0,1,2,2,11,1,0,0,0,0,0,0,3,11,0,2013,2,25,72
1524,1983,2N Cycle,Single,81698.0,0,0,2013-03-01,1,709.0,45.0,115.0,30.0,81.0,45.0,1,8,2,5,5,0,0,0,1,0,0,3,11,1,2013,3,1,43
10022,1973,Phd,Single,54466.0,1,1,2014-02-09,78,12.0,0.0,4.0,0.0,0.0,0.0,1,1,0,2,5,0,0,0,0,0,0,3,11,0,2014,2,9,53
7451,1960,Master,Single,98777.0,0,0,2014-02-17,23,1000.0,19.0,556.0,120.5,81.0,38.0,0,4,6,9,1,0,1,0,0,0,0,3,11,0,2014,2,17,66
11010,1984,Phd,Single,16269.0,1,0,2013-08-30,75,19.0,3.0,18.0,3.0,1.0,0.0,3,3,0,3,8,0,0,0,0,0,0,3,11,0,2013,8,30,42
4356,1971,Graduation,Married,71819.0,0,1,2013-08-28,70,1224.0,28.0,140.0,0.0,14.0,126.5,3,3,3,5,6,0,1,1,0,0,0,3,11,0,2013,8,28,55
3885,1983,Phd,Married,33569.0,1,0,2013-10-16,10,16.0,2.0,18.0,3.0,0.0,24.0,1,1,1,2,8,1,0,0,0,0,0,3,11,1,2013,10,16,43
1175,1983,Master,Married,36262.0,0,0,2013-09-20,24,88.0,39.0,54.0,64.0,28.0,126.5,1,3,5,3,6,1,0,0,0,0,0,3,11,1,2013,9,20,43
880,1966,Basic,Married,22634.0,0,0,2013-01-16,47,2.0,23.0,11.0,8.0,6.0,46.0,1,2,1,2,8,0,0,0,0,0,0,3,11,0,2013,1,16,60
2320,1978,2N Cycle,Married,47025.0,0,1,2013-09-12,98,508.0,11.0,59.0,23.0,5.0,29.0,5,11,1,6,9,0,0,0,0,0,0,3,11,0,2013,9,12,48
850,1968,Graduation,Single,70566.0,0,1,2013-10-06,4,381.0,28.0,215.0,84.0,28.0,21.0,2,6,5,9,3,0,0,0,0,0,0,3,11,0,2013,10,6,58
4713,1979,Phd,Married,31605.0,1,0,2012-11-22,15,74.0,0.0,42.0,2.0,1.0,6.0,2,2,1,4,7,0,0,0,0,0,0,3,11,0,2012,11,22,47
675,1973,Master,Divorced,52034.0,1,1,2013-05-17,67,146.0,0.0,93.0,7.0,13.0,73.0,5,4,2,5,7,0,0,0,0,0,0,3,11,0,2013,5,17,53
5025,1979,Graduation,Single,48526.0,1,0,2013-12-24,32,23.0,17.0,23.0,43.0,20.0,9.0,1,2,1,4,3,0,0,0,0,0,0,3,11,0,2013,12,24,47
2308,1954,Graduation,Married,46734.0,0,1,2012-11-18,40,110.0,5.0,137.0,26.0,23.0,29.0,2,6,1,5,7,0,0,0,0,0,0,3,11,0,2012,11,18,72
5995,1962,Graduation,Divorced,39552.0,1,1,2012-12-18,54,165.0,3.0,147.0,4.0,24.0,41.0,7,6,2,5,8,0,0,0,0,0,0,3,11,1,2012,12,18,64
6749,1966,Graduation,Single,86358.0,1,1,2012-08-08,78,957.0,47.0,494.0,82.0,47.0,95.0,4,5,3,6,8,0,0,0,0,0,0,3,11,0,2012,8,8,60
1010,1977,Graduation,Married,46931.0,2,1,2014-04-24,94,41.0,0.0,17.0,3.0,1.0,16.0,2,1,1,3,3,0,0,0,0,0,0,3,11,0,2014,4,24,49
8977,1985,Basic,Single,16581.0,0,0,2013-01-12,51,1.0,3.0,4.0,2.0,3.0,11.0,1,0,0,3,4,0,0,0,0,0,0,3,11,0,2013,1,12,41
4756,1952,2N Cycle,Divorced,63998.0,0,0,2013-12-20,42,176.0,29.0,556.0,0.0,33.0,112.0,1,7,6,11,4,0,0,0,0,0,0,3,11,1,2013,12,20,74
3412,1951,Master,Married,67381.0,0,1,2013-01-15,67,815.0,8.0,53.0,11.0,0.0,70.0,4,2,2,9,7,0,1,0,0,0,0,3,11,0,2013,1,15,75
606,1967,Graduation,Single,25930.0,1,1,2013-10-10,87,6.0,1.0,2.0,2.0,0.0,4.0,1,1,0,2,7,0,0,0,0,0,0,3,11,0,2013,10,10,59
5961,1978,Graduation,Married,42693.0,1,0,2014-06-07,29,8.0,4.0,20.0,6.0,3.0,16.0,1,1,0,3,5,0,0,0,0,0,0,3,11,0,2014,6,7,48
2975,1976,Graduation,Married,85606.0,0,1,2012-11-12,89,717.0,42.0,556.0,120.5,30.0,84.0,2,6,7,9,3,0,0,0,1,0,0,3,11,0,2012,11,12,50
2894,1985,Graduation,Single,72903.0,0,0,2013-10-29,74,1067.0,81.0,556.0,0.0,19.0,39.0,1,7,5,8,4,0,1,1,1,0,0,3,11,1,2013,10,29,41
7613,1974,2N Cycle,Married,49669.0,1,0,2014-05-24,97,166.0,5.0,107.0,11.0,8.0,29.0,2,5,1,6,6,0,0,0,0,0,0,3,11,0,2014,5,24,52
10542,1968,Phd,Married,36778.0,1,1,2012-08-05,63,29.0,4.0,34.0,2.0,4.0,4.0,3,3,0,3,9,0,0,0,0,0,0,3,11,0,2012,8,5,58
8015,1962,Phd,Divorced,85696.0,0,0,2013-05-03,88,714.0,76.0,395.0,116.0,0.0,12.0,1,4,6,9,1,0,0,0,0,0,0,3,11,1,2013,5,3,64
10617,1989,Master,Divorced,10979.0,0,0,2014-05-22,34,8.0,4.0,10.0,2.0,2.0,4.0,2,3,0,3,5,0,0,0,0,0,0,3,11,0,2014,5,22,37
11166,1961,Graduation,Married,49678.0,0,1,2013-02-02,81,229.0,5.0,56.0,3.0,2.0,20.0,2,6,2,4,7,0,0,0,0,0,0,3,11,0,2013,2,2,65
849,1953,Master,Married,56129.0,0,1,2013-06-20,65,320.0,48.0,133.0,39.0,72.0,48.0,4,6,2,10,4,0,0,0,0,0,0,3,11,0,2013,6,20,73
523,1989,Graduation,Married,37155.0,1,0,2013-01-31,51,23.0,0.0,26.0,7.0,15.0,3.0,1,2,0,4,5,0,0,0,0,0,0,3,11,0,2013,1,31,37
4066,1978,2N Cycle,Divorced,21282.0,1,0,2014-05-11,76,1.0,5.0,8.0,4.0,8.0,20.0,2,2,1,2,6,0,0,0,0,0,0,3,11,0,2014,5,11,48
8414,1962,Phd,Single,33419.0,0,1,2013-08-17,76,56.0,0.0,12.0,0.0,0.0,18.0,2,2,0,4,7,0,0,0,0,0,0,3,11,0,2013,8,17,64
819,1945,Graduation,Widow,63285.0,0,0,2013-11-05,84,508.0,81.0,249.0,50.0,38.0,126.5,1,6,5,13,3,0,0,0,0,0,0,3,11,0,2013,11,5,81
4961,1974,Master,Married,21255.0,1,0,2014-01-21,56,29.0,0.0,25.0,2.0,2.0,3.0,4,2,1,4,4,0,0,0,0,0,0,3,11,0,2014,1,21,52
749,1981,Graduation,Married,42162.0,1,0,2013-11-19,31,46.0,7.0,59.0,2.0,4.0,27.0,2,3,1,3,6,1,0,0,0,0,0,3,11,1,2013,11,19,45
5430,1956,Graduation,Married,54450.0,1,1,2012-09-14,0,454.0,0.0,171.0,8.0,19.0,32.0,12,9,2,8,8,0,0,0,0,0,0,3,11,0,2012,9,14,70
7755,1954,Phd,Married,57744.0,0,1,2013-11-12,91,350.0,3.0,39.0,0.0,0.0,19.0,2,9,1,4,8,0,0,0,0,0,0,3,11,0,2013,11,12,72
10525,1986,Graduation,Single,26576.0,1,0,2012-10-13,40,10.0,0.0,8.0,0.0,0.0,9.0,1,1,0,2,9,1,0,0,0,0,0,3,11,1,2012,10,13,40
1453,1943,Phd,Widow,57513.0,0,0,2013-07-06,59,735.0,40.0,183.0,52.0,20.0,30.0,2,9,3,13,6,0,0,0,0,0,0,3,11,0,2013,7,6,83
8310,1964,Graduation,Married,68142.0,0,1,2012-08-29,96,897.0,81.0,196.0,91.0,81.0,37.0,3,10,4,7,6,0,0,0,0,0,0,3,11,0,2012,8,29,62
10710,1979,Graduation,Married,7500.0,0,1,2012-08-29,61,5.0,2.0,3.0,3.0,0.0,5.0,1,1,0,2,8,0,0,0,0,0,0,3,11,0,2012,8,29,47
5031,1974,Graduation,Married,83145.0,0,0,2012-09-22,14,777.0,35.0,556.0,39.0,81.0,114.0,1,5,9,11,2,0,0,1,0,0,0,3,11,1,2012,9,22,52
2613,1960,Master,Married,54197.0,0,1,2014-04-03,16,162.0,6.0,37.0,6.0,13.0,13.0,2,1,3,6,1,0,0,0,0,0,0,3,11,0,2014,4,3,66
213,1963,Phd,Single,23091.0,1,1,2014-05-28,98,35.0,0.0,11.0,0.0,0.0,2.0,4,2,1,3,7,0,0,0,0,0,0,3,11,0,2014,5,28,63
967,1976,Graduation,Married,46049.0,1,1,2013-07-21,11,342.0,9.0,112.0,19.0,14.0,19.0,10,5,2,9,7,0,0,0,0,0,0,3,11,1,2013,7,21,50
1077,1974,Graduation,Married,56715.0,0,0,2012-12-05,52,258.0,81.0,239.0,120.5,81.0,9.0,1,7,3,4,4,0,0,0,0,0,0,3,11,0,2012,12,5,52
7959,1961,Graduation,Married,79410.0,0,0,2014-05-29,19,658.0,80.0,483.0,120.5,13.0,13.0,1,3,2,5,1,0,0,0,0,0,0,3,11,0,2014,5,29,65
640,1951,Graduation,Married,57304.0,0,1,2013-03-11,61,356.0,80.0,329.0,120.5,17.0,106.0,2,7,6,10,5,0,0,0,0,0,0,3,11,0,2013,3,11,75
4252,1965,Graduation,Married,44375.0,0,1,2014-03-23,73,213.0,5.0,28.0,7.0,7.0,41.0,1,4,1,6,5,0,0,0,0,0,0,3,11,0,2014,3,23,61
8432,1956,Graduation,Married,54450.0,1,1,2012-09-14,0,454.0,0.0,171.0,8.0,19.0,32.0,12,9,2,8,8,0,0,0,0,0,0,3,11,0,2012,9,14,70
6218,1965,Graduation,Married,59594.0,0,1,2012-10-20,74,457.0,4.0,29.0,0.0,0.0,9.0,1,8,1,7,7,0,1,0,0,0,0,3,11,0,2012,10,20,61
6905,1994,Graduation,Married,80685.0,0,0,2012-08-22,55,241.0,45.0,556.0,34.0,26.0,54.0,1,6,4,10,2,0,0,0,0,0,0,3,11,0,2012,8,22,32
5922,1974,Phd,Married,40344.0,0,1,2013-10-13,48,210.0,0.0,6.0,0.0,0.0,2.0,2,4,1,5,7,0,0,0,0,0,0,3,11,0,2013,10,13,52
3598,1972,Graduation,Married,62710.0,0,1,2013-05-23,53,441.0,35.0,83.0,7.0,29.0,11.0,4,4,2,12,4,0,0,0,0,0,0,3,11,0,2013,5,23,54
6116,1968,2N Cycle,Married,48985.0,0,1,2013-07-05,13,19.0,13.0,18.0,10.0,7.0,8.0,1,1,1,3,3,0,0,0,0,0,0,3,11,0,2013,7,5,58
6263,1968,Graduation,Married,35322.0,1,2,2012-08-22,34,28.0,9.0,37.0,12.0,7.0,13.0,3,2,0,4,8,0,0,0,0,0,0,3,11,0,2012,8,22,58
10486,1948,Graduation,Married,77142.0,0,0,2013-05-29,54,476.0,75.0,162.0,29.0,81.0,97.0,1,4,4,8,2,0,0,0,0,0,0,3,11,0,2013,5,29,78
2410,1969,Graduation,Single,81657.0,0,0,2014-01-22,69,364.0,40.0,425.0,120.5,60.0,50.0,1,3,4,8,1,0,0,0,0,0,0,3,11,0,2014,1,22,57
193,1996,Basic,Married,14421.0,0,0,2014-02-17,81,0.0,0.0,2.0,3.0,3.0,8.0,1,1,0,2,5,1,0,0,0,0,0,3,11,0,2014,2,17,30
3363,1974,2N Cycle,Married,20130.0,0,0,2014-03-17,99,0.0,6.0,3.0,7.0,6.0,12.0,1,1,0,3,8,0,0,0,0,0,0,3,11,0,2014,3,17,52
8278,1990,Phd,Married,74214.0,0,0,2012-08-26,3,863.0,81.0,547.0,86.0,81.0,33.0,1,8,2,5,5,0,0,0,0,0,0,3,11,0,2012,8,26,36
10660,1957,Master,Married,66726.0,1,1,2014-01-12,61,349.0,7.0,35.0,0.0,0.0,47.0,3,8,2,4,7,0,1,0,0,0,0,3,11,0,2014,1,12,69
8686,1979,Basic,Married,23724.0,1,0,2013-01-08,65,5.0,23.0,15.0,0.0,18.0,14.0,2,2,0,3,8,0,0,0,0,0,0,3,11,0,2013,1,8,47
1604,1960,Master,Married,47353.0,0,1,2013-11-13,93,184.0,2.0,19.0,8.0,8.0,4.0,3,2,2,6,5,0,0,0,0,0,0,3,11,0,2013,11,13,66
5907,1952,Master,Married,33444.0,1,1,2012-11-03,24,8.0,0.0,8.0,0.0,0.0,2.0,1,1,0,2,8,0,0,0,0,0,0,3,11,0,2012,11,3,74
10669,1981,Graduation,Married,54386.0,0,1,2013-05-17,8,277.0,21.0,64.0,62.0,21.0,25.0,2,3,2,10,3,0,0,0,0,0,0,3,11,0,2013,5,17,45
2918,1981,Graduation,Divorced,28510.0,1,1,2013-04-13,72,44.0,5.0,19.0,0.0,4.0,19.0,3,2,0,4,5,0,0,0,0,0,0,3,11,0,2013,4,13,45
5735,1991,Master,Single,90638.0,0,0,2014-02-13,29,1156.0,81.0,556.0,94.0,81.0,96.0,1,3,4,10,1,0,0,1,0,0,0,3,11,0,2014,2,13,35
359,1950,Graduation,Married,48070.0,0,1,2013-01-13,33,373.0,14.0,83.0,6.0,9.0,19.0,3,8,2,6,7,0,0,0,0,0,1,3,11,0,2013,1,13,76
8387,1957,Graduation,Married,43140.0,0,1,2013-01-05,68,134.0,8.0,76.0,6.0,0.0,11.0,1,4,1,5,6,0,0,0,0,0,0,3,11,0,2013,1,5,69
1829,1961,Phd,Divorced,54959.0,0,1,2013-01-19,55,1148.0,0.0,60.0,0.0,0.0,24.0,3,9,5,4,7,0,1,0,0,0,0,3,11,1,2013,1,19,65
3839,1958,Basic,Single,15056.0,1,1,2013-05-03,76,6.0,12.0,3.0,21.0,6.0,40.0,5,2,2,3,5,0,0,0,0,0,0,3,11,0,2013,5,3,68
9392,1971,Graduation,Single,26954.0,1,0,2014-05-08,17,4.0,1.0,11.0,0.0,0.0,1.0,1,1,0,2,7,0,0,0,0,0,0,3,11,0,2014,5,8,55
2292,1985,Graduation,Single,22327.0,1,0,2013-08-02,94,5.0,4.0,8.0,2.0,0.0,5.0,1,1,0,3,5,0,0,0,0,0,0,3,11,0,2013,8,2,41
10466,1965,Graduation,Married,44393.0,1,1,2013-08-22,86,24.0,2.0,20.0,2.0,2.0,10.0,2,1,0,4,4,0,0,0,0,0,0,3,11,0,2013,8,22,61
9855,1952,Phd,Single,62000.0,0,1,2013-08-25,25,899.0,0.0,101.0,0.0,0.0,20.0,1,6,6,13,4,0,0,0,1,0,0,3,11,0,2013,8,25,74
4088,1962,Phd,Married,31497.0,0,1,2012-12-06,22,108.0,1.0,28.0,13.0,1.0,4.0,2,3,1,4,8,0,0,0,0,0,0,3,11,0,2012,12,6,64
5231,1974,2N Cycle,Married,45894.0,0,2,2014-02-27,15,27.0,2.0,7.0,0.0,2.0,13.0,1,1,0,3,5,0,0,0,0,0,0,3,11,0,2014,2,27,52
590,1970,Master,Divorced,78579.0,0,0,2012-12-22,35,816.0,66.0,549.0,120.5,66.0,99.0,1,5,6,4,3,0,0,0,0,0,0,3,11,1,2012,12,22,56
8732,1969,Master,Widow,67369.0,0,1,2012-11-17,81,1224.0,0.0,70.0,37.0,14.0,42.0,4,7,4,10,4,0,1,1,0,0,0,3,11,1,2012,11,17,57
2315,1960,Graduation,Divorced,58401.0,0,1,2014-04-20,55,10.0,0.0,11.0,17.0,29.0,29.0,1,1,2,2,4,0,0,0,0,0,0,3,11,0,2014,4,20,66
3515,1952,Graduation,Single,62307.0,0,1,2014-02-17,94,87.0,13.0,34.0,10.0,6.0,10.0,1,4,0,4,5,0,0,0,0,0,0,3,11,0,2014,2,17,74
2245,1969,Master,Married,43641.0,1,1,2013-04-22,50,57.0,2.0,51.0,4.0,2.0,23.0,3,2,1,4,6,0,0,0,0,0,0,3,11,0,2013,4,22,57
6283,1968,Master,Divorced,63841.0,0,1,2013-04-21,64,635.0,15.0,100.0,20.0,7.0,126.5,1,9,3,9,6,0,0,0,0,0,0,3,11,0,2013,4,21,58
2246,1965,2N Cycle,Married,46891.0,0,1,2013-09-01,91,43.0,12.0,23.0,29.0,15.0,61.0,1,2,1,4,4,0,0,0,0,0,0,3,11,0,2013,9,1,61
6606,1969,Master,Married,70091.0,1,0,2013-03-31,11,964.0,34.0,137.0,15.0,0.0,11.0,2,5,2,10,8,0,1,0,0,0,0,3,11,0,2013,3,31,57
5545,1972,Phd,Married,78075.0,0,0,2014-04-05,72,572.0,8.0,259.0,34.0,35.0,80.0,1,3,5,5,1,0,0,0,0,0,0,3,11,0,2014,4,5,54
7342,1961,2N Cycle,Widow,59184.0,0,1,2012-09-09,6,341.0,81.0,113.0,120.5,81.0,66.0,3,6,6,12,5,0,0,0,0,0,0,3,11,0,2012,9,9,65
837,1977,Graduation,Married,54809.0,1,1,2013-09-11,0,63.0,6.0,57.0,13.0,13.0,22.0,4,2,1,5,4,0,0,0,0,0,0,3,11,0,2013,9,11,49
9500,1959,Graduation,Married,58113.0,0,1,2013-01-25,66,221.0,81.0,169.0,102.0,78.0,84.0,3,9,2,8,7,0,0,0,0,0,1,3,11,0,2013,1,25,67
3602,1958,Master,Married,51412.0,0,1,2013-12-31,42,140.0,3.0,29.0,4.0,5.0,14.0,2,3,2,4,4,0,0,0,0,0,0,3,11,0,2013,12,31,68
234,1979,Graduation,Divorced,15287.0,1,0,2012-10-10,60,1.0,2.0,8.0,4.0,3.0,13.0,2,1,1,2,7,1,0,0,0,0,0,3,11,1,2012,10,10,47
2995,1957,Master,Married,66636.0,0,0,2013-08-17,64,291.0,10.0,556.0,84.0,10.0,0.0,1,3,4,9,1,0,0,0,0,0,0,3,11,0,2013,8,17,69
1118,1956,Master,Married,50965.0,0,1,2013-02-20,87,544.0,13.0,85.0,8.0,6.0,29.0,3,10,4,5,8,1,0,0,0,0,0,3,11,0,2013,2,20,70
7789,1965,Phd,Married,84618.0,0,0,2013-11-22,96,684.0,81.0,556.0,21.0,66.0,0.0,1,6,9,10,2,0,0,1,0,0,0,3,11,0,2013,11,22,61
3068,1990,Graduation,Married,18351.0,0,0,2013-10-29,1,1.0,12.0,9.0,0.0,14.0,7.0,1,2,0,3,7,0,0,0,0,0,0,3,11,0,2013,10,29,36
8955,1957,Phd,Married,40451.0,0,2,2014-02-16,54,35.0,0.0,4.0,0.0,0.0,10.0,1,1,1,2,5,1,0,0,0,0,0,3,11,0,2014,2,16,69
945,1965,Graduation,Married,36317.0,0,1,2013-05-22,53,87.0,3.0,25.0,3.0,2.0,13.0,2,3,0,4,7,0,0,0,0,0,0,3,11,0,2013,5,22,61
5644,1957,Graduation,Married,42213.0,0,1,2013-10-12,96,309.0,3.0,24.0,4.0,3.0,20.0,2,5,1,7,7,0,1,0,0,0,0,3,11,0,2013,10,12,69
7192,1955,Graduation,Married,65748.0,0,1,2013-04-15,58,172.0,73.0,93.0,95.0,78.0,34.0,2,2,4,10,1,0,0,0,0,0,1,3,11,0,2013,4,15,71
2324,1972,Graduation,Married,77044.0,0,1,2013-10-27,12,625.0,38.0,242.0,50.0,34.0,76.0,2,7,11,11,4,1,0,0,0,0,0,3,11,0,2013,10,27,54
697,1969,Graduation,Married,74918.0,0,0,2013-03-12,78,972.0,59.0,556.0,25.0,19.0,59.0,1,5,9,6,3,0,0,1,0,0,0,3,11,0,2013,3,12,57
3439,1972,Graduation,Married,56721.0,1,1,2012-10-31,64,157.0,6.0,39.0,6.0,13.0,75.0,5,4,1,5,6,0,0,0,0,0,0,3,11,0,2012,10,31,54
1506,1975,Graduation,Single,42160.0,1,1,2013-06-28,26,48.0,9.0,45.0,3.0,15.0,20.0,4,2,1,4,6,0,0,0,0,0,0,3,11,1,2013,6,28,51
232,1965,Graduation,Single,61559.0,0,1,2013-07-17,8,279.0,81.0,88.0,32.0,14.0,34.0,1,4,2,10,3,0,0,0,0,0,0,3,11,0,2013,7,17,61
8876,1963,Phd,Married,33629.0,1,1,2012-08-08,49,132.0,0.0,16.0,0.0,0.0,4.0,5,3,1,4,9,0,0,0,0,0,0,3,11,0,2012,8,8,63
4500,1991,Phd,Married,68682.0,0,0,2013-10-06,56,919.0,0.0,505.0,99.0,30.0,45.0,1,4,9,10,2,0,0,0,0,0,0,3,11,0,2013,10,6,35
9739,1963,Graduation,Single,34377.0,0,1,2013-01-19,55,62.0,0.0,22.0,3.0,1.0,26.0,2,2,2,2,7,0,0,0,0,0,0,3,11,0,2013,1,19,63
10395,1986,Basic,Single,8940.0,1,0,2012-08-22,25,1.0,45.0,3.0,4.0,6.0,42.0,3,3,1,3,8,0,0,0,0,0,0,3,11,0,2012,8,22,40
1176,1973,Graduation,Married,26228.0,1,0,2013-09-22,50,2.0,6.0,4.0,3.0,1.0,9.0,1,1,0,2,8,0,0,0,0,0,0,3,11,0,2013,9,22,53
1627,1957,2N Cycle,Divorced,77297.0,0,0,2013-01-26,84,408.0,61.0,109.0,48.0,81.0,41.0,1,5,7,9,4,0,0,0,1,0,0,3,11,0,2013,1,26,69
938,1981,Graduation,Married,40211.0,1,1,2013-07-30,30,51.0,1.0,7.0,2.0,1.0,25.0,2,2,1,2,8,1,0,0,0,0,0,3,11,0,2013,7,30,45
2740,1958,Phd,Widow,33438.0,1,1,2013-09-22,81,62.0,1.0,16.0,3.0,2.0,6.0,4,2,1,4,5,0,0,0,0,0,0,3,11,0,2013,9,22,68
257,1959,Phd,Married,75032.0,0,1,2013-04-28,74,952.0,12.0,180.0,47.0,12.0,12.0,2,5,4,9,3,0,0,0,0,0,0,3,11,0,2013,4,28,67
4058,1955,Phd,Single,61284.0,0,0,2013-10-12,76,618.0,15.0,106.0,20.0,7.0,45.0,1,11,2,8,6,0,1,0,0,0,0,3,11,0,2013,10,12,71
7736,1986,Graduation,Married,22518.0,1,0,2012-10-22,36,11.0,7.0,12.0,2.0,2.0,27.0,2,2,1,2,5,1,0,0,0,0,0,3,11,1,2012,10,22,40
8210,1975,Master,Married,54730.0,0,1,2013-08-15,64,318.0,3.0,17.0,4.0,7.0,56.0,5,4,1,8,4,0,0,0,0,0,0,3,11,0,2013,8,15,51
833,1955,Master,Married,38452.0,1,1,2014-03-30,62,56.0,0.0,14.0,0.0,0.0,2.0,3,3,0,3,7,0,0,0,0,0,0,3,11,0,2014,3,30,71
6230,1971,Graduation,Divorced,44421.0,1,1,2013-02-15,53,110.0,5.0,59.0,7.0,1.0,7.0,5,5,0,4,8,0,0,0,0,0,0,3,11,0,2013,2,15,55
7325,1986,Phd,Married,38197.0,1,0,2013-06-29,86,23.0,0.0,11.0,2.0,1.0,3.0,1,1,0,3,5,0,0,0,0,0,0,3,11,0,2013,6,29,40
1307,1978,Graduation,Divorced,41986.0,0,1,2014-02-09,15,27.0,5.0,8.0,8.0,3.0,12.0,3,3,0,4,4,0,0,0,0,0,0,3,11,0,2014,2,9,48
1502,1983,Graduation,Married,28427.0,1,0,2013-03-21,67,18.0,3.0,19.0,3.0,3.0,6.0,2,2,0,3,8,0,0,0,0,0,0,3,11,0,2013,3,21,43
6211,1976,Phd,Married,37395.0,1,0,2014-05-02,47,18.0,0.0,9.0,0.0,1.0,11.0,1,1,0,3,6,0,0,0,0,0,0,3,11,0,2014,5,2,50
843,1971,Graduation,Married,64722.0,1,0,2014-05-26,47,303.0,0.0,280.0,60.0,81.0,15.0,4,8,2,11,6,0,0,0,0,0,0,3,11,0,2014,5,26,55
4174,1956,Master,Married,55249.0,0,1,2014-04-17,81,97.0,1.0,19.0,2.0,0.0,11.0,1,2,1,4,3,0,0,0,0,0,0,3,11,0,2014,4,17,70
9757,1972,Graduation,Married,84906.0,0,0,2013-10-04,98,997.0,15.0,414.0,99.0,30.0,76.0,1,5,6,12,2,0,1,1,0,1,0,3,11,0,2013,10,4,54
6918,1989,Graduation,Married,28691.0,1,0,2013-07-04,56,5.0,4.0,13.0,8.0,0.0,4.0,1,1,0,3,8,0,0,0,0,0,0,3,11,0,2013,7,4,37
286,1952,Graduation,Single,44213.0,1,1,2013-11-29,48,95.0,11.0,35.0,0.0,4.0,7.0,4,2,1,5,6,0,0,0,0,0,0,3,11,0,2013,11,29,74
11086,1984,Basic,Single,25707.0,1,0,2014-01-18,18,1.0,6.0,2.0,3.0,6.0,3.0,1,1,0,3,7,0,0,0,0,0,0,3,11,0,2014,1,18,42
1921,1967,Phd,Married,59062.0,2,1,2013-10-03,74,46.0,1.0,12.0,3.0,0.0,9.0,2,2,0,3,4,0,0,0,0,0,0,3,11,0,2013,10,3,59
4138,1962,Graduation,Single,76624.0,0,1,2014-05-24,68,411.0,81.0,147.0,54.0,81.0,66.0,1,5,10,7,1,1,0,0,0,0,0,3,11,0,2014,5,24,64
7718,1947,Master,Married,66000.0,0,0,2014-04-20,36,244.0,51.0,270.0,101.0,0.0,45.0,1,1,3,5,1,0,0,0,0,0,0,3,11,0,2014,4,20,79
1291,1978,Phd,Married,27683.0,1,0,2012-08-04,90,152.0,9.0,121.0,12.0,12.0,45.0,4,6,2,4,8,0,0,0,0,0,0,3,11,0,2012,8,4,48
6862,1971,Graduation,Divorced,1730.0,0,0,2014-05-18,65,1.0,1.0,3.0,1.0,1.0,1.0,15,0,0,0,20,0,0,0,0,0,0,3,11,0,2014,5,18,55
4136,1992,Basic,Single,7500.0,1,0,2012-12-03,63,10.0,17.0,18.0,8.0,26.0,40.0,4,3,2,2,9,0,0,0,0,0,0,3,11,0,2012,12,3,34
803,1968,Graduation,Married,40521.0,1,1,2013-04-05,82,12.0,0.0,5.0,0.0,0.0,4.0,1,0,1,2,5,0,0,0,0,0,0,3,11,0,2013,4,5,58
4298,1973,Phd,Married,20427.0,1,0,2014-03-24,63,5.0,0.0,4.0,0.0,0.0,1.0,1,1,0,2,8,0,0,0,0,0,0,3,11,0,2014,3,24,53
10833,1975,Graduation,Married,65106.0,0,1,2014-05-24,55,790.0,19.0,133.0,12.0,0.0,19.0,3,8,3,13,6,0,1,0,0,0,0,3,11,0,2014,5,24,51
9606,1965,Phd,Married,69969.0,0,0,2013-08-27,64,882.0,29.0,514.0,38.0,29.0,44.0,1,4,2,6,3,0,0,1,1,0,0,3,11,1,2013,8,27,61
8534,1952,Graduation,Married,67433.0,0,2,2013-07-16,51,615.0,28.0,259.0,12.0,48.0,30.0,4,6,5,13,4,0,1,0,0,0,0,3,11,0,2013,7,16,74
5153,1967,Phd,Married,77766.0,0,1,2013-02-22,97,1004.0,59.0,265.0,115.0,59.0,27.0,2,11,10,11,6,1,0,0,0,0,0,3,11,1,2013,2,22,59
961,1972,Graduation,Married,74716.0,0,1,2013-09-12,92,133.0,27.0,421.0,13.0,81.0,71.0,2,7,3,5,4,0,0,0,0,0,0,3,11,0,2013,9,12,54
5011,1963,Graduation,Divorced,68118.0,0,1,2013-10-18,51,595.0,23.0,123.0,10.0,23.0,126.5,2,8,9,4,6,0,0,0,0,0,0,3,11,0,2013,10,18,63
6653,1970,Phd,Married,55158.0,1,1,2012-07-30,72,293.0,0.0,87.0,4.0,11.0,23.0,4,7,2,5,7,0,0,0,0,0,0,3,11,1,2012,7,30,56
9094,1955,2N Cycle,Married,62972.0,0,1,2012-08-03,39,313.0,15.0,47.0,20.0,0.0,126.5,2,7,4,3,6,0,0,0,0,0,0,3,11,1,2012,8,3,71
810,1975,Graduation,Married,74190.0,0,1,2014-05-12,49,151.0,81.0,86.0,120.5,81.0,64.0,2,4,2,11,2,0,0,0,0,0,0,3,11,0,2014,5,12,51
5493,1976,Graduation,Married,39356.0,1,1,2014-03-19,21,15.0,0.0,2.0,0.0,0.0,6.0,1,1,0,2,6,1,0,0,0,0,0,3,11,0,2014,3,19,50
2147,1969,Graduation,Married,76653.0,0,0,2013-08-16,91,736.0,63.0,556.0,120.5,81.0,126.0,1,4,7,11,2,0,0,1,1,0,0,3,11,0,2013,8,16,57
5107,1973,Phd,Divorced,35860.0,1,1,2014-05-19,37,15.0,0.0,8.0,4.0,2.0,20.0,2,1,1,2,5,1,0,0,0,0,0,3,11,0,2014,5,19,53
3979,1983,Phd,Divorced,90687.0,0,0,2013-05-22,98,982.0,17.0,556.0,23.0,34.0,51.0,1,6,2,8,2,0,0,1,0,0,0,3,11,1,2013,5,22,43
6049,1982,Master,Married,73450.0,0,0,2013-12-05,85,1142.0,51.0,415.0,90.0,69.0,37.0,1,7,8,11,3,1,0,0,1,0,0,3,11,0,2013,12,5,44
8147,1960,Graduation,Married,31454.0,1,1,2013-07-06,40,28.0,0.0,11.0,0.0,0.0,9.0,3,2,0,3,8,0,0,0,0,0,0,3,11,0,2013,7,6,66
1857,1952,Graduation,Single,47139.0,1,1,2014-03-06,2,46.0,0.0,12.0,0.0,2.0,23.0,2,2,1,2,7,0,0,0,0,0,0,3,11,1,2014,3,6,74
3910,1975,Graduation,Divorced,83829.0,0,0,2013-10-08,78,897.0,81.0,430.0,120.5,81.0,27.0,0,4,7,6,1,1,0,1,1,0,0,3,11,1,2013,10,8,51
5207,1963,Phd,Married,53378.0,1,1,2012-09-24,41,489.0,6.0,152.0,8.0,6.0,126.5,10,9,4,6,8,0,0,0,0,0,0,3,11,1,2012,9,24,63
11114,1970,Graduation,Married,19656.0,1,0,2013-02-08,94,25.0,4.0,9.0,6.0,8.0,32.0,3,2,1,3,7,0,0,0,0,0,0,3,11,0,2013,2,8,56
5429,1948,Phd,Married,45579.0,0,1,2013-08-20,10,145.0,1.0,33.0,2.0,1.0,1.0,1,4,1,4,6,0,0,0,0,0,0,3,11,0,2013,8,20,78
9400,1958,2N Cycle,Single,85485.0,0,0,2014-06-21,73,630.0,26.0,556.0,44.0,18.0,54.0,1,6,6,6,2,0,0,0,0,0,0,3,11,0,2014,6,21,68
1740,1944,Graduation,Married,55956.0,0,0,2014-04-07,22,760.0,38.0,104.0,50.0,9.0,38.0,2,7,3,4,4,0,1,0,0,0,0,3,11,0,2014,4,7,82
7488,1963,Master,Single,64191.0,0,1,2013-01-22,30,420.0,15.0,186.0,120.5,38.0,15.0,3,5,3,13,3,0,0,0,0,0,0,3,11,0,2013,1,22,63
195,1972,Graduation,Single,38808.0,1,0,2012-08-26,21,125.0,17.0,52.0,3.0,19.0,30.0,4,5,1,4,8,1,0,0,0,0,0,3,11,1,2012,8,26,54
635,1966,Master,Married,57183.0,1,1,2013-03-19,51,464.0,5.0,64.0,7.0,0.0,70.0,8,9,1,7,8,0,0,0,0,0,0,3,11,0,2013,3,19,60
7527,1968,Master,Divorced,23748.0,1,0,2012-11-21,97,6.0,6.0,29.0,12.0,15.0,8.0,3,2,1,3,8,0,0,0,0,0,0,3,11,0,2012,11,21,58
10319,1971,Graduation,Married,66303.0,0,1,2013-02-26,56,1090.0,12.0,96.0,16.0,12.0,60.0,4,3,4,11,8,0,1,0,0,0,0,3,11,0,2013,2,26,55
2296,1975,Master,Married,37368.0,1,0,2013-12-16,4,3.0,2.0,11.0,2.0,2.0,10.0,1,1,0,2,6,1,0,0,0,0,0,3,11,0,2013,12,16,51
10637,1964,Graduation,Married,40800.0,1,2,2013-01-01,77,24.0,0.0,27.0,8.0,30.0,10.0,2,3,0,3,7,0,0,0,0,0,1,3,11,0,2013,1,1,62
2931,1978,Graduation,Divorced,71847.0,0,0,2012-09-21,95,737.0,21.0,106.0,55.0,63.0,126.5,0,6,7,9,3,0,0,0,1,0,0,3,11,0,2012,9,21,48
907,1975,Graduation,Married,46149.0,0,1,2013-11-29,36,254.0,6.0,71.0,4.0,0.0,27.0,5,5,1,7,5,0,0,0,0,0,0,3,11,0,2013,11,29,51
3698,1983,Graduation,Married,78687.0,0,0,2012-08-09,13,817.0,81.0,556.0,120.5,55.0,126.5,1,4,6,8,2,0,0,1,0,0,0,3,11,1,2012,8,9,43
9516,1971,2N Cycle,Divorced,49118.0,0,0,2012-08-18,90,620.0,54.0,239.0,99.0,81.0,119.0,2,9,7,10,7,0,1,0,0,1,0,3,11,1,2012,8,18,55
679,1957,Phd,Married,37633.0,1,1,2012-09-20,49,13.0,4.0,20.0,0.0,0.0,1.0,2,1,0,3,9,0,0,0,0,0,0,3,11,0,2012,9,20,69
7384,1951,Master,Married,39767.0,0,0,2013-07-21,18,113.0,61.0,204.0,34.0,26.0,47.0,2,7,1,7,8,0,0,0,0,0,0,3,11,0,2013,7,21,75
5043,1951,Basic,Married,26997.0,0,0,2012-11-05,89,7.0,23.0,78.0,120.5,49.0,126.5,2,4,2,5,7,0,0,0,0,0,0,3,11,0,2012,11,5,75
5267,1970,Graduation,Divorced,33986.0,1,0,2013-03-14,43,16.0,2.0,18.0,2.0,1.0,5.0,1,1,0,3,7,0,0,0,0,0,0,3,11,0,2013,3,14,56
339,1972,Phd,Married,57091.0,0,1,2012-11-23,82,462.0,0.0,24.0,6.0,0.0,4.0,2,9,2,5,7,0,1,0,0,0,0,3,11,1,2012,11,23,54
2516,1969,2N Cycle,Married,46831.0,1,1,2013-06-08,84,22.0,2.0,10.0,6.0,4.0,34.0,2,1,2,2,4,0,0,0,0,0,0,3,11,0,2013,6,8,57
9010,1972,Master,Married,83151.0,0,0,2013-02-10,80,968.0,81.0,556.0,120.5,42.0,126.5,1,5,7,10,2,1,0,1,1,0,0,3,11,1,2013,2,10,54
378,1971,Graduation,Married,52531.0,0,0,2012-12-30,68,283.0,81.0,151.0,51.0,72.0,125.0,2,7,2,10,6,0,0,0,0,0,0,3,11,0,2012,12,30,55
4808,1956,Graduation,Married,15759.0,0,0,2013-09-05,12,1.0,2.0,5.0,6.0,0.0,3.0,1,1,0,2,7,0,0,0,0,0,0,3,11,0,2013,9,5,70
5068,1971,Graduation,Single,22804.0,1,0,2013-07-31,75,14.0,1.0,7.0,2.0,1.0,1.0,1,2,0,2,9,0,0,0,0,0,0,3,11,0,2013,7,31,55
7628,1973,2N Cycle,Married,43050.0,1,0,2014-03-18,10,30.0,5.0,24.0,6.0,3.0,8.0,2,2,0,4,5,0,0,0,0,0,0,3,11,0,2014,3,18,53
7128,1977,Phd,Single,42997.0,1,1,2013-12-07,91,4.0,0.0,5.0,0.0,1.0,5.0,1,1,0,2,7,0,0,0,0,0,0,3,11,0,2013,12,7,49
2811,1963,Phd,Single,48918.0,1,1,2014-04-12,21,52.0,0.0,9.0,0.0,0.0,1.0,2,1,0,4,4,0,0,0,0,0,0,3,11,0,2014,4,12,63
3551,1954,Master,Married,60033.0,0,1,2014-03-29,28,62.0,1.0,57.0,19.0,11.0,48.0,2,2,1,5,2,0,0,0,0,0,0,3,11,0,2014,3,29,72
1663,1978,Phd,Married,34043.0,1,0,2013-10-25,97,20.0,2.0,14.0,3.0,0.0,10.0,1,2,0,2,9,0,0,0,0,0,0,3,11,0,2013,10,25,48
5543,1966,Graduation,Married,57811.0,0,1,2013-06-24,49,545.0,7.0,114.0,37.0,21.0,78.0,5,7,2,11,5,0,1,0,0,0,0,3,11,0,2013,6,24,60
1577,1946,Graduation,Married,78569.0,0,0,2014-02-19,14,558.0,79.0,556.0,120.5,81.0,95.0,1,4,6,4,1,0,0,1,0,0,0,3,11,1,2014,2,19,80
10641,1978,Graduation,Single,7500.0,1,1,2012-12-27,5,6.0,5.0,4.0,13.0,4.0,25.0,4,2,1,3,6,0,0,0,0,0,0,3,11,0,2012,12,27,48
5336,1971,Master,Married,117418.0,1,0,2013-06-04,37,39.0,1.0,9.0,2.0,0.0,8.0,0,1,0,1,1,0,0,0,0,0,0,3,11,0,2013,6,4,55
6024,1953,Graduation,Married,94384.0,0,0,2013-03-04,62,1111.0,24.0,556.0,120.5,45.0,126.5,0,5,8,5,2,0,1,1,1,0,0,3,11,1,2013,3,4,73
1878,1985,2N Cycle,Married,23148.0,0,0,2014-02-18,83,4.0,6.0,8.0,6.0,3.0,10.0,1,2,0,3,7,0,0,0,0,0,0,3,11,0,2014,2,18,41
3099,1970,Graduation,Divorced,44267.0,1,1,2013-02-25,48,183.0,5.0,65.0,3.0,5.0,49.0,5,5,2,4,9,0,0,0,0,0,0,3,11,0,2013,2,25,56
6055,1979,Graduation,Married,71626.0,0,0,2012-11-01,94,546.0,72.0,376.0,94.0,81.0,72.0,1,5,5,8,3,0,1,0,0,0,0,3,11,0,2012,11,1,47
5841,1966,Graduation,Married,60894.0,0,1,2013-06-28,61,606.0,7.0,155.0,10.0,0.0,54.0,5,10,3,8,7,0,0,0,0,0,0,3,11,0,2013,6,28,60
3972,1976,Graduation,Married,50200.0,1,1,2013-04-03,70,266.0,6.0,51.0,8.0,6.0,64.0,6,7,1,5,8,0,0,0,0,0,0,3,11,0,2013,4,3,50
4394,1965,Phd,Married,81051.0,0,0,2014-05-23,43,1142.0,29.0,249.0,38.0,29.0,14.0,1,5,5,12,2,0,1,1,0,0,0,3,11,0,2014,5,23,61
5758,1982,Graduation,Married,65169.0,0,0,2014-01-14,23,1074.0,0.0,69.0,0.0,0.0,46.0,1,10,4,13,6,1,0,1,1,1,0,3,11,1,2014,1,14,44
6658,1972,Graduation,Married,59868.0,0,1,2013-07-22,37,771.0,51.0,154.0,54.0,10.0,126.5,7,11,2,12,6,0,0,0,0,0,0,3,11,0,2013,7,22,54
4603,1960,Phd,Married,65695.0,0,1,2014-01-31,50,371.0,32.0,189.0,0.0,58.0,6.0,2,5,4,10,4,0,0,0,0,0,0,3,11,0,2014,1,31,66
8427,1956,Master,Single,64857.0,0,0,2012-11-23,78,556.0,14.0,556.0,120.5,0.0,43.0,1,7,5,10,4,0,0,0,0,0,0,3,11,0,2012,11,23,70
10260,1965,Master,Married,45143.0,0,1,2013-08-26,74,202.0,5.0,74.0,11.0,5.0,14.0,3,6,1,5,7,0,0,0,0,0,0,3,11,0,2013,8,26,61
7143,1955,2N Cycle,Married,74805.0,0,1,2013-11-06,14,209.0,81.0,209.0,41.0,81.0,37.0,5,4,7,10,2,0,0,0,0,0,0,3,11,0,2013,11,6,71
8789,1989,2N Cycle,Married,59060.0,1,0,2014-01-11,77,35.0,40.0,111.0,36.0,40.0,12.0,3,3,1,7,4,0,0,0,0,0,0,3,11,0,2014,1,11,37
6197,1962,Phd,Single,27238.0,1,1,2013-04-20,39,37.0,0.0,17.0,0.0,0.0,3.0,3,3,0,3,9,0,0,0,0,0,0,3,11,0,2013,4,20,64
4554,1965,Graduation,Married,47009.0,0,1,2013-10-01,89,171.0,45.0,73.0,59.0,10.0,90.0,4,3,2,8,4,0,0,0,0,0,0,3,11,0,2013,10,1,61
4937,1973,2N Cycle,Married,46094.0,1,1,2014-06-10,62,12.0,2.0,20.0,3.0,2.0,5.0,1,1,0,3,7,0,0,0,0,0,0,3,11,0,2014,6,10,53
1920,1972,Graduation,Married,40321.0,1,1,2013-07-29,59,44.0,4.0,21.0,6.0,0.0,27.0,2,3,0,3,7,0,0,0,0,0,0,3,11,0,2013,7,29,54
8749,1984,Graduation,Married,37235.0,1,0,2014-02-01,68,20.0,2.0,9.0,4.0,6.0,20.0,1,1,1,2,4,0,0,0,0,0,0,3,11,0,2014,2,1,42
1650,1960,Master,Married,81843.0,0,0,2013-04-22,13,779.0,81.0,537.0,34.0,69.0,126.5,1,5,9,12,3,0,0,0,0,0,0,3,11,0,2013,4,22,66
10377,1958,Master,Married,46692.0,0,1,2013-06-06,37,170.0,6.0,97.0,24.0,12.0,88.0,3,6,1,5,6,0,0,0,0,0,0,3,11,0,2013,6,6,68
9206,1968,Graduation,Married,77382.0,0,1,2014-01-07,36,491.0,48.0,231.0,112.0,81.0,126.5,2,5,7,12,1,0,0,1,0,0,0,3,11,0,2014,1,7,58
10971,1977,Graduation,Single,37774.0,2,0,2012-09-03,28,173.0,8.0,107.0,7.0,2.0,126.5,4,7,2,3,9,1,0,0,0,0,1,3,11,1,2012,9,3,49
6398,1974,Basic,Married,18393.0,1,0,2014-03-29,2,7.0,10.0,13.0,16.0,0.0,4.0,2,3,0,3,8,0,0,0,0,0,0,3,11,0,2014,3,29,52
9212,1962,Master,Married,72828.0,0,1,2013-02-14,17,1205.0,0.0,235.0,19.0,14.0,126.5,6,6,3,13,7,0,0,0,0,0,0,3,11,0,2013,2,14,64
7937,1982,Graduation,Married,24711.0,0,0,2014-04-18,86,10.0,7.0,25.0,6.0,3.0,7.0,1,3,0,3,7,0,0,0,0,0,0,3,11,0,2014,4,18,44
839,1975,Phd,Married,45503.0,1,0,2013-09-25,54,97.0,4.0,44.0,6.0,1.0,18.0,1,3,1,4,5,0,0,0,0,0,0,3,11,0,2013,9,25,51
4246,1982,Master,Single,6560.0,0,0,2013-12-12,2,67.0,11.0,26.0,4.0,3.0,126.5,0,1,0,1,17,0,0,0,0,0,0,3,11,0,2013,12,12,44
158,1945,Phd,Married,71604.0,0,0,2013-11-17,3,345.0,53.0,528.0,98.0,75.0,97.0,1,8,3,5,4,1,0,0,0,0,0,3,11,1,2013,11,17,81
4832,1979,Graduation,Married,27244.0,1,0,2014-03-07,84,6.0,5.0,17.0,3.0,24.0,46.0,2,2,2,2,7,0,0,0,0,0,0,3,11,0,2014,3,7,47
5621,1969,Graduation,Married,48752.0,1,1,2012-12-12,8,73.0,57.0,100.0,71.0,15.0,0.0,5,6,1,5,9,0,0,0,0,0,0,3,11,1,2012,12,12,57
1945,1962,Graduation,Married,71434.0,0,1,2013-09-18,4,711.0,36.0,217.0,120.5,81.0,126.5,3,7,4,7,4,0,1,0,1,0,0,3,11,0,2013,9,18,64
5147,1948,Graduation,Single,90842.0,0,0,2013-07-29,57,774.0,70.0,118.0,120.5,81.0,93.0,1,4,9,13,1,0,0,0,0,0,0,3,11,0,2013,7,29,78
2535,1978,Master,Married,88097.0,1,0,2012-08-18,24,163.0,0.0,480.0,0.0,81.0,75.0,1,6,5,8,9,0,1,1,1,0,0,3,11,1,2012,8,18,48
11039,1975,Graduation,Married,51948.0,0,1,2013-09-17,51,82.0,33.0,54.0,71.0,30.0,41.0,2,5,2,4,5,0,0,0,0,0,0,3,11,0,2013,9,17,51
9495,1982,Graduation,Married,71853.0,0,0,2013-05-08,29,358.0,81.0,413.0,120.5,81.0,32.0,1,2,8,6,1,0,0,0,0,0,0,3,11,0,2013,5,8,44
9635,1983,Master,Married,35876.0,0,0,2014-04-20,13,66.0,2.0,40.0,4.0,3.0,14.0,1,3,1,3,6,0,0,0,0,0,0,3,11,0,2014,4,20,43
2173,1952,Graduation,Widow,40049.0,0,1,2013-10-16,23,13.0,6.0,7.0,0.0,3.0,3.0,1,1,0,3,6,0,0,0,0,0,0,3,11,0,2013,10,16,74
942,1982,Graduation,Single,39660.0,1,0,2012-08-08,36,139.0,13.0,78.0,20.0,13.0,36.0,3,7,1,3,9,0,0,0,0,0,0,3,11,1,2012,8,8,44
9386,1962,Graduation,Married,50127.0,0,1,2014-05-29,88,274.0,0.0,21.0,4.0,6.0,15.0,1,5,1,6,6,0,1,0,0,0,0,3,11,0,2014,5,29,64
5510,1977,Master,Married,43263.0,0,1,2012-11-21,2,262.0,6.0,61.0,0.0,10.0,102.0,3,5,2,6,5,0,0,0,0,0,0,3,11,0,2012,11,21,49
873,1949,Master,Married,62845.0,1,1,2012-10-01,3,1099.0,0.0,45.0,0.0,0.0,34.0,11,3,4,10,8,0,1,0,0,0,0,3,11,1,2012,10,1,77
2253,1990,Graduation,Married,18929.0,0,0,2013-02-16,15,32.0,0.0,8.0,23.0,4.0,18.0,1,1,0,4,6,0,0,0,0,0,0,3,11,0,2013,2,16,36
5181,1982,Basic,Single,24367.0,1,0,2013-03-20,58,2.0,4.0,2.0,0.0,11.0,5.0,1,1,0,2,9,0,0,0,0,0,0,3,11,0,2013,3,20,44
979,1975,Graduation,Single,33249.0,1,0,2013-02-20,11,6.0,10.0,21.0,19.0,14.0,42.0,2,2,1,3,6,0,0,0,0,0,0,3,11,0,2013,2,20,51
10390,1959,2N Cycle,Married,26887.0,0,1,2013-02-10,27,6.0,7.0,4.0,3.0,4.0,6.0,1,1,0,3,6,0,0,0,0,0,0,3,11,0,2013,2,10,67
4698,1983,Phd,Married,50150.0,0,0,2013-06-20,32,135.0,46.0,92.0,65.0,61.0,11.0,2,5,2,7,5,0,0,0,0,0,0,3,11,0,2013,6,20,43
7793,1976,Graduation,Married,62061.0,0,1,2013-08-31,12,641.0,7.0,84.0,0.0,30.0,38.0,3,10,4,7,6,0,1,0,0,0,0,3,11,0,2013,8,31,50
1745,1962,Phd,Divorced,85696.0,0,0,2013-05-03,88,714.0,76.0,395.0,116.0,0.0,12.0,1,4,6,9,1,0,0,0,0,0,0,3,11,1,2013,5,3,64
10590,1956,Phd,Married,76542.0,0,0,2013-03-30,91,794.0,73.0,556.0,0.0,29.0,14.0,1,4,8,10,2,0,0,0,0,0,0,3,11,0,2013,3,30,70
5080,1993,Graduation,Single,70515.0,0,0,2013-10-21,12,420.0,0.0,452.0,120.5,64.0,126.5,1,6,6,4,2,0,0,0,0,0,0,3,11,1,2013,10,21,33
8369,1987,Graduation,Married,18227.0,1,0,2012-11-08,21,1.0,2.0,7.0,4.0,3.0,11.0,1,0,1,2,8,0,0,0,0,0,0,3,11,0,2012,11,8,39
5232,1965,Graduation,Married,69139.0,0,1,2014-01-27,23,86.0,12.0,75.0,33.0,15.0,6.0,1,4,1,5,4,0,0,0,0,0,0,3,11,0,2014,1,27,61
2407,1982,Graduation,Married,69109.0,0,0,2012-11-09,10,823.0,25.0,459.0,120.5,29.0,95.0,1,6,6,7,4,0,0,1,0,0,0,3,11,1,2012,11,9,44
3834,1962,Graduation,Single,69627.0,0,1,2013-03-17,35,231.0,81.0,215.0,120.5,30.0,53.0,2,8,2,11,5,0,0,0,0,0,0,3,11,0,2013,3,17,64
7912,1978,Graduation,Married,38136.0,1,0,2013-04-22,69,8.0,15.0,27.0,0.0,20.0,33.0,2,3,1,2,8,1,0,0,0,0,0,3,11,0,2013,4,22,48
7712,1946,Phd,Single,62159.0,0,0,2014-04-28,68,182.0,17.0,259.0,77.0,70.0,29.0,1,6,2,10,4,0,0,0,0,0,0,3,11,0,2014,4,28,80
1065,1963,Graduation,Single,80695.0,0,0,2013-12-29,85,557.0,81.0,556.0,120.5,37.0,18.0,1,5,8,5,2,0,0,0,0,0,0,3,11,0,2013,12,29,63
7275,1971,Master,Single,33316.0,1,1,2013-10-04,34,79.0,1.0,31.0,4.0,4.0,12.0,3,2,1,4,6,0,0,0,0,0,0,3,11,0,2013,10,4,55
1343,1968,Graduation,Married,58554.0,1,1,2012-09-26,55,368.0,24.0,68.0,38.0,0.0,88.0,6,8,2,6,7,0,0,0,0,0,0,3,11,0,2012,9,26,58
1384,1992,Basic,Married,17256.0,1,0,2013-11-23,10,6.0,4.0,14.0,8.0,8.0,22.0,2,2,1,2,8,1,0,0,0,0,0,3,11,0,2013,11,23,34
9967,1974,Graduation,Divorced,53034.0,1,1,2013-05-30,30,160.0,15.0,196.0,15.0,11.0,50.0,8,6,1,7,8,0,0,0,0,0,0,3,11,0,2013,5,30,52
6181,1950,2N Cycle,Married,52203.0,0,0,2012-07-31,36,488.0,21.0,238.0,56.0,81.0,28.0,1,8,7,11,6,0,0,0,0,0,0,3,11,0,2012,7,31,76
10507,1977,2N Cycle,Divorced,59601.0,0,1,2013-07-25,14,691.0,7.0,69.0,0.0,7.0,23.0,4,2,2,7,8,0,1,0,0,0,0,3,11,0,2013,7,25,49
2674,1958,Master,Single,75154.0,0,1,2012-09-04,79,543.0,10.0,205.0,120.5,81.0,82.0,1,6,3,6,3,0,0,0,0,0,0,3,11,1,2012,9,4,68
2698,1976,Graduation,Single,47025.0,0,1,2013-11-07,52,254.0,7.0,108.0,20.0,0.0,26.0,3,6,3,5,6,0,0,0,0,0,0,3,11,0,2013,11,7,50
3231,1973,Graduation,Married,37971.0,1,0,2013-11-25,97,5.0,4.0,10.0,2.0,2.0,7.0,1,1,0,3,8,0,0,0,0,0,0,3,11,0,2013,11,25,53
4096,1968,Master,Divorced,41335.0,1,0,2013-12-26,24,112.0,19.0,21.0,16.0,14.0,5.0,3,4,1,4,7,0,0,0,0,0,0,3,11,0,2013,12,26,58
10476,1958,Graduation,Married,67267.0,0,1,2014-05-13,0,134.0,11.0,59.0,15.0,2.0,30.0,1,3,2,5,2,0,0,0,0,0,0,3,11,0,2014,5,13,68
5948,1975,Graduation,Single,57338.0,0,1,2014-04-29,96,143.0,6.0,52.0,11.0,8.0,17.0,2,4,1,5,5,0,0,0,0,0,0,3,11,0,2014,4,29,51
9140,1960,2N Cycle,Married,50523.0,1,1,2013-12-25,89,51.0,4.0,24.0,4.0,7.0,1.0,2,2,0,4,6,0,0,0,0,0,0,3,11,0,2013,12,25,66
10258,1965,Master,Single,35791.0,2,1,2013-05-06,94,27.0,0.0,5.0,0.0,0.0,3.0,2,1,0,3,8,0,0,0,0,0,0,3,11,0,2013,5,6,61
5675,1960,Phd,Divorced,50611.0,0,1,2012-10-04,98,459.0,0.0,24.0,6.0,0.0,4.0,6,4,5,7,6,0,1,0,0,0,0,3,11,0,2012,10,4,66
4743,1969,Phd,Married,56242.0,0,1,2013-03-03,72,689.0,8.0,167.0,11.0,8.0,88.0,5,8,4,11,6,0,0,0,0,0,0,3,11,0,2013,3,3,57
8805,1960,Graduation,Single,48904.0,0,1,2012-12-02,1,283.0,10.0,38.0,0.0,13.0,27.0,4,7,2,4,8,0,0,0,0,0,0,3,11,0,2012,12,2,66
1542,1975,Graduation,Single,56243.0,1,2,2013-12-30,26,347.0,0.0,35.0,4.0,3.0,7.0,6,4,2,8,5,0,0,0,0,0,0,3,11,0,2013,12,30,51
6770,1985,Graduation,Married,21355.0,1,0,2013-08-20,5,5.0,13.0,14.0,0.0,5.0,31.0,2,2,1,2,6,1,0,0,0,0,0,3,11,1,2013,8,20,41
8773,1971,Master,Married,57420.0,0,1,2013-06-25,22,280.0,0.0,18.0,0.0,0.0,24.0,3,5,1,6,7,0,1,0,0,0,0,3,11,0,2013,6,25,55
10475,1970,Master,Married,51381.5,0,1,2013-04-01,39,187.0,5.0,65.0,26.0,20.0,14.0,2,4,2,6,5,0,0,0,0,0,0,3,11,0,2013,4,1,56
10420,1955,Master,Divorced,46390.0,0,1,2014-05-05,56,95.0,14.0,64.0,2.0,9.0,38.0,1,4,2,3,7,0,0,0,0,0,0,3,11,0,2014,5,5,71
7514,1956,2N Cycle,Married,54342.0,1,1,2013-07-03,74,84.0,10.0,34.0,11.0,10.0,28.0,4,3,1,4,6,0,0,0,0,0,0,3,11,0,2013,7,3,70
2902,1958,Graduation,Married,51381.5,1,1,2012-09-03,87,19.0,4.0,12.0,2.0,2.0,6.0,1,1,0,3,5,0,0,0,0,0,0,3,11,0,2012,9,3,68
4345,1964,2N Cycle,Single,51381.5,1,1,2014-01-12,49,5.0,1.0,9.0,2.0,0.0,4.0,1,1,0,2,7,0,0,0,0,0,0,3,11,0,2014,1,12,62
793,1973,Graduation,Married,20895.0,1,0,2012-10-06,24,18.0,3.0,17.0,3.0,0.0,4.0,1,2,0,3,9,0,0,0,0,0,0,3,11,0,2012,10,6,53
10909,1948,Graduation,Married,92344.0,0,0,2014-01-15,9,992.0,24.0,556.0,51.0,19.0,119.0,0,5,10,5,1,1,0,1,0,0,0,3,11,0,2014,1,15,78
3769,1972,Phd,Married,51381.5,1,0,2014-03-02,17,25.0,1.0,13.0,0.0,0.0,3.0,1,1,0,3,7,0,0,0,0,0,0,3,11,0,2014,3,2,54
8702,1976,2N Cycle,Married,26907.0,1,1,2013-08-20,10,9.0,1.0,7.0,0.0,3.0,2.0,2,1,0,3,7,0,0,0,0,0,0,3,11,0,2013,8,20,50
4791,1980,Graduation,Married,44964.0,1,1,2012-12-16,35,19.0,1.0,17.0,2.0,0.0,2.0,1,1,0,3,8,0,0,0,0,0,0,3,11,0,2012,12,16,46
2963,1979,Graduation,Married,75507.0,0,0,2014-05-02,56,709.0,81.0,374.0,104.0,80.0,80.0,1,8,6,6,3,0,0,0,0,0,0,3,11,0,2014,5,2,47
8216,1972,Master,Married,53761.0,1,1,2013-10-11,7,158.0,0.0,76.0,13.0,7.0,71.0,6,4,4,3,5,0,0,0,0,0,0,3,11,0,2013,10,11,54
8140,1973,Graduation,Married,22682.0,1,0,2013-10-03,51,10.0,14.0,29.0,4.0,2.0,36.0,3,2,1,4,4,0,0,0,0,0,0,3,11,0,2013,10,3,53
10146,1972,Phd,Married,38887.0,1,0,2014-03-02,17,25.0,1.0,13.0,0.0,0.0,3.0,1,1,0,3,7,0,0,0,0,0,0,3,11,0,2014,3,2,54
5289,1975,2N Cycle,Single,41658.0,1,1,2012-11-09,30,8.0,4.0,12.0,15.0,4.0,29.0,2,1,1,2,4,0,0,0,0,0,0,3,11,0,2012,11,9,51
2587,1972,Phd,Married,29791.0,1,0,2014-05-15,21,14.0,0.0,6.0,0.0,0.0,0.0,2,2,0,3,5,0,0,0,0,0,0,3,11,0,2014,5,15,54
4405,1956,Master,Married,63915.0,0,2,2013-07-30,2,622.0,7.0,115.0,30.0,0.0,15.0,2,6,3,12,5,0,0,0,0,0,0,3,11,0,2013,7,30,70
8663,1974,Graduation,Divorced,39996.0,1,1,2014-05-22,85,11.0,0.0,3.0,0.0,0.0,1.0,1,1,0,2,6,0,0,0,0,0,0,3,11,0,2014,5,22,52
2589,1972,Graduation,Divorced,26759.0,1,0,2014-02-07,65,25.0,3.0,16.0,8.0,5.0,2.0,2,2,1,3,6,0,0,0,0,0,0,3,11,0,2014,2,7,54
3421,1968,Master,Divorced,63841.0,0,1,2013-04-21,64,635.0,15.0,100.0,20.0,7.0,126.5,1,9,3,9,6,0,0,0,0,0,0,3,11,0,2013,4,21,58
10490,1969,Phd,Married,51039.0,1,1,2012-12-10,11,100.0,64.0,79.0,65.0,0.0,109.0,2,6,2,4,7,0,0,0,0,0,0,3,11,0,2012,12,10,57
4094,1961,Graduation,Married,60544.0,1,1,2012-08-25,92,201.0,2.0,43.0,3.0,5.0,35.0,4,5,1,5,6,0,0,0,0,0,0,3,11,0,2012,8,25,65
9958,1972,Graduation,Married,65685.0,0,1,2014-03-29,54,642.0,14.0,49.0,0.0,7.0,57.0,1,9,2,9,5,0,0,0,0,0,0,3,11,0,2014,3,29,54
2534,1953,Graduation,Married,37716.0,0,1,2014-04-21,4,97.0,1.0,41.0,6.0,2.0,41.0,2,4,1,3,7,0,0,0,0,0,0,3,11,0,2014,4,21,73
4188,1957,Graduation,Single,36864.0,0,1,2012-08-13,53,204.0,5.0,39.0,17.0,0.0,89.0,3,5,2,4,8,0,0,0,0,0,0,3,11,1,2012,8,13,69
6613,1970,Master,Married,44511.0,1,0,2012-10-12,39,513.0,7.0,133.0,46.0,14.0,14.0,6,8,4,8,8,0,0,0,0,0,0,3,11,0,2012,10,12,56
10827,1967,Phd,Married,36947.0,1,1,2012-08-07,49,88.0,3.0,21.0,4.0,1.0,29.0,4,3,0,4,9,0,0,0,0,0,0,3,11,0,2012,8,7,59
5491,1951,Master,Married,47352.0,0,1,2013-04-11,70,172.0,12.0,112.0,8.0,0.0,15.0,4,6,1,5,7,0,0,0,0,0,0,3,11,0,2013,4,11,75
8402,1953,Master,Married,67087.0,0,1,2013-12-17,40,329.0,35.0,222.0,120.5,35.0,43.0,2,7,5,8,4,0,0,0,0,0,0,3,11,0,2013,12,17,73
8783,1950,Graduation,Married,57045.0,0,1,2012-09-08,40,296.0,13.0,104.0,11.0,13.0,17.0,3,4,2,9,3,0,0,0,0,0,0,3,11,0,2012,9,8,76
10010,1953,Phd,Divorced,36957.0,1,1,2012-09-06,43,100.0,2.0,16.0,2.0,1.0,31.0,4,3,2,2,9,0,0,0,0,0,0,3,11,1,2012,9,6,73
618,1977,Phd,Married,69389.0,0,1,2012-09-28,17,422.0,7.0,238.0,69.0,46.0,15.0,1,7,2,12,4,0,0,0,0,0,0,3,11,0,2012,9,28,49
9121,1972,Graduation,Married,80134.0,1,0,2013-05-20,40,1218.0,16.0,272.0,104.0,0.0,80.0,2,5,3,6,6,0,1,1,1,0,0,3,11,1,2013,5,20,54
361,1969,Master,Married,43142.0,1,1,2014-02-18,84,5.0,1.0,7.0,2.0,1.0,4.0,1,1,0,2,7,0,0,0,0,0,0,3,11,0,2014,2,18,57
4310,1944,Graduation,Married,80589.0,0,0,2014-01-22,25,507.0,81.0,520.0,120.5,40.0,26.0,1,5,10,5,1,0,0,0,1,0,0,3,11,1,2014,1,22,82
2678,1990,Graduation,Single,34412.0,1,0,2013-02-13,62,52.0,12.0,50.0,4.0,36.0,55.0,3,5,0,3,9,0,0,0,0,0,0,3,11,0,2013,2,13,36
6376,1979,Graduation,Single,57537.0,1,0,2013-06-10,83,191.0,56.0,139.0,51.0,8.0,100.0,4,4,3,8,4,0,0,0,0,0,0,3,11,0,2013,6,10,47
524,1966,Basic,Married,22634.0,0,0,2013-01-16,47,2.0,23.0,11.0,8.0,6.0,46.0,1,2,1,2,8,0,0,0,0,0,0,3,11,0,2013,1,16,60
10341,1948,Graduation,Married,51315.0,0,0,2014-02-23,45,68.0,28.0,39.0,16.0,30.0,41.0,1,2,2,5,2,0,0,0,0,0,0,3,11,0,2014,2,23,78
5654,1972,Graduation,Married,36026.0,2,1,2014-03-16,34,20.0,4.0,10.0,6.0,4.0,17.0,2,2,0,3,6,0,0,0,0,0,0,3,11,0,2014,3,16,54
4098,1973,Graduation,Married,24639.0,1,1,2014-01-28,3,20.0,3.0,16.0,0.0,4.0,1.0,3,2,0,4,6,0,0,0,0,0,0,3,11,0,2014,1,28,53
5824,1972,Phd,Married,34578.0,2,1,2014-04-11,1,7.0,0.0,1.0,0.0,0.0,0.0,1,1,0,2,6,0,0,0,0,0,0,3,11,0,2014,4,11,54
7000,1972,2N Cycle,Single,65704.0,0,0,2013-10-13,18,279.0,81.0,74.0,38.0,8.0,126.5,1,2,10,10,1,0,0,0,0,0,0,3,11,0,2013,10,13,54
2561,1966,Graduation,Single,63810.0,0,1,2012-11-11,45,977.0,12.0,253.0,16.0,12.0,101.0,4,4,3,12,8,0,1,0,0,0,0,3,11,0,2012,11,11,60
5229,1969,Phd,Married,54132.0,0,1,2014-02-16,81,30.0,1.0,8.0,0.0,0.0,3.0,1,1,0,3,7,0,0,0,0,0,0,3,11,0,2014,2,16,57
4086,1959,Graduation,Married,18690.0,0,0,2012-12-28,77,6.0,1.0,7.0,23.0,4.0,19.0,1,1,1,2,8,0,0,0,0,0,0,3,11,0,2012,12,28,67
2428,1970,Graduation,Married,28164.0,1,0,2013-05-04,23,3.0,18.0,26.0,11.0,8.0,12.0,3,2,0,4,7,0,0,0,0,0,0,3,11,0,2013,5,4,56
8254,1974,Phd,Married,34596.0,1,0,2013-04-13,48,14.0,0.0,2.0,0.0,0.0,7.0,1,1,0,2,8,0,0,0,0,0,0,3,11,0,2013,4,13,52
2836,1972,Phd,Married,43269.0,1,0,2013-09-16,61,10.0,1.0,7.0,0.0,0.0,1.0,1,1,0,2,8,0,0,0,0,0,0,3,11,0,2013,9,16,54
8418,1958,2N Cycle,Single,38741.0,1,1,2014-03-30,60,7.0,10.0,17.0,8.0,6.0,13.0,2,2,0,3,7,0,0,0,0,0,0,3,11,0,2014,3,30,68
1362,1972,Graduation,Single,31907.0,0,0,2013-03-04,75,33.0,81.0,64.0,120.5,16.0,74.0,1,6,1,6,7,0,0,0,0,0,0,3,11,0,2013,3,4,54
7152,1983,Master,Married,27100.0,1,0,2013-04-05,64,12.0,0.0,13.0,2.0,0.0,10.0,1,1,0,3,7,0,0,0,0,0,0,3,11,0,2013,4,5,43
10033,1973,2N Cycle,Divorced,31163.0,1,0,2014-02-13,54,2.0,3.0,10.0,11.0,2.0,10.0,1,1,0,3,6,0,0,0,0,0,0,3,11,0,2014,2,13,53
9349,1985,Graduation,Married,92533.0,0,0,2013-12-19,84,693.0,21.0,118.0,110.0,81.0,42.0,1,6,5,11,2,0,0,1,1,0,0,3,11,0,2013,12,19,41
274,1973,Graduation,Single,34853.0,1,1,2013-12-23,75,9.0,3.0,15.0,2.0,3.0,2.0,2,2,0,3,6,0,0,0,0,0,0,3,11,0,2013,12,23,53
3388,1967,Graduation,Divorced,70844.0,1,1,2013-10-30,16,129.0,26.0,67.0,3.0,67.0,2.0,5,6,1,5,7,0,0,0,0,0,0,3,11,0,2013,10,30,59
922,1979,2N Cycle,Married,31086.0,1,1,2013-05-04,79,16.0,2.0,11.0,3.0,0.0,16.0,2,1,1,2,8,1,0,0,0,0,0,3,11,0,2013,5,4,47
8588,1961,Graduation,Married,60544.0,1,1,2012-08-25,92,201.0,2.0,43.0,3.0,5.0,35.0,4,5,1,5,6,0,0,0,0,0,0,3,11,0,2012,8,25,65
2518,1986,2N Cycle,Married,20491.0,0,0,2013-01-25,16,5.0,4.0,5.0,4.0,2.0,10.0,1,0,1,2,7,0,0,0,0,0,0,3,11,0,2013,1,25,40
574,1964,Graduation,Married,42523.0,0,0,2014-04-23,96,14.0,36.0,11.0,3.0,26.0,35.0,1,1,1,4,2,0,0,0,0,0,0,3,11,0,2014,4,23,62
3220,1983,Graduation,Married,39922.0,1,0,2013-02-14,30,29.0,12.0,59.0,19.0,1.0,36.0,2,3,0,4,8,0,0,0,0,0,0,3,11,0,2013,2,14,43
5967,1952,Graduation,Married,33402.0,1,1,2013-07-18,60,26.0,2.0,19.0,10.0,5.0,8.0,3,2,1,3,8,0,0,0,0,0,0,3,11,0,2013,7,18,74
1183,1949,Master,Married,36408.0,1,1,2013-09-21,11,9.0,1.0,4.0,3.0,2.0,3.0,1,1,0,2,6,0,0,0,0,0,0,3,11,0,2013,9,21,77
6856,1979,Graduation,Married,21645.0,1,0,2012-09-03,75,14.0,0.0,23.0,4.0,5.0,19.0,3,3,0,3,9,0,0,0,0,0,0,3,11,1,2012,9,3,47
4530,1948,Master,Widow,78427.0,0,0,2012-10-24,36,972.0,19.0,556.0,120.5,26.0,126.5,3,3,7,10,3,0,0,0,1,0,0,3,11,1,2012,10,24,78
1553,1946,Graduation,Married,82657.0,0,0,2013-09-27,71,966.0,81.0,556.0,120.5,81.0,126.0,1,7,5,10,4,0,1,0,1,0,0,3,11,0,2013,9,27,80
4682,1958,Graduation,Married,51876.0,0,0,2013-10-15,88,99.0,27.0,102.0,28.0,48.0,6.0,1,2,2,8,1,0,0,0,0,0,0,3,11,0,2013,10,15,68
8204,1971,2N Cycle,Married,78041.0,0,0,2012-12-16,93,482.0,35.0,553.0,72.0,81.0,17.0,1,4,4,9,2,0,0,0,0,0,0,3,11,0,2012,12,16,55
5221,1957,Graduation,Married,52852.0,0,1,2012-12-01,93,714.0,8.0,99.0,11.0,0.0,47.0,4,10,7,5,8,1,0,0,0,0,0,3,11,0,2012,12,1,69
1232,1982,Phd,Married,70038.0,0,0,2013-10-25,54,587.0,54.0,348.0,71.0,54.0,126.5,1,4,4,8,2,0,0,0,0,0,0,3,11,0,2013,10,25,44
1927,1973,2N Cycle,Married,69401.0,0,1,2014-03-23,41,399.0,27.0,159.0,58.0,8.0,39.0,4,4,4,5,2,0,0,0,0,0,0,3,11,0,2014,3,23,53
5788,1972,Graduation,Married,46053.0,1,0,2013-02-17,46,56.0,10.0,92.0,19.0,7.0,25.0,3,3,2,4,5,0,0,0,0,0,0,3,11,0,2013,2,17,54
6652,1965,Graduation,Married,77343.0,0,0,2014-06-09,28,227.0,81.0,556.0,98.0,54.0,31.0,1,3,4,9,1,0,0,0,0,0,0,3,11,0,2014,6,9,61
6246,1953,Graduation,Single,73892.0,0,0,2013-11-13,40,703.0,81.0,556.0,0.0,58.0,43.0,1,3,11,8,1,0,0,0,0,0,0,3,11,1,2013,11,13,73
5975,1967,Phd,Single,40304.0,1,0,2013-09-30,82,37.0,0.0,17.0,0.0,0.0,3.0,1,2,0,3,7,0,0,0,0,0,0,3,11,0,2013,9,30,59
6875,1965,Phd,Married,32727.0,0,0,2012-08-28,38,167.0,13.0,180.0,86.0,13.0,70.0,2,7,3,5,8,0,0,0,0,0,0,3,11,0,2012,8,28,61
4399,1969,Graduation,Married,68695.0,0,0,2014-06-25,3,458.0,81.0,356.0,106.0,50.0,40.0,1,4,4,7,2,0,0,0,0,0,0,3,11,0,2014,6,25,57
4042,1971,Graduation,Divorced,43300.0,0,1,2012-10-13,87,91.0,3.0,52.0,2.0,1.0,31.0,3,4,0,4,8,0,0,0,0,0,0,3,11,1,2012,10,13,55
2157,1972,Graduation,Married,26290.0,1,1,2013-01-12,49,15.0,8.0,16.0,11.0,5.0,22.0,4,2,0,4,6,0,0,0,0,0,0,3,11,0,2013,1,12,54
10133,1970,Graduation,Single,93790.0,0,0,2014-02-12,16,1224.0,68.0,556.0,89.0,81.0,45.0,0,6,7,12,2,0,1,1,1,0,0,3,11,1,2014,2,12,56
2525,1974,Phd,Married,38410.0,0,0,2012-09-14,65,153.0,64.0,123.0,116.0,64.0,14.0,2,5,2,9,6,0,0,0,0,0,0,3,11,1,2012,9,14,52
8233,1950,Master,Widow,64866.0,0,1,2014-01-26,9,508.0,5.0,21.0,7.0,5.0,10.0,4,7,3,7,5,0,1,0,0,0,0,3,11,0,2014,1,26,76
9483,1959,Graduation,Married,57957.0,0,1,2013-08-19,24,290.0,59.0,177.0,77.0,5.0,29.0,7,4,6,8,3,0,0,0,0,0,1,3,11,0,2013,8,19,67
2945,1955,Phd,Married,46015.0,1,1,2014-04-13,25,38.0,0.0,2.0,0.0,0.0,6.0,1,1,0,3,7,1,0,0,0,1,0,3,11,0,2014,4,13,71
10403,1978,Graduation,Married,16531.0,1,0,2014-06-18,43,2.0,13.0,6.0,7.0,5.0,11.0,3,3,0,3,7,0,0,0,0,0,0,3,11,0,2014,6,18,48
5074,1986,Master,Married,28072.0,1,0,2013-07-08,10,30.0,0.0,10.0,2.0,0.0,5.0,1,1,0,3,7,0,0,0,0,0,0,3,11,0,2013,7,8,40
10524,1963,Master,Divorced,49476.0,0,1,2013-06-20,29,386.0,23.0,95.0,54.0,41.0,126.5,4,2,11,5,2,0,0,0,0,0,0,3,11,0,2013,6,20,63
4690,1953,Graduation,Married,50725.0,0,1,2013-02-13,45,443.0,10.0,75.0,0.0,10.0,48.0,4,8,1,8,8,0,0,0,0,0,0,3,11,0,2013,2,13,73
7521,1952,Graduation,Married,83844.0,0,0,2013-05-12,57,901.0,31.0,345.0,75.0,31.0,126.5,1,4,4,11,1,0,0,1,0,0,0,3,11,0,2013,5,12,74
7196,1950,Phd,Married,41145.0,1,1,2014-02-08,20,9.0,0.0,3.0,0.0,0.0,1.0,1,0,0,3,3,0,0,0,0,0,0,3,11,0,2014,2,8,76
4406,1970,Graduation,Married,67419.0,0,1,2013-01-16,29,846.0,81.0,352.0,91.0,56.0,42.0,4,9,4,8,5,0,0,0,0,0,0,3,11,0,2013,1,16,56
9672,1970,2N Cycle,Married,23162.0,1,1,2013-12-21,82,8.0,3.0,9.0,19.0,4.0,22.0,3,1,1,3,6,0,0,0,0,0,0,3,11,0,2013,12,21,56
4864,1977,Graduation,Married,34380.0,1,0,2013-05-02,68,72.0,7.0,58.0,13.0,1.0,24.0,4,4,1,3,8,0,0,0,0,0,0,3,11,0,2013,5,2,49
4706,1966,Graduation,Single,34704.0,0,1,2013-04-27,65,29.0,0.0,5.0,0.0,1.0,5.0,1,1,0,3,5,0,0,0,0,0,0,3,11,0,2013,4,27,60
4070,1969,Phd,Married,94871.0,0,2,2012-09-01,99,169.0,24.0,553.0,120.5,0.0,126.5,1,8,5,4,7,0,1,1,0,0,0,3,11,1,2012,9,1,57
25,1958,Graduation,Married,65148.0,0,1,2012-11-16,9,460.0,35.0,422.0,33.0,12.0,126.5,2,6,6,7,4,0,0,0,0,0,0,3,11,0,2012,11,16,68
3697,1954,Graduation,Married,39898.0,0,1,2013-02-12,20,69.0,8.0,26.0,12.0,7.0,12.0,2,3,0,4,7,0,0,0,0,0,0,3,11,0,2013,2,12,72
217,1956,Master,Single,64857.0,0,0,2012-11-23,78,556.0,14.0,556.0,120.5,0.0,43.0,1,7,5,10,4,0,0,0,0,0,0,3,11,0,2012,11,23,70
4220,1970,Phd,Married,59892.0,0,1,2013-11-02,26,73.0,0.0,13.0,0.0,1.0,0.0,1,2,1,3,3,0,0,0,0,0,0,3,11,0,2013,11,2,56
5286,1987,Master,Single,41020.0,0,0,2013-10-28,68,112.0,1.0,54.0,7.0,7.0,36.0,1,3,2,4,3,0,0,0,0,0,0,3,11,0,2013,10,28,39
9559,1961,Phd,Married,57072.0,0,1,2014-01-24,79,944.0,0.0,60.0,0.0,0.0,30.0,2,7,5,13,5,1,0,0,0,0,0,3,11,0,2014,1,24,65
2849,1979,Graduation,Single,60474.0,0,1,2013-04-01,25,265.0,81.0,303.0,120.5,9.0,126.5,7,10,2,12,7,0,0,0,0,0,0,3,11,0,2013,4,1,47
7787,1960,Graduation,Married,62807.0,0,1,2012-08-31,83,526.0,28.0,135.0,10.0,21.0,99.0,3,5,3,12,5,0,0,0,0,0,0,3,11,0,2012,8,31,66
3102,1981,2N Cycle,Married,19414.0,1,0,2013-10-16,32,2.0,3.0,12.0,3.0,5.0,7.0,1,1,0,3,8,0,0,0,0,0,0,3,11,0,2013,10,16,45
5868,1980,Graduation,Married,19107.0,1,0,2013-08-22,49,2.0,4.0,9.0,10.0,5.0,16.0,2,1,0,3,7,0,0,0,0,0,0,3,11,0,2013,8,22,46
8370,1976,2N Cycle,Married,75484.0,0,1,2012-08-02,50,378.0,81.0,259.0,120.5,81.0,34.0,2,7,3,6,4,0,0,0,0,0,0,3,11,0,2012,8,2,50
9988,1976,Master,Single,70379.0,0,1,2013-03-03,84,553.0,25.0,142.0,65.0,67.0,8.0,3,6,3,13,4,0,0,0,0,0,0,3,11,0,2013,3,3,50
2939,1970,Master,Married,79419.0,0,0,2014-06-22,96,751.0,81.0,556.0,20.0,15.0,31.0,1,4,6,4,2,0,0,0,0,0,0,3,11,0,2014,6,22,56
5529,1946,Phd,Married,64014.0,2,1,2014-06-10,56,406.0,0.0,30.0,0.0,0.0,8.0,7,8,2,5,7,0,0,0,1,0,0,3,11,0,2014,6,10,80
9743,1955,Graduation,Married,76998.0,0,1,2013-01-11,85,1224.0,81.0,161.0,69.0,35.0,107.0,2,11,8,8,6,0,0,1,0,0,0,3,11,0,2013,1,11,71
5763,1972,Master,Married,49854.0,1,0,2013-11-10,63,123.0,17.0,171.0,39.0,0.0,30.0,5,6,2,5,6,0,0,0,0,0,0,3,11,0,2013,11,10,54
3478,1971,Phd,Married,60585.0,1,1,2013-06-24,17,267.0,42.0,309.0,55.0,42.0,21.0,10,7,4,9,5,0,0,0,0,0,0,3,11,1,2013,6,24,55
7494,1950,Phd,Divorced,42873.0,1,1,2013-01-21,11,209.0,0.0,40.0,3.0,2.0,15.0,4,6,1,4,8,0,0,0,0,0,0,3,11,0,2013,1,21,76
1763,1988,Graduation,Married,87679.0,0,0,2013-07-27,62,1224.0,81.0,556.0,97.0,81.0,33.0,1,7,11,10,4,1,0,1,1,0,0,3,11,1,2013,7,27,38
7250,1978,Graduation,Married,57867.0,1,0,2013-10-01,48,344.0,35.0,178.0,15.0,23.0,17.0,7,7,2,9,6,0,0,0,0,0,0,3,11,0,2013,10,1,48
2005,1990,Graduation,Married,35765.0,1,0,2013-12-11,86,22.0,3.0,30.0,0.0,5.0,15.0,2,2,0,4,6,0,0,0,0,0,0,3,11,0,2013,12,11,36
10770,1959,Graduation,Married,65492.0,0,0,2014-01-26,73,247.0,81.0,295.0,120.5,81.0,47.0,2,4,7,13,2,0,0,0,0,0,0,3,11,0,2014,1,26,67
6885,1977,Graduation,Divorced,32952.0,1,0,2013-12-01,36,38.0,0.0,12.0,3.0,1.0,1.0,1,2,0,3,7,0,0,0,0,0,0,3,11,0,2013,12,1,49
2072,1969,Phd,Married,53374.0,0,1,2012-08-16,34,896.0,10.0,101.0,13.0,10.0,34.0,6,4,2,9,9,1,0,0,0,0,0,3,11,1,2012,8,16,57
9463,1959,Graduation,Married,71706.0,0,1,2012-11-13,16,931.0,56.0,253.0,91.0,81.0,14.0,4,9,5,7,5,0,0,0,0,0,0,3,11,0,2012,11,13,67
6318,1988,Graduation,Married,68487.0,0,0,2013-01-13,48,758.0,12.0,385.0,33.0,81.0,89.0,1,9,7,13,4,0,0,0,0,0,0,3,11,0,2013,1,13,38
4093,1975,Master,Married,53253.0,1,1,2013-02-11,61,216.0,9.0,57.0,20.0,9.0,125.0,7,4,3,5,5,0,0,0,0,0,0,3,11,0,2013,2,11,51
5751,1973,2N Cycle,Divorced,31163.0,1,0,2014-02-13,54,2.0,3.0,10.0,11.0,2.0,10.0,1,1,0,3,6,0,0,0,0,0,0,3,11,0,2014,2,13,53
3340,1977,Graduation,Married,42014.0,1,0,2012-08-17,56,244.0,15.0,108.0,4.0,15.0,50.0,6,7,1,6,8,0,0,0,0,0,0,3,11,1,2012,8,17,49
3594,1973,Master,Married,54108.0,1,1,2012-11-05,74,539.0,6.0,91.0,8.0,6.0,97.0,13,8,2,9,8,0,0,0,0,0,0,3,11,0,2012,11,5,53
3584,1955,Phd,Single,49667.0,0,0,2012-08-20,35,1181.0,26.0,120.0,17.0,13.0,39.0,2,5,10,5,8,1,0,0,0,0,0,3,11,1,2012,8,20,71
3643,1974,Master,Married,63206.0,0,0,2014-03-20,65,750.0,8.0,125.0,11.0,8.0,26.0,1,4,3,6,2,0,0,1,0,0,0,3,11,0,2014,3,20,52
851,1972,Master,Married,57136.0,1,1,2013-07-09,48,306.0,5.0,109.0,21.0,81.0,92.0,9,5,2,10,6,0,0,0,0,0,0,3,11,0,2013,7,9,54
7706,1975,2N Cycle,Married,46772.0,0,1,2012-11-07,88,350.0,81.0,189.0,120.5,81.0,57.0,6,11,8,5,8,1,0,0,0,0,0,3,11,0,2012,11,7,51
3967,1971,Phd,Married,78931.0,0,0,2013-10-25,19,331.0,81.0,170.0,58.0,81.0,35.0,1,2,8,13,1,0,0,0,0,0,0,3,11,0,2013,10,25,55
10128,1958,Graduation,Married,53977.0,0,1,2013-06-08,21,620.0,16.0,165.0,0.0,24.0,82.0,5,5,5,12,5,0,0,0,0,0,0,3,11,0,2013,6,8,68
486,1988,Graduation,Married,84219.0,0,0,2014-02-02,27,434.0,81.0,400.0,45.0,81.0,45.0,1,3,4,10,1,0,0,0,0,0,0,3,11,0,2014,2,2,38
9,1975,Master,Single,46098.0,1,1,2012-08-18,86,57.0,0.0,27.0,0.0,0.0,36.0,4,3,2,2,8,0,0,0,0,0,0,3,11,0,2012,8,18,51
9451,1965,Graduation,Married,73538.0,0,1,2012-11-25,92,811.0,76.0,428.0,99.0,81.0,107.0,3,10,4,9,7,0,0,0,0,0,0,3,11,0,2012,11,25,61
9264,1986,Graduation,Married,79529.0,0,0,2014-04-27,1,423.0,42.0,556.0,73.0,81.0,126.5,1,4,8,9,2,0,0,0,0,0,0,3,11,0,2014,4,27,40
3865,1977,2N Cycle,Married,20981.0,0,0,2013-04-30,14,2.0,12.0,10.0,6.0,13.0,30.0,1,3,1,2,8,0,0,0,0,0,0,3,11,1,2013,4,30,49
2853,1980,Graduation,Single,51766.0,1,0,2014-03-11,74,60.0,51.0,87.0,6.0,20.0,51.0,2,4,2,4,5,0,0,0,0,0,0,3,11,0,2014,3,11,46
1490,1962,Graduation,Married,55759.0,0,1,2012-11-28,84,675.0,0.0,85.0,10.0,7.0,77.0,5,10,3,8,8,0,0,0,0,0,0,3,11,0,2012,11,28,64
6310,1978,Graduation,Married,33039.0,1,0,2013-09-09,4,30.0,8.0,12.0,8.0,8.0,12.0,1,2,0,4,5,0,0,0,0,0,0,3,11,0,2013,9,9,48
10380,1972,Master,Married,37787.0,1,0,2013-09-20,50,40.0,1.0,40.0,4.0,3.0,18.0,1,3,0,3,8,0,0,0,0,0,0,3,11,0,2013,9,20,54
3887,1970,Graduation,Single,27242.0,1,0,2012-11-11,2,3.0,17.0,26.0,20.0,1.0,39.0,2,2,0,3,9,0,0,0,0,0,0,3,11,1,2012,11,11,56
4278,1983,Phd,Single,87188.0,0,0,2013-06-03,73,910.0,81.0,556.0,49.0,74.0,55.0,1,10,2,6,3,0,0,0,0,0,0,3,11,1,2013,6,3,43
8643,1971,Graduation,Married,69930.0,0,0,2013-05-26,21,252.0,81.0,556.0,120.5,70.0,126.5,1,4,5,12,3,0,0,0,0,0,0,3,11,0,2013,5,26,55
1998,1976,Graduation,Single,37697.0,1,0,2014-02-07,82,34.0,6.0,21.0,11.0,4.0,8.0,1,2,1,3,6,0,0,0,0,0,0,3,11,0,2014,2,7,50
10795,1973,Phd,Married,37401.0,1,0,2014-05-06,14,19.0,3.0,19.0,3.0,1.0,3.0,2,2,0,3,7,0,0,0,0,0,0,3,11,0,2014,5,6,53
11110,1973,Graduation,Single,3502.0,1,0,2013-04-13,56,2.0,1.0,1.0,0.0,0.0,1.0,0,0,0,0,14,0,0,0,0,0,0,3,11,0,2013,4,13,53
2408,1976,Graduation,Married,58597.0,1,1,2012-11-20,20,490.0,0.0,184.0,10.0,28.0,21.0,12,7,4,9,7,0,0,0,0,0,0,3,11,0,2012,11,20,50
202,1948,Phd,Widow,82032.0,0,0,2014-04-05,54,332.0,81.0,377.0,120.5,81.0,57.0,0,4,6,7,1,0,0,0,0,0,0,3,11,0,2014,4,5,78
7998,1958,Graduation,Married,28087.0,1,1,2012-12-11,77,53.0,8.0,17.0,13.0,0.0,21.0,3,2,2,2,7,0,0,0,0,0,0,3,11,0,2012,12,11,68
830,1987,Phd,Single,74004.0,0,0,2014-02-24,5,784.0,48.0,556.0,42.0,81.0,48.0,1,4,6,4,3,0,0,1,1,0,0,3,11,1,2014,2,24,39
3536,1960,Graduation,Married,19740.0,0,1,2013-03-24,65,7.0,11.0,3.0,10.0,4.0,20.0,2,1,1,3,5,0,0,0,0,0,0,3,11,0,2013,3,24,66
6050,1975,2N Cycle,Married,57036.0,0,1,2012-12-11,33,1171.0,43.0,219.0,19.0,14.0,47.0,4,6,3,13,9,1,0,0,0,0,0,3,11,0,2012,12,11,51
125,1958,2N Cycle,Married,53083.0,1,1,2013-05-15,65,215.0,7.0,33.0,3.0,0.0,13.0,6,5,1,5,7,0,1,0,0,0,0,3,11,0,2013,5,15,68
3463,1975,Phd,Married,69283.0,0,1,2014-06-14,41,674.0,62.0,134.0,0.0,26.0,8.0,4,7,3,13,5,0,0,0,0,0,0,3,11,0,2014,6,14,51
2804,1975,Master,Single,46098.0,1,1,2012-08-18,86,57.0,0.0,27.0,0.0,0.0,36.0,4,3,2,2,8,0,0,0,0,0,0,3,11,1,2012,8,18,51
3745,1988,2N Cycle,Married,23331.0,1,0,2012-09-04,92,5.0,36.0,7.0,0.0,10.0,45.0,2,3,0,3,8,0,0,0,0,0,0,3,11,0,2012,9,4,38
9771,1988,2N Cycle,Single,23331.0,1,0,2012-10-05,97,104.0,20.0,101.0,24.0,15.0,5.0,6,5,1,5,9,0,0,0,0,0,0,3,11,0,2012,10,5,38
451,1989,Graduation,Single,9255.0,1,0,2013-12-20,91,9.0,0.0,7.0,2.0,0.0,4.0,1,1,1,2,8,0,0,0,0,0,0,3,11,0,2013,12,20,37
10530,1959,Phd,Widow,67786.0,0,0,2013-12-07,0,431.0,81.0,441.0,80.0,20.0,102.0,1,3,6,6,1,0,0,0,0,0,0,3,11,1,2013,12,7,67
1079,1971,Phd,Married,71969.0,0,1,2012-10-16,59,1000.0,0.0,76.0,0.0,0.0,10.0,3,3,4,9,8,0,1,0,0,0,0,3,11,0,2012,10,16,55
8920,1967,Master,Single,59235.0,1,0,2013-01-12,4,448.0,40.0,469.0,80.0,0.0,91.0,3,11,2,12,7,0,0,0,0,0,0,3,11,0,2013,1,12,59
6678,1989,Graduation,Married,31928.0,1,0,2014-03-28,5,33.0,4.0,24.0,4.0,2.0,5.0,2,3,0,4,7,0,0,0,0,0,0,3,11,0,2014,3,28,37
3852,1961,Master,Married,74881.0,1,1,2013-03-08,48,505.0,72.0,270.0,36.0,27.0,54.0,4,9,2,12,5,0,0,0,0,0,0,3,11,0,2013,3,8,65
528,1978,Graduation,Married,65819.0,0,0,2012-11-29,99,267.0,38.0,556.0,120.5,81.0,63.0,1,5,4,10,3,0,0,0,0,0,0,3,11,0,2012,11,29,48
73,1953,Phd,Single,51411.0,1,2,2013-05-26,81,14.0,0.0,3.0,0.0,0.0,1.0,1,0,0,3,5,0,0,0,0,0,0,3,11,0,2013,5,26,73
5589,1964,Graduation,Divorced,51983.0,0,1,2012-08-31,95,631.0,0.0,115.0,10.0,7.0,30.0,3,9,2,10,7,0,0,0,0,0,0,3,11,0,2012,8,31,62
10212,1986,Master,Married,42386.0,1,0,2013-01-13,43,65.0,4.0,16.0,0.0,4.0,11.0,1,3,0,3,8,0,0,0,0,0,0,3,11,0,2013,1,13,40
6365,1987,2N Cycle,Married,30390.0,0,0,2013-09-02,5,10.0,12.0,12.0,25.0,1.0,20.0,1,2,0,3,6,0,0,0,0,0,0,3,11,0,2013,9,2,39
5636,1963,Graduation,Single,30983.0,0,0,2012-11-09,50,51.0,4.0,50.0,12.0,1.0,49.0,1,4,0,3,8,0,0,0,0,0,0,3,11,1,2012,11,9,63
591,1957,Graduation,Widow,66033.0,0,1,2013-01-20,76,293.0,35.0,179.0,46.0,59.0,65.0,2,8,3,7,7,0,0,0,0,0,0,3,11,0,2013,1,20,69
2217,1975,2N Cycle,Married,37284.0,1,1,2013-03-29,46,11.0,1.0,2.0,2.0,1.0,6.0,1,0,0,3,6,0,0,0,0,0,0,3,11,0,2013,3,29,51
2544,1951,Master,Divorced,57530.0,0,1,2013-10-12,68,50.0,1.0,27.0,6.0,7.0,1.0,1,1,1,4,1,0,0,0,0,0,0,3,11,0,2013,10,12,75
7725,1965,2N Cycle,Married,76800.0,0,0,2014-03-08,33,173.0,26.0,255.0,35.0,71.0,81.0,1,4,4,7,1,0,0,0,0,0,0,3,11,0,2014,3,8,61
8091,1956,Graduation,Married,63943.0,0,1,2012-09-02,50,423.0,81.0,368.0,13.0,81.0,21.0,1,6,4,6,5,0,0,0,0,0,0,3,11,0,2012,9,2,70
7321,1962,Graduation,Married,76081.0,0,0,2014-05-23,85,292.0,30.0,415.0,63.0,33.0,126.5,1,4,5,4,2,0,0,0,1,0,0,3,11,0,2014,5,23,64
5462,1974,Graduation,Married,67445.0,0,1,2012-08-12,63,757.0,80.0,217.0,29.0,80.0,11.0,5,9,6,12,6,0,0,0,0,0,0,3,11,0,2012,8,12,52
7791,1967,Master,Married,37054.0,1,1,2013-09-15,89,12.0,1.0,6.0,0.0,1.0,5.0,2,1,0,3,7,0,0,0,0,0,0,3,11,0,2013,9,15,59
955,1962,Master,Married,47175.0,1,1,2012-10-28,81,167.0,2.0,44.0,6.0,2.0,19.0,7,4,2,4,8,1,0,0,0,0,0,3,11,1,2012,10,28,64
4037,1976,Graduation,Divorced,31859.0,1,0,2013-06-14,77,3.0,1.0,3.0,8.0,0.0,5.0,1,1,0,2,7,0,0,0,0,0,0,3,11,0,2013,6,14,50
6642,1961,Graduation,Divorced,27215.0,2,1,2013-01-23,50,30.0,5.0,22.0,8.0,9.0,28.0,4,2,1,4,6,0,0,0,0,0,0,3,11,0,2013,1,23,65
2793,1976,Phd,Divorced,70179.0,0,1,2013-07-21,10,532.0,81.0,168.0,69.0,44.0,126.5,3,7,3,13,5,0,0,0,0,0,0,3,11,0,2013,7,21,50
5424,1983,Graduation,Married,39922.0,1,0,2013-02-14,30,29.0,12.0,59.0,19.0,1.0,36.0,2,3,0,4,8,0,0,0,0,0,0,3,11,0,2013,2,14,43
879,1976,Master,Married,49681.0,0,2,2013-11-04,66,411.0,0.0,26.0,0.0,0.0,21.0,6,7,1,7,7,0,0,0,0,0,0,3,11,0,2013,11,4,50
9530,1988,Graduation,Married,24645.0,1,0,2012-11-01,16,5.0,3.0,4.0,4.0,1.0,0.0,1,1,0,2,8,0,0,0,0,0,0,3,11,0,2012,11,1,38
4828,1954,Graduation,Divorced,79865.0,0,1,2014-06-18,12,71.0,81.0,278.0,120.5,81.0,38.0,1,5,10,5,1,0,0,0,0,0,0,3,11,0,2014,6,18,72
10699,1985,Graduation,Married,44322.0,1,0,2014-06-16,30,46.0,0.0,40.0,3.0,0.0,3.0,2,3,0,3,8,0,0,0,0,0,0,3,11,0,2014,6,16,41
1497,1952,Graduation,Single,47958.0,0,1,2013-01-19,8,268.0,11.0,88.0,15.0,3.0,22.0,2,6,3,5,5,0,0,0,0,0,0,3,11,0,2013,1,19,74
7476,1964,Master,Single,63972.0,0,1,2012-12-02,93,928.0,63.0,254.0,0.0,12.0,12.0,4,5,4,10,4,0,1,0,0,0,0,3,11,0,2012,12,2,62
4390,1954,Graduation,Married,75315.0,0,1,2014-04-15,14,459.0,15.0,171.0,120.5,23.0,31.0,2,5,4,12,2,0,0,0,0,0,0,3,11,0,2014,4,15,72
10478,1950,Phd,Married,55517.0,1,1,2012-09-27,53,483.0,0.0,108.0,0.0,6.0,36.0,5,11,1,6,9,0,0,0,0,0,0,3,11,1,2012,9,27,76
1081,1957,Phd,Married,75283.0,1,2,2013-03-27,26,733.0,9.0,180.0,12.0,19.0,66.0,11,6,3,5,4,0,0,0,0,0,0,3,11,0,2013,3,27,69
4261,1946,Phd,Single,82800.0,0,0,2012-11-24,23,1006.0,22.0,115.0,59.0,68.0,45.0,1,7,6,12,3,0,0,1,1,0,0,3,11,1,2012,11,24,80
9916,1954,Graduation,Married,38998.0,1,1,2012-11-03,92,34.0,1.0,14.0,0.0,0.0,5.0,3,2,0,3,8,0,0,0,0,0,1,3,11,0,2012,11,3,72
5350,1991,Master,Single,90638.0,0,0,2014-02-13,29,1156.0,81.0,556.0,94.0,81.0,96.0,1,3,4,10,1,0,0,1,0,0,0,3,11,1,2014,2,13,35
8135,1986,Master,Married,27161.0,1,0,2013-10-28,41,7.0,4.0,23.0,7.0,0.0,11.0,1,1,0,3,7,0,0,0,0,0,0,3,11,0,2013,10,28,40
8685,1977,Graduation,Married,42014.0,1,0,2012-08-17,56,244.0,15.0,108.0,4.0,15.0,50.0,6,7,1,6,8,0,0,0,0,0,0,3,11,1,2012,8,17,49
4967,1960,Phd,Married,38201.0,0,1,2013-03-29,19,233.0,0.0,23.0,0.0,0.0,12.0,4,5,1,5,8,0,0,0,0,0,0,3,11,0,2013,3,29,66
2130,1982,Graduation,Married,45203.0,2,0,2014-03-23,4,35.0,3.0,67.0,10.0,8.0,24.0,1,3,1,3,6,0,0,0,0,0,0,3,11,1,2014,3,23,44
9298,1947,Phd,Married,81574.0,0,0,2014-04-28,89,1224.0,0.0,465.0,46.0,35.0,0.0,1,4,5,8,1,0,1,1,0,0,0,3,11,0,2014,4,28,79
8175,1992,Graduation,Married,34935.0,0,0,2013-06-21,71,34.0,4.0,66.0,3.0,10.0,20.0,1,2,1,4,7,0,0,0,0,0,0,3,11,0,2013,6,21,34
6257,1976,Master,Single,60482.0,0,1,2013-01-23,81,255.0,43.0,134.0,37.0,14.0,24.0,1,7,2,7,7,0,0,0,0,0,0,3,11,0,2013,1,23,50
3790,1956,Graduation,Married,34633.0,2,1,2014-01-23,31,8.0,1.0,5.0,0.0,0.0,1.0,1,1,0,2,6,0,0,0,0,0,0,3,11,0,2014,1,23,70
9952,1947,Master,Married,78093.0,0,0,2013-12-11,53,368.0,32.0,556.0,13.0,43.0,10.0,1,4,7,5,1,0,0,0,0,0,0,3,11,0,2013,12,11,79
3503,1950,Graduation,Divorced,82460.0,0,0,2013-12-02,78,255.0,47.0,556.0,52.0,32.0,15.0,1,5,3,6,1,0,0,0,0,0,0,3,11,0,2013,12,2,76
5223,1966,Master,Married,45903.0,0,1,2014-04-23,80,33.0,8.0,10.0,2.0,10.0,3.0,2,2,1,3,4,0,0,0,0,0,0,3,11,0,2014,4,23,60
4608,1987,Graduation,Divorced,81361.0,0,0,2014-02-25,18,163.0,23.0,424.0,27.0,65.0,76.0,1,3,10,13,1,0,0,0,0,0,0,3,11,1,2014,2,25,39
1626,1973,Phd,Divorced,35860.0,1,1,2014-05-19,37,15.0,0.0,8.0,4.0,2.0,20.0,2,1,1,2,5,1,0,0,0,0,0,3,11,1,2014,5,19,53
4764,1952,Master,Married,40442.0,1,1,2012-08-19,52,45.0,12.0,52.0,25.0,22.0,13.0,4,3,1,4,7,0,0,0,0,0,0,3,11,1,2012,8,19,74
2471,1965,Graduation,Married,61482.0,0,0,2014-06-27,39,48.0,58.0,68.0,16.0,66.0,43.0,1,3,2,6,2,0,0,0,0,0,0,3,11,0,2014,6,27,61
5892,1980,Graduation,Married,34968.0,1,0,2013-04-10,11,158.0,6.0,45.0,8.0,2.0,2.0,7,3,2,5,7,0,0,0,0,0,0,3,11,0,2013,4,10,46
2612,1987,Graduation,Married,75794.0,0,0,2013-12-24,33,754.0,81.0,556.0,63.0,32.0,48.0,1,7,5,12,3,0,0,0,1,0,0,3,11,0,2013,12,24,39
4971,1962,Phd,Married,31497.0,0,1,2012-12-06,22,108.0,1.0,28.0,13.0,1.0,4.0,2,3,1,4,8,0,0,0,0,0,0,3,11,0,2012,12,6,64
5185,1955,Graduation,Married,74268.0,0,0,2013-02-14,83,199.0,66.0,315.0,97.0,81.0,41.0,1,4,3,5,2,0,0,0,0,0,0,3,11,0,2013,2,14,71
10069,1988,Basic,Married,13724.0,1,0,2012-08-31,43,2.0,7.0,5.0,2.0,15.0,27.0,1,2,0,2,9,1,0,0,0,0,0,3,11,0,2012,8,31,38
2262,1965,Master,Married,45143.0,0,1,2013-08-26,74,202.0,5.0,74.0,11.0,5.0,14.0,3,6,1,5,7,0,0,0,0,0,0,3,11,0,2013,8,26,61
1131,1967,Phd,Single,52569.0,0,1,2014-04-05,54,85.0,0.0,3.0,0.0,0.0,7.0,1,2,0,4,3,0,0,0,0,0,0,3,11,0,2014,4,5,59
1041,1973,Phd,Single,48432.0,0,1,2012-10-18,3,322.0,3.0,50.0,4.0,3.0,42.0,5,7,1,6,8,0,0,0,0,0,0,3,11,1,2012,10,18,53
24,1960,Master,Married,17144.0,1,1,2014-02-15,96,18.0,2.0,19.0,0.0,2.0,6.0,5,3,0,4,7,0,0,0,0,0,0,3,11,0,2014,2,15,66
3409,1984,Graduation,Single,36108.0,1,0,2013-10-15,68,141.0,8.0,129.0,3.0,11.0,47.0,3,7,1,4,9,1,0,0,0,0,0,3,11,0,2013,10,15,42
7022,1971,Graduation,Married,76445.0,1,0,2012-09-28,2,739.0,81.0,309.0,120.5,80.0,35.0,1,2,5,13,6,0,0,0,0,0,0,3,11,0,2012,9,28,55
7943,1975,Phd,Married,36663.0,1,0,2014-04-25,40,18.0,0.0,6.0,3.0,3.0,5.0,1,1,1,3,2,0,0,0,0,0,0,3,11,0,2014,4,25,51
5272,1965,Master,Married,53843.0,0,1,2013-06-27,64,378.0,0.0,88.0,19.0,4.0,73.0,4,8,5,3,7,0,0,0,0,0,0,3,11,0,2013,6,27,61
5453,1956,Master,Married,90226.0,0,0,2012-09-26,26,1083.0,81.0,556.0,120.5,81.0,108.0,1,4,7,12,2,0,0,0,1,0,0,3,11,0,2012,9,26,70
2565,1955,Master,Divorced,70638.0,0,0,2013-06-01,69,1016.0,12.0,215.0,16.0,12.0,63.0,1,4,5,10,3,0,1,0,0,0,0,3,11,0,2013,6,1,71
800,1960,Graduation,Married,44512.0,1,1,2013-08-30,57,23.0,1.0,6.0,0.0,0.0,2.0,2,1,0,3,4,0,0,0,0,0,0,3,11,0,2013,8,30,66
11092,1961,Graduation,Married,27116.0,1,1,2014-03-02,78,12.0,1.0,21.0,2.0,2.0,3.0,2,2,0,3,7,0,0,0,0,0,0,3,11,0,2014,3,2,65
5062,1963,Phd,Married,54072.0,1,1,2013-07-27,71,35.0,0.0,4.0,0.0,0.0,0.0,1,2,0,2,8,0,0,0,0,0,0,3,11,0,2013,7,27,63
8969,1977,Graduation,Married,71855.0,0,1,2013-01-16,59,548.0,31.0,422.0,0.0,81.0,28.0,4,5,5,11,3,0,0,0,0,0,0,3,11,0,2013,1,16,49
4656,1990,2N Cycle,Single,51250.0,1,0,2013-03-30,28,342.0,32.0,230.0,34.0,32.0,40.0,5,10,5,4,9,1,0,0,0,0,0,3,11,0,2013,3,30,36
4480,1973,Master,Married,60432.0,0,1,2014-03-09,61,365.0,3.0,15.0,4.0,3.0,11.0,5,7,2,5,6,0,0,0,0,0,0,3,11,0,2014,3,9,53
9971,1964,Phd,Married,65526.0,0,1,2014-04-11,22,397.0,19.0,69.0,12.0,0.0,9.0,1,4,4,8,2,0,0,0,0,0,0,3,11,0,2014,4,11,62
6729,1988,Graduation,Single,68655.0,0,0,2012-08-10,95,456.0,19.0,556.0,75.0,81.0,38.0,1,4,5,11,3,0,0,0,0,0,0,3,11,0,2012,8,10,38
1773,1978,2N Cycle,Married,12393.0,0,0,2012-12-04,38,5.0,6.0,15.0,11.0,7.0,13.0,1,2,0,3,9,0,0,0,0,0,0,3,11,0,2012,12,4,48
9242,1990,Graduation,Single,64509.0,0,0,2013-08-17,19,836.0,81.0,556.0,24.0,25.0,77.0,1,6,3,9,4,1,0,0,0,0,0,3,11,1,2013,8,17,36
1764,1975,Graduation,Single,33955.0,1,0,2013-08-09,92,100.0,2.0,128.0,23.0,7.0,10.0,4,5,1,5,8,0,0,0,0,0,0,3,11,0,2013,8,9,51
6215,1977,Graduation,Married,31353.0,1,1,2013-12-29,24,10.0,0.0,10.0,3.0,1.0,7.0,2,1,1,2,8,0,0,0,0,0,0,3,11,1,2013,12,29,49
10099,1984,Graduation,Married,55434.0,1,0,2013-10-05,21,238.0,81.0,215.0,120.5,69.0,76.0,3,5,3,13,4,0,0,0,0,0,0,3,11,0,2013,10,5,42
5423,1983,Graduation,Married,28359.0,1,0,2013-10-27,35,6.0,0.0,5.0,2.0,1.0,2.0,1,1,0,2,7,0,0,0,0,0,0,3,11,0,2013,10,27,43
940,1987,Graduation,Single,57100.0,1,0,2014-05-18,9,158.0,11.0,99.0,15.0,11.0,17.0,2,3,2,7,3,0,0,0,0,0,0,3,11,0,2014,5,18,39
3011,1965,Graduation,Married,69139.0,0,1,2014-01-27,23,86.0,12.0,75.0,33.0,15.0,6.0,1,4,1,5,4,0,0,0,0,0,0,3,11,0,2014,1,27,61
3298,1956,Master,Married,52973.0,0,1,2012-11-08,92,856.0,0.0,76.0,12.0,9.0,126.5,7,9,6,9,8,0,0,0,0,0,0,3,11,0,2012,11,8,70
8286,1965,Phd,Married,51717.0,0,1,2013-08-20,55,98.0,1.0,17.0,0.0,1.0,5.0,1,3,0,4,7,0,1,0,0,0,0,3,11,0,2013,8,20,61
9668,1971,Graduation,Married,18793.0,1,0,2013-01-12,14,4.0,16.0,20.0,0.0,17.0,20.0,3,2,0,4,8,0,0,0,0,0,0,3,11,0,2013,1,12,55
5120,1982,2N Cycle,Married,66664.0,0,0,2012-09-25,78,398.0,81.0,447.0,120.5,81.0,32.0,1,5,7,6,3,0,0,0,0,0,0,3,11,0,2012,9,25,44
6097,1959,Graduation,Single,50664.0,1,1,2013-01-16,64,313.0,8.0,104.0,6.0,4.0,126.0,9,8,1,6,9,0,0,0,0,0,0,3,11,0,2013,1,16,67
7019,1963,Graduation,Married,54414.0,1,1,2013-01-23,49,109.0,18.0,16.0,24.0,26.0,18.0,4,3,1,5,4,0,0,0,0,0,0,3,11,0,2013,1,23,63
7408,1952,Phd,Married,54549.0,0,1,2014-03-03,8,216.0,2.0,6.0,0.0,0.0,9.0,2,5,1,4,7,0,0,0,0,0,0,3,11,0,2014,3,3,74
8041,1971,Phd,Widow,47111.0,0,1,2012-09-08,35,595.0,71.0,153.0,120.0,81.0,41.0,6,3,2,10,9,0,0,0,0,0,0,3,11,0,2012,9,8,55
252,1963,Phd,Divorced,41003.0,0,0,2013-03-17,11,123.0,81.0,142.0,71.0,44.0,88.0,1,6,2,8,6,0,0,0,0,0,0,3,11,0,2013,3,17,63
9986,1982,Graduation,Married,19444.0,1,0,2014-02-22,8,16.0,0.0,23.0,3.0,2.0,10.0,3,4,1,2,7,0,0,0,0,0,0,3,11,1,2014,2,22,44
3276,1976,2N Cycle,Married,36301.0,1,0,2013-10-25,53,11.0,12.0,35.0,3.0,5.0,12.0,1,3,0,3,7,0,0,0,0,0,0,3,11,0,2013,10,25,50
3859,1947,Phd,Married,73059.0,0,1,2013-08-31,36,410.0,81.0,420.0,0.0,81.0,71.0,1,9,3,13,4,0,0,0,0,0,0,3,11,0,2013,8,31,79
3570,1969,Phd,Married,42731.0,1,0,2013-10-21,64,159.0,2.0,51.0,6.0,2.0,24.0,3,4,1,5,5,0,0,0,0,0,0,3,11,0,2013,10,21,57
3783,1959,Phd,Married,52854.0,1,1,2014-03-24,43,105.0,0.0,10.0,0.0,1.0,0.0,2,2,1,4,5,0,0,0,0,0,0,3,11,0,2014,3,24,67
10207,1978,Graduation,Married,22775.0,1,0,2013-06-19,40,5.0,1.0,8.0,0.0,0.0,1.0,1,1,0,2,8,0,0,0,0,0,0,3,11,0,2013,6,19,48
10906,1948,Phd,Married,46681.0,0,2,2013-10-08,52,269.0,15.0,69.0,15.0,19.0,38.0,2,4,6,4,5,0,0,0,0,0,0,3,11,0,2013,10,8,78
3427,1955,Phd,Married,59821.0,0,1,2013-04-12,11,629.0,0.0,70.0,0.0,0.0,35.0,6,11,2,7,8,0,0,0,0,0,0,3,11,0,2013,4,12,71
5209,1954,Graduation,Divorced,50002.0,0,1,2013-06-17,21,443.0,5.0,71.0,21.0,16.0,82.0,2,8,2,7,7,0,0,0,0,0,0,3,11,0,2013,6,17,72
10711,1945,Graduation,Married,69755.0,0,0,2013-10-02,23,217.0,77.0,373.0,111.0,23.0,93.0,1,3,6,12,1,0,0,0,0,0,0,3,11,0,2013,10,2,81
10785,1969,Graduation,Married,44078.0,1,1,2014-06-19,17,24.0,1.0,10.0,2.0,0.0,4.0,2,2,0,3,5,0,0,0,0,0,0,3,11,0,2014,6,19,57
2814,1976,Master,Married,30560.0,1,0,2013-06-27,6,9.0,1.0,5.0,4.0,5.0,7.0,1,1,0,3,7,0,0,0,0,0,0,3,11,0,2013,6,27,50
6866,1969,Master,Married,35924.0,1,1,2014-03-23,56,8.0,0.0,14.0,2.0,3.0,7.0,1,1,0,3,5,0,0,0,0,0,0,3,11,0,2014,3,23,57
1665,1964,Phd,Divorced,64140.0,0,2,2013-09-23,71,1224.0,0.0,61.0,0.0,15.0,126.5,5,2,5,6,5,1,0,1,0,1,0,3,11,1,2013,9,23,62
6575,1981,Graduation,Married,56386.0,1,1,2012-10-27,51,230.0,48.0,214.0,13.0,32.0,75.0,8,9,1,7,9,0,0,0,0,0,0,3,11,0,2012,10,27,45
3829,1979,Basic,Married,24594.0,1,0,2013-12-10,94,1.0,3.0,6.0,10.0,0.0,9.0,1,1,0,3,5,0,0,0,0,0,0,3,11,0,2013,12,10,47
3091,1981,2N Cycle,Married,75774.0,1,0,2014-05-02,27,340.0,21.0,134.0,120.5,14.0,56.0,1,7,5,8,4,0,0,0,0,0,0,3,11,0,2014,5,2,45
10141,1960,Master,Divorced,39228.0,0,0,2013-05-10,1,7.0,1.0,6.0,0.0,3.0,3.0,1,0,0,3,4,0,0,0,0,0,0,3,11,0,2013,5,10,66
5177,1974,Master,Married,58494.0,0,1,2013-12-12,56,298.0,7.0,68.0,4.0,0.0,19.0,2,6,2,6,6,0,0,0,0,0,0,3,11,0,2013,12,12,52
7005,1981,Graduation,Single,58684.0,0,0,2014-06-16,71,479.0,35.0,179.0,28.0,7.0,85.0,1,5,3,12,2,0,1,0,0,0,0,3,11,0,2014,6,16,45
6409,1967,Graduation,Divorced,57136.0,0,0,2013-05-18,18,267.0,81.0,556.0,34.0,12.0,126.5,1,7,5,7,6,0,0,0,0,0,0,3,11,1,2013,5,18,59
7485,1950,Phd,Widow,56551.0,1,1,2014-05-07,48,67.0,4.0,32.0,17.0,2.0,16.0,3,2,1,4,4,0,0,0,0,0,0,3,11,0,2014,5,7,76
8079,1982,Graduation,Married,22448.0,1,0,2014-02-26,86,3.0,1.0,8.0,23.0,2.0,18.0,3,2,1,3,3,0,0,0,0,0,0,3,11,0,2014,2,26,44
8395,1961,Graduation,Single,82014.0,0,0,2012-08-20,48,980.0,37.0,265.0,35.0,81.0,31.0,1,3,6,12,6,0,0,0,0,0,0,3,11,1,2012,8,20,65
10352,1963,Graduation,Widow,34213.0,1,1,2012-09-07,2,50.0,4.0,28.0,6.0,3.0,26.0,3,3,1,2,9,0,0,0,0,0,0,3,11,1,2012,9,7,63
4931,1977,Graduation,Married,117418.0,0,0,2013-04-29,13,1.0,0.0,556.0,2.0,1.0,1.0,0,0,28,0,1,0,0,0,0,0,0,3,11,0,2013,4,29,49
13,1947,Phd,Widow,25358.0,0,1,2013-07-22,57,19.0,0.0,5.0,0.0,0.0,8.0,2,1,0,3,6,0,0,0,0,0,0,3,11,0,2013,7,22,79
1834,1978,Master,Single,35544.0,1,0,2014-03-08,77,30.0,5.0,23.0,4.0,1.0,4.0,1,2,0,3,7,0,0,0,0,0,0,3,11,0,2014,3,8,48
2285,1954,Master,Married,36634.0,0,1,2013-05-28,0,213.0,9.0,76.0,4.0,3.0,30.0,3,5,2,5,7,0,0,0,0,0,0,3,11,0,2013,5,28,72
2295,1954,Phd,Married,62670.0,0,1,2014-02-02,57,539.0,30.0,92.0,80.0,46.0,38.0,1,5,3,13,3,0,0,0,0,0,0,3,11,0,2014,2,2,72
1378,1972,2N Cycle,Married,50334.0,0,1,2013-07-24,24,284.0,16.0,160.0,84.0,16.0,126.5,6,7,4,6,6,0,0,0,0,0,0,3,11,0,2013,7,24,54
2781,1981,Graduation,Single,72066.0,0,0,2014-06-23,55,1003.0,34.0,536.0,120.5,51.0,34.0,1,4,6,6,2,0,0,1,1,0,0,3,11,1,2014,6,23,45
1165,1958,Phd,Single,50729.0,1,1,2013-05-02,62,239.0,13.0,143.0,45.0,4.0,52.0,9,6,2,7,6,0,0,0,0,0,0,3,11,0,2013,5,2,68
1404,1968,Graduation,Married,34916.0,2,0,2013-05-15,89,51.0,23.0,82.0,33.0,0.0,42.0,4,5,1,3,9,0,0,0,0,0,0,3,11,0,2013,5,15,58
6457,1976,Graduation,Divorced,64892.0,0,1,2014-05-29,77,527.0,24.0,230.0,32.0,24.0,65.0,2,6,4,12,4,0,0,0,0,0,0,3,11,0,2014,5,29,50
2639,1966,Graduation,Single,43602.0,1,1,2014-01-10,45,19.0,5.0,12.0,10.0,3.0,19.0,3,3,1,2,6,0,0,0,0,0,0,3,11,0,2014,1,10,60
8299,1989,Phd,Single,33996.0,0,0,2013-09-11,46,40.0,2.0,15.0,8.0,0.0,6.0,1,1,1,3,4,0,0,0,0,0,0,3,11,0,2013,9,11,37
6437,1985,2N Cycle,Single,41473.0,1,0,2013-06-19,80,21.0,8.0,20.0,15.0,3.0,9.0,1,2,0,3,7,0,0,0,0,0,0,3,11,0,2013,6,19,41
6912,1967,Phd,Married,63246.0,0,2,2013-08-20,60,593.0,30.0,91.0,29.0,22.0,7.0,1,6,3,12,4,0,0,0,0,0,0,3,11,0,2013,8,20,59
7327,1959,Phd,Married,36732.0,1,1,2013-12-29,71,21.0,5.0,3.0,10.0,1.0,7.0,3,1,1,4,2,0,0,0,0,0,0,3,11,0,2013,12,29,67
5299,1970,Phd,Married,69084.0,1,0,2013-11-19,43,1181.0,81.0,199.0,39.0,30.0,30.0,2,7,3,13,8,0,0,0,0,0,0,3,11,0,2013,11,19,56
4127,1967,Phd,Married,77766.0,0,1,2013-02-22,97,1004.0,59.0,265.0,115.0,59.0,27.0,2,11,10,11,6,1,0,0,0,0,0,3,11,1,2013,2,22,59
8143,1985,Phd,Single,37929.0,0,0,2013-07-30,49,202.0,2.0,46.0,3.0,2.0,10.0,2,4,2,5,7,0,1,0,1,0,0,3,11,1,2013,7,30,41
1964,1951,Graduation,Married,86610.0,0,0,2013-09-05,66,446.0,81.0,556.0,33.0,81.0,53.0,1,5,6,6,2,0,0,0,0,0,0,3,11,0,2013,9,5,75
3690,1986,Master,Married,80141.0,0,0,2013-01-11,20,1184.0,81.0,556.0,52.0,40.0,40.0,1,7,4,10,6,0,0,1,0,0,0,3,11,1,2013,1,11,40
3433,1955,2N Cycle,Married,72635.0,0,0,2013-06-03,54,390.0,22.0,323.0,104.0,35.0,107.0,1,6,8,6,3,0,0,0,1,0,0,3,11,0,2013,6,3,71
3389,1970,Graduation,Married,69016.0,0,1,2012-11-22,61,726.0,53.0,363.0,120.5,81.0,126.5,4,8,9,13,5,0,0,0,0,0,0,3,11,0,2012,11,22,56
4712,1991,2N Cycle,Married,20193.0,0,0,2012-11-28,18,8.0,8.0,22.0,24.0,11.0,9.0,1,1,1,4,4,0,0,0,0,0,0,3,11,0,2012,11,28,35
1170,1975,Graduation,Married,27573.0,1,0,2013-03-25,45,50.0,15.0,110.0,39.0,15.0,15.0,4,5,1,4,8,0,0,0,0,0,0,3,11,0,2013,3,25,51
6347,1979,Basic,Single,15862.0,1,0,2013-06-27,26,1.0,1.0,4.0,11.0,9.0,10.0,1,1,0,3,8,0,0,0,0,0,0,3,11,0,2013,6,27,47
4065,1976,Phd,Married,49544.0,1,0,2013-02-12,0,308.0,0.0,73.0,0.0,0.0,23.0,2,5,1,8,7,0,0,0,0,0,0,3,11,0,2013,2,12,50
8230,1980,Graduation,Married,33228.0,1,0,2014-01-23,28,22.0,2.0,31.0,7.0,4.0,5.0,1,2,0,3,7,0,0,0,0,0,0,3,11,0,2014,1,23,46
1215,1978,Graduation,Married,70440.0,0,0,2013-10-08,49,690.0,81.0,499.0,76.0,81.0,88.0,1,5,10,7,3,0,0,0,1,0,0,3,11,0,2013,10,8,48
5939,1971,Graduation,Married,38232.0,1,1,2014-01-17,84,43.0,5.0,28.0,7.0,6.0,33.0,4,3,1,3,5,0,0,0,0,0,0,3,11,0,2014,1,17,55
2156,1955,Phd,Married,22554.0,1,1,2012-11-03,38,27.0,0.0,10.0,0.0,0.0,4.0,4,2,0,4,5,0,0,0,0,0,0,3,11,0,2012,11,3,71
7788,1983,Phd,Married,23536.0,1,0,2014-06-04,53,6.0,0.0,3.0,0.0,0.0,1.0,1,0,0,3,3,0,0,0,0,0,0,3,11,0,2014,6,4,43
10323,1952,Graduation,Married,49413.0,0,1,2013-10-25,88,205.0,7.0,41.0,3.0,2.0,46.0,2,4,2,5,5,0,0,0,0,0,0,3,11,0,2013,10,25,74
7947,1969,Graduation,Married,42231.0,1,1,2014-03-25,99,24.0,0.0,8.0,0.0,1.0,4.0,1,1,0,3,5,0,0,0,0,0,0,3,11,0,2014,3,25,57
1891,1980,Master,Divorced,78789.0,0,0,2012-08-08,12,667.0,50.0,556.0,21.0,81.0,83.0,1,4,6,5,2,0,0,0,0,0,0,3,11,1,2012,8,8,46
2570,1968,Graduation,Married,56534.0,0,1,2013-07-23,35,691.0,7.0,61.0,10.0,0.0,46.0,4,10,4,7,8,0,1,0,0,1,0,3,11,1,2013,7,23,58
9256,1971,Graduation,Single,58350.0,0,1,2013-01-04,5,493.0,26.0,206.0,116.0,80.0,80.0,4,8,3,12,6,0,0,0,0,0,0,3,11,0,2013,1,4,55
295,1989,Graduation,Single,81217.0,0,0,2013-07-19,77,493.0,70.0,324.0,120.5,40.0,84.0,1,3,7,11,1,0,0,0,0,0,0,3,11,0,2013,7,19,37
7397,1951,Graduation,Single,49090.0,0,1,2013-07-19,45,494.0,5.0,82.0,7.0,0.0,100.0,3,7,2,9,7,0,0,0,0,0,0,3,11,0,2013,7,19,75
6349,1987,Master,Divorced,61787.0,0,0,2013-07-06,71,621.0,73.0,414.0,78.0,48.0,85.0,1,8,4,6,5,0,0,0,0,0,0,3,11,0,2013,7,6,39
10790,1985,Phd,Married,18169.0,1,0,2013-02-19,40,9.0,0.0,5.0,0.0,0.0,7.0,1,1,0,2,8,0,0,0,0,0,0,3,11,0,2013,2,19,41
10398,1981,2N Cycle,Single,24336.0,1,0,2012-08-27,82,1.0,6.0,2.0,8.0,2.0,12.0,1,1,0,2,7,0,0,0,0,0,0,3,11,0,2012,8,27,45
2431,1990,Graduation,Married,18222.0,0,0,2012-12-31,70,12.0,4.0,19.0,12.0,6.0,14.0,1,2,0,3,8,0,0,0,0,0,0,3,11,0,2012,12,31,36
550,1952,Graduation,Divorced,62335.0,0,1,2013-05-23,87,243.0,81.0,217.0,85.0,6.0,26.0,2,3,3,13,2,0,0,0,0,0,0,3,11,0,2013,5,23,74
1890,1971,2N Cycle,Married,42033.0,1,1,2012-09-19,95,11.0,1.0,4.0,2.0,0.0,7.0,1,1,0,2,7,0,0,0,0,0,0,3,11,0,2012,9,19,55
10742,1983,Phd,Married,86580.0,0,0,2013-02-27,72,532.0,21.0,127.0,26.0,20.0,20.0,0,4,2,5,1,0,0,1,0,0,0,3,11,0,2013,2,27,43
10356,1957,Phd,Divorced,41437.0,1,1,2012-09-22,5,29.0,0.0,2.0,0.0,0.0,1.0,1,1,0,3,7,0,0,0,0,0,0,3,11,0,2012,9,22,69
4676,1951,Master,Widow,73705.0,0,2,2014-03-05,86,612.0,81.0,520.0,120.5,81.0,107.0,2,9,6,8,5,0,0,0,0,0,0,3,11,0,2014,3,5,75
8852,1976,Graduation,Married,61064.0,0,1,2012-08-31,80,387.0,81.0,342.0,0.0,45.0,126.5,5,8,4,11,6,0,0,0,0,0,0,3,11,0,2012,8,31,50
3565,1955,Master,Married,38452.0,1,1,2014-03-30,62,56.0,0.0,14.0,0.0,0.0,2.0,3,3,0,3,7,0,0,0,0,0,0,3,11,0,2014,3,30,71
5294,1989,Graduation,Single,18358.0,1,0,2013-11-20,49,6.0,8.0,19.0,16.0,4.0,4.0,3,3,0,4,7,0,0,0,0,0,0,3,11,0,2013,11,20,37
1958,1973,Phd,Married,55012.0,0,1,2014-03-21,85,582.0,0.0,65.0,0.0,0.0,13.0,6,8,2,9,5,0,0,0,0,0,0,3,11,0,2014,3,21,53
7349,1973,Basic,Married,9722.0,1,0,2012-10-02,7,6.0,17.0,16.0,6.0,16.0,42.0,4,3,1,3,8,0,0,0,0,0,0,3,11,1,2012,10,2,53
8799,1984,Phd,Married,38175.0,1,0,2013-09-23,6,70.0,6.0,69.0,2.0,3.0,3.0,3,3,1,4,7,0,0,0,0,0,0,3,11,0,2013,9,23,42
1351,1956,Master,Married,58656.0,0,1,2012-09-20,25,962.0,12.0,194.0,16.0,24.0,12.0,4,7,8,13,6,0,0,1,0,0,0,3,11,0,2012,9,20,70
1045,1965,Graduation,Married,52117.0,0,1,2012-08-16,55,112.0,10.0,107.0,30.0,0.0,20.0,2,5,2,4,7,0,0,0,0,0,0,3,11,0,2012,8,16,61
7732,1978,Graduation,Married,64813.0,1,0,2014-01-02,81,293.0,0.0,124.0,120.5,81.0,52.0,1,7,2,10,5,0,0,0,0,0,0,3,11,0,2014,1,2,48
8070,1973,Phd,Married,54222.0,0,1,2014-03-01,98,199.0,12.0,31.0,3.0,12.0,7.0,1,3,3,5,3,0,0,0,0,0,0,3,11,0,2014,3,1,53
477,1986,Graduation,Married,83512.0,0,0,2014-06-17,31,1060.0,61.0,556.0,80.0,20.0,101.0,1,4,7,10,1,1,0,1,1,1,0,3,11,1,2014,6,17,40
7832,1959,Master,Married,77520.0,0,1,2013-08-28,30,940.0,44.0,396.0,0.0,81.0,58.0,1,8,7,7,4,1,0,1,1,0,0,3,11,1,2013,8,28,67
2202,1978,Graduation,Married,41154.0,0,1,2013-04-09,98,44.0,2.0,11.0,2.0,3.0,7.0,1,1,0,4,5,0,0,0,0,0,0,3,11,0,2013,4,9,48
7396,1966,Graduation,Married,80398.0,0,0,2012-11-10,92,342.0,51.0,556.0,120.5,35.0,26.0,1,5,8,12,3,0,0,1,0,0,0,3,11,0,2012,11,10,60
4055,1992,Basic,Single,18746.0,1,0,2014-05-29,41,2.0,10.0,11.0,12.0,9.0,20.0,2,3,0,3,6,0,0,0,0,0,0,3,11,0,2014,5,29,34
10340,1984,Graduation,Married,35196.0,1,0,2012-11-13,68,75.0,12.0,141.0,43.0,39.0,126.5,6,6,1,5,8,0,0,0,0,0,0,3,11,0,2012,11,13,42
10091,1956,Graduation,Single,60230.0,0,1,2013-05-20,78,520.0,20.0,367.0,39.0,81.0,40.0,2,6,3,6,5,0,0,0,0,0,0,3,11,0,2013,5,20,70
7629,1977,Graduation,Married,22108.0,1,1,2014-05-08,46,5.0,3.0,9.0,6.0,2.0,6.0,2,2,0,3,7,0,0,0,0,0,0,3,11,0,2014,5,8,49
10640,1974,Graduation,Married,44392.0,1,1,2013-09-05,71,87.0,5.0,71.0,7.0,12.0,29.0,5,4,1,4,7,0,0,0,0,0,0,3,11,0,2013,9,5,52
3498,1976,Phd,Married,55424.0,0,1,2012-11-25,6,462.0,61.0,184.0,10.0,53.0,107.0,4,7,5,9,6,1,0,0,0,0,0,3,11,1,2012,11,25,50
6742,1979,Graduation,Married,17688.0,1,0,2013-01-13,82,2.0,2.0,1.0,3.0,1.0,2.0,1,1,0,2,8,0,0,0,0,0,1,3,11,0,2013,1,13,47
1172,1983,Phd,Married,92491.0,0,0,2013-05-01,71,979.0,44.0,556.0,29.0,25.0,22.0,1,7,5,12,3,0,1,1,1,0,0,3,11,1,2013,5,1,43
569,1991,Graduation,Single,90273.0,0,0,2013-12-14,32,704.0,81.0,556.0,120.0,74.0,111.0,1,5,6,7,2,0,1,1,1,0,0,3,11,1,2013,12,14,35
4686,1962,Phd,Widow,82571.0,0,0,2014-04-02,28,861.0,31.0,556.0,62.0,81.0,79.0,0,6,5,13,2,0,0,1,0,0,0,3,11,0,2014,4,2,64
1381,1982,Phd,Single,38513.0,1,0,2014-01-28,20,172.0,3.0,115.0,16.0,0.0,18.0,5,6,1,5,8,0,0,0,0,0,0,3,11,1,2014,1,28,44
2634,1979,Master,Single,16653.0,1,0,2014-04-18,10,5.0,7.0,31.0,15.0,4.0,7.0,3,2,1,3,6,0,0,0,0,0,0,3,11,1,2014,4,18,47
10905,1955,Graduation,Married,42586.0,1,1,2012-10-29,7,194.0,2.0,56.0,0.0,0.0,0.0,5,4,1,6,8,0,0,0,0,0,0,3,11,1,2012,10,29,71
1744,1965,Basic,Single,23529.0,0,1,2013-01-07,67,9.0,7.0,13.0,3.0,2.0,20.0,1,1,1,2,6,0,0,0,0,0,0,3,11,0,2013,1,7,61
1000,1961,Master,Married,74881.0,1,1,2013-03-08,48,505.0,72.0,270.0,36.0,27.0,54.0,4,9,2,12,5,0,0,0,0,0,0,3,11,0,2013,3,8,65
3828,1951,Graduation,Married,71107.0,0,1,2013-02-17,61,533.0,10.0,217.0,120.5,81.0,126.5,2,7,6,13,4,0,0,0,0,0,0,3,11,0,2013,2,17,75
8605,1964,Phd,Married,46910.0,1,1,2014-03-23,36,48.0,0.0,14.0,0.0,0.0,6.0,2,2,0,3,6,0,0,0,0,0,0,3,11,0,2014,3,23,62
10304,1959,Graduation,Married,18690.0,0,0,2012-12-28,77,6.0,1.0,7.0,23.0,4.0,19.0,1,1,1,2,8,0,0,0,0,0,0,3,11,0,2012,12,28,67
4351,1955,Graduation,Divorced,37244.0,1,1,2013-04-27,90,18.0,2.0,10.0,0.0,0.0,25.0,1,1,1,2,7,1,0,0,0,0,0,3,11,0,2013,4,27,71
10129,1966,Graduation,Married,82427.0,0,0,2014-03-12,35,482.0,81.0,509.0,104.0,81.0,107.0,1,3,5,12,1,0,0,1,0,0,0,3,11,0,2014,3,12,60
2499,1958,2N Cycle,Single,75342.0,0,1,2013-05-06,38,204.0,81.0,97.0,21.0,81.0,26.0,1,5,2,10,4,0,0,0,0,0,0,3,11,0,2013,5,6,68
10092,1954,Graduation,Divorced,70044.0,0,1,2013-02-18,46,1073.0,0.0,250.0,120.5,14.0,14.0,4,7,10,5,5,0,0,0,0,0,0,3,11,0,2013,2,18,72
7500,1967,Graduation,Single,79146.0,1,1,2014-04-24,33,245.0,16.0,223.0,21.0,43.0,16.0,2,8,1,8,6,0,0,0,0,0,0,3,11,0,2014,4,24,59
5796,1963,Graduation,Married,77437.0,0,0,2013-11-26,70,560.0,21.0,442.0,29.0,44.0,29.0,1,4,5,13,1,0,0,1,0,0,0,3,11,0,2013,11,26,63
10556,1959,Graduation,Married,54984.0,0,1,2014-05-24,51,173.0,13.0,131.0,32.0,3.0,6.0,4,6,1,6,7,0,0,0,1,0,0,3,11,0,2014,5,24,67
1064,1971,Phd,Married,42403.0,1,0,2013-12-11,18,22.0,1.0,11.0,0.0,5.0,3.0,1,1,0,3,8,0,0,0,0,0,0,3,11,0,2013,12,11,55
48,1964,Graduation,Married,55761.0,0,1,2014-04-24,97,136.0,1.0,12.0,0.0,3.0,32.0,2,4,1,3,6,0,1,0,0,0,0,3,11,0,2014,4,24,62
7610,1983,Graduation,Married,37292.0,1,0,2013-04-18,32,275.0,0.0,86.0,10.0,23.0,66.0,5,6,3,5,8,0,0,0,0,0,0,3,11,0,2013,4,18,43
263,1945,Phd,Single,45576.0,0,0,2014-05-28,9,56.0,19.0,29.0,2.0,14.0,25.0,1,3,1,3,8,0,0,0,0,0,0,3,11,1,2014,5,28,81
10814,1947,Graduation,Married,70321.0,0,0,2013-01-16,6,303.0,23.0,556.0,82.0,26.0,126.5,1,6,5,13,4,0,0,0,0,0,0,3,11,1,2013,1,16,79
9710,1969,Phd,Divorced,58086.0,0,1,2013-01-20,80,708.0,7.0,62.0,0.0,0.0,15.0,2,11,3,7,8,0,0,0,0,0,0,3,11,0,2013,1,20,57
9292,1952,Graduation,Married,81795.0,0,0,2012-10-26,74,324.0,81.0,556.0,27.0,81.0,88.0,1,4,11,7,2,0,0,0,0,0,0,3,11,0,2012,10,26,74
10250,1947,Basic,Married,28389.0,0,0,2012-11-20,49,1.0,5.0,3.0,7.0,4.0,8.0,1,1,0,2,7,0,0,0,0,0,0,3,11,0,2012,11,20,79
7881,1946,Master,Married,66835.0,0,0,2013-09-28,21,620.0,26.0,195.0,34.0,17.0,126.5,1,6,4,13,2,0,0,0,0,0,0,3,11,0,2013,9,28,80
5847,1969,Graduation,Divorced,69901.0,0,1,2013-05-29,95,312.0,21.0,206.0,102.0,81.0,126.5,3,7,3,10,5,0,0,0,0,0,0,3,11,0,2013,5,29,57
737,1949,Phd,Married,80360.0,0,0,2013-03-03,56,1224.0,81.0,454.0,112.0,43.0,43.0,2,4,4,5,2,0,1,1,1,0,0,3,11,0,2013,3,3,77
3571,1961,Phd,Married,63342.0,0,1,2012-10-16,48,918.0,21.0,118.0,13.0,10.0,21.0,3,8,3,5,6,0,1,0,0,0,0,3,11,1,2012,10,16,65
7807,1974,Graduation,Married,44989.0,0,1,2012-09-12,26,98.0,0.0,106.0,49.0,10.0,106.0,5,5,1,5,6,0,0,0,0,0,0,3,11,0,2012,9,12,52
3878,1980,2N Cycle,Single,31859.0,1,0,2014-02-27,3,3.0,4.0,7.0,15.0,8.0,11.0,1,1,0,3,7,0,0,0,0,0,0,3,11,0,2014,2,27,46
5092,1949,Phd,Widow,51569.0,0,1,2013-02-12,39,380.0,0.0,47.0,6.0,0.0,34.0,4,7,1,7,8,0,1,0,0,0,0,3,11,1,2013,2,12,77
2154,1971,Graduation,Widow,30372.0,1,1,2012-12-25,33,15.0,0.0,12.0,7.0,3.0,7.0,3,2,0,3,7,0,0,0,0,0,0,3,11,0,2012,12,25,55
5394,1979,Basic,Single,16014.0,1,1,2013-03-17,42,3.0,9.0,4.0,7.0,8.0,7.0,4,1,1,4,3,0,0,0,0,0,0,3,11,0,2013,3,17,47
3798,1968,Graduation,Married,41120.0,1,1,2013-11-06,80,24.0,2.0,23.0,0.0,8.0,24.0,3,2,1,3,6,0,0,0,0,0,0,3,11,0,2013,11,6,58
3524,1971,Master,Single,39763.0,1,0,2013-08-04,9,80.0,1.0,60.0,4.0,6.0,16.0,2,5,1,2,9,0,0,0,0,0,0,3,11,1,2013,8,4,55
5247,1955,Phd,Married,38725.0,1,1,2014-05-10,52,31.0,0.0,6.0,2.0,1.0,5.0,2,1,0,4,4,0,0,0,0,0,0,3,11,0,2014,5,10,71
5883,1972,Graduation,Married,77981.0,1,0,2013-05-26,78,138.0,81.0,204.0,16.0,81.0,60.0,3,7,4,7,5,0,0,0,0,0,0,3,11,0,2013,5,26,54
2118,1964,2N Cycle,Married,62905.0,0,1,2013-09-10,68,166.0,75.0,96.0,119.0,81.0,59.0,3,7,2,8,4,0,0,0,0,0,0,3,11,0,2013,9,10,62
8812,1979,2N Cycle,Divorced,13533.0,1,0,2013-03-10,45,12.0,3.0,8.0,8.0,0.0,17.0,2,2,0,3,7,0,0,0,0,0,0,3,11,0,2013,3,10,47
6616,1975,Graduation,Married,59481.0,0,1,2013-10-23,47,178.0,3.0,85.0,71.0,66.0,58.0,2,3,3,8,2,0,0,0,0,0,0,3,11,0,2013,10,23,51
2797,1977,Graduation,Married,72117.0,0,1,2013-08-20,34,707.0,20.0,171.0,65.0,60.0,50.0,1,9,7,9,5,0,0,0,0,0,0,3,11,0,2013,8,20,49
4328,1986,2N Cycle,Married,21955.0,1,0,2013-09-07,81,5.0,1.0,7.0,17.0,14.0,11.0,2,2,1,3,6,0,0,0,0,0,0,3,11,0,2013,9,7,40
9167,1956,Graduation,Married,67131.0,0,1,2013-03-26,72,465.0,71.0,250.0,93.0,35.0,62.0,3,9,2,12,6,0,0,0,0,0,0,3,11,0,2013,3,26,70
10560,1980,Phd,Single,36802.0,1,0,2014-06-16,23,16.0,1.0,2.0,0.0,0.0,1.0,1,1,0,3,5,0,0,0,0,0,0,3,11,0,2014,6,16,46
2631,1982,Graduation,Married,71853.0,0,0,2013-05-08,29,358.0,81.0,413.0,120.5,81.0,32.0,1,2,8,6,1,0,0,0,0,0,0,3,11,0,2013,5,8,44
8312,1961,Basic,Married,28249.0,0,0,2014-06-15,80,1.0,9.0,7.0,2.0,14.0,10.0,1,2,0,3,6,0,0,0,0,0,0,3,11,0,2014,6,15,65
5534,1975,Master,Married,47808.0,0,1,2013-10-20,30,123.0,1.0,26.0,2.0,0.0,72.0,2,3,2,3,7,1,0,0,0,0,0,3,11,0,2013,10,20,51
5093,1974,Phd,Divorced,25509.0,1,0,2012-09-18,15,40.0,3.0,30.0,10.0,7.0,11.0,3,3,0,3,9,0,0,0,0,0,0,3,11,1,2012,9,18,52
7592,1946,Phd,Married,51012.0,0,0,2013-04-18,86,102.0,9.0,63.0,2.0,9.0,24.0,1,4,1,4,6,0,0,0,0,0,0,3,11,0,2013,4,18,80
8895,1985,Graduation,Single,70596.0,0,0,2012-10-05,68,347.0,44.0,534.0,17.0,0.0,26.0,1,3,5,12,2,0,0,0,0,0,0,3,11,0,2012,10,5,41
8584,1952,Phd,Married,85431.0,0,0,2013-06-08,54,376.0,53.0,462.0,120.5,53.0,53.0,1,2,7,7,0,0,0,0,0,0,0,3,11,0,2013,6,8,74
2694,1967,Graduation,Married,42664.0,0,1,2014-03-18,44,21.0,0.0,3.0,0.0,0.0,0.0,1,1,0,3,6,0,0,0,0,0,0,3,11,0,2014,3,18,59
8910,1955,Graduation,Married,42586.0,1,1,2012-10-29,7,194.0,2.0,56.0,0.0,0.0,0.0,5,4,1,6,8,0,0,0,0,0,0,3,11,1,2012,10,29,71
7433,1985,Graduation,Single,29760.0,1,0,2012-08-29,87,64.0,4.0,68.0,7.0,5.0,17.0,4,3,1,4,8,0,0,0,0,0,0,3,11,0,2012,8,29,41
164,1977,Phd,Married,28973.0,0,0,2012-10-13,59,206.0,0.0,46.0,3.0,2.0,12.0,2,5,1,5,8,0,0,0,0,0,0,3,11,0,2012,10,13,49
10477,1973,Phd,Married,39435.0,1,0,2013-08-06,16,71.0,0.0,18.0,0.0,0.0,13.0,1,3,1,2,7,0,0,0,0,0,0,3,11,0,2013,8,6,53
2681,1984,2N Cycle,Married,65370.0,0,0,2013-08-01,1,71.0,22.0,112.0,120.5,81.0,29.0,1,2,3,13,1,0,0,0,0,0,0,3,11,0,2013,8,1,42
5150,1979,Basic,Single,20194.0,1,0,2012-12-17,64,0.0,4.0,7.0,11.0,10.0,15.0,2,2,0,3,6,0,0,0,0,0,0,3,11,0,2012,12,17,47
5283,1976,Phd,Single,42473.0,1,1,2014-02-17,72,93.0,1.0,21.0,0.0,4.0,25.0,3,2,1,4,5,0,0,0,0,0,0,3,11,0,2014,2,17,50
9645,1968,Graduation,Married,64590.0,0,0,2012-10-14,98,920.0,81.0,168.0,36.0,46.0,30.0,1,9,4,10,6,0,0,0,0,0,0,3,11,0,2012,10,14,58
10678,1959,Graduation,Married,71232.0,0,1,2013-11-28,91,653.0,17.0,170.0,34.0,26.0,17.0,2,11,2,10,7,0,0,0,0,0,0,3,11,0,2013,11,28,67
7261,1971,Graduation,Married,34600.0,1,1,2013-01-01,8,199.0,33.0,60.0,8.0,3.0,15.0,5,5,2,5,8,0,0,0,0,0,0,3,11,1,2013,1,1,55
9648,1967,Graduation,Single,46904.0,1,1,2012-11-03,20,153.0,4.0,56.0,0.0,9.0,31.0,4,5,1,4,8,0,0,0,0,0,0,3,11,0,2012,11,3,59
2870,1973,Graduation,Married,49094.0,0,1,2012-09-21,6,376.0,0.0,38.0,11.0,8.0,69.0,5,6,3,6,6,0,0,0,0,0,0,3,11,0,2012,9,21,53
8008,1983,Graduation,Married,36075.0,1,0,2013-12-09,54,46.0,0.0,30.0,12.0,1.0,30.0,1,2,0,4,6,0,0,0,0,0,0,3,11,0,2013,12,9,43
1513,1979,2N Cycle,Married,60839.0,1,1,2012-08-28,72,600.0,21.0,128.0,120.5,81.0,126.5,13,2,2,12,8,0,0,0,0,0,0,3,11,0,2012,8,28,47
6173,1979,Graduation,Married,77298.0,0,1,2013-11-02,46,425.0,81.0,292.0,23.0,35.0,79.0,1,6,6,11,3,0,0,0,0,0,0,3,11,0,2013,11,2,47
1419,1950,Graduation,Married,34026.0,1,1,2013-08-05,11,18.0,6.0,15.0,12.0,8.0,17.0,3,2,1,3,5,0,0,0,0,0,0,3,11,0,2013,8,5,76
9150,1963,Phd,Single,48918.0,1,1,2014-04-12,21,52.0,0.0,9.0,0.0,0.0,1.0,2,1,0,4,4,0,0,0,0,0,0,3,11,0,2014,4,12,63
7960,1962,2N Cycle,Married,82122.0,0,0,2013-08-15,89,734.0,22.0,350.0,120.5,25.0,100.0,1,3,9,13,1,0,0,1,0,0,0,3,11,0,2013,8,15,64
1250,1976,Graduation,Single,37697.0,1,0,2014-02-07,82,34.0,6.0,21.0,11.0,4.0,8.0,1,2,1,3,6,0,0,0,0,0,0,3,11,0,2014,2,7,50
9905,1952,Graduation,Married,34074.0,1,1,2013-07-13,69,135.0,1.0,41.0,10.0,1.0,67.0,5,3,3,3,6,1,0,0,0,0,0,3,11,0,2013,7,13,74
10691,1960,Master,Married,28520.0,1,1,2013-06-14,55,11.0,0.0,10.0,0.0,2.0,20.0,1,1,1,2,6,0,0,0,0,0,0,3,11,0,2013,6,14,66
7002,1955,Graduation,Single,62535.0,0,1,2013-10-03,13,163.0,48.0,90.0,0.0,45.0,52.0,1,3,2,8,3,0,0,0,0,0,0,3,11,0,2013,10,3,71
2952,1977,Master,Single,36273.0,1,0,2014-04-16,80,29.0,3.0,30.0,3.0,2.0,9.0,2,3,0,3,6,0,0,0,0,0,0,3,11,0,2014,4,16,49
8439,1964,Graduation,Married,63404.0,0,2,2014-06-06,97,734.0,26.0,70.0,11.0,44.0,17.0,2,6,3,4,4,0,0,0,1,0,0,3,11,0,2014,6,6,62
762,1981,2N Cycle,Married,75774.0,1,0,2014-05-02,27,340.0,21.0,134.0,120.5,14.0,56.0,1,7,5,8,4,0,0,0,0,0,0,3,11,0,2014,5,2,45
2831,1976,Graduation,Married,78416.0,0,1,2014-06-27,99,453.0,38.0,279.0,120.5,38.0,126.5,2,7,7,10,3,0,0,0,0,0,0,3,11,0,2014,6,27,50
6977,1974,Graduation,Married,75702.0,0,1,2012-10-14,87,1073.0,0.0,556.0,120.5,37.0,37.0,1,10,5,13,6,0,0,1,0,0,0,3,11,0,2012,10,14,52
6289,1951,Master,Married,59385.0,1,1,2013-04-28,85,135.0,0.0,10.0,0.0,4.0,36.0,2,3,1,4,5,0,0,0,0,0,0,3,11,0,2013,4,28,75
4168,1966,Graduation,Single,37070.0,1,1,2013-03-20,30,231.0,7.0,137.0,4.0,15.0,39.0,9,5,1,8,7,0,0,0,0,0,0,3,11,1,2013,3,20,60
8397,1951,Graduation,Married,44689.0,1,1,2014-01-10,82,18.0,0.0,5.0,0.0,0.0,11.0,2,1,1,2,7,1,0,0,0,0,0,3,11,0,2014,1,10,75
9284,1958,Graduation,Married,53977.0,0,1,2013-06-08,21,620.0,16.0,165.0,0.0,24.0,82.0,5,5,5,12,5,0,0,0,0,0,0,3,11,0,2013,6,8,68
6237,1966,Phd,Single,7144.0,0,2,2013-12-07,92,81.0,4.0,33.0,5.0,2.0,126.5,0,23,1,1,0,0,0,0,0,0,0,3,11,0,2013,12,7,60
3130,1964,Graduation,Single,18701.0,1,1,2013-06-04,95,12.0,4.0,2.0,10.0,6.0,10.0,4,2,0,4,5,0,0,0,0,0,0,3,11,0,2013,6,4,62
1619,1956,Graduation,Married,90369.0,0,0,2014-04-28,2,292.0,51.0,556.0,120.5,23.0,17.0,1,4,6,6,1,0,0,0,0,0,0,3,11,1,2014,4,28,70
1990,1974,Phd,Single,63159.0,0,0,2012-11-05,74,965.0,34.0,556.0,89.0,81.0,37.0,1,3,5,8,3,1,0,0,0,0,0,3,11,0,2012,11,5,52
5513,1966,Graduation,Married,37758.0,1,1,2012-10-04,49,27.0,2.0,10.0,0.0,0.0,1.0,2,1,0,3,8,0,0,0,0,0,0,3,11,0,2012,10,4,60
269,1963,Phd,Single,46757.0,0,1,2012-11-16,71,777.0,30.0,163.0,0.0,51.0,122.0,6,4,4,7,9,0,0,0,0,0,0,3,11,0,2012,11,16,63
8093,1969,Master,Married,79734.0,0,0,2014-06-28,72,572.0,8.0,232.0,23.0,62.0,17.0,1,4,3,6,1,0,0,0,1,0,0,3,11,0,2014,6,28,57
10513,1992,Graduation,Married,63207.0,0,0,2013-01-20,68,438.0,81.0,556.0,91.0,81.0,70.0,1,2,3,6,7,0,0,0,1,0,0,3,11,0,2013,1,20,34
10177,1954,Graduation,Divorced,72071.0,0,1,2013-02-14,4,531.0,69.0,300.0,120.5,81.0,126.5,3,5,4,8,2,0,0,0,0,0,0,3,11,0,2013,2,14,72
2549,1983,Phd,Married,21840.0,1,0,2013-07-21,80,17.0,0.0,9.0,0.0,0.0,1.0,1,1,0,3,9,0,0,0,0,0,0,3,11,0,2013,7,21,43
5782,1982,2N Cycle,Married,58582.0,0,1,2013-09-28,15,402.0,35.0,106.0,101.0,77.0,42.0,2,9,2,9,5,0,1,0,0,0,0,3,11,0,2013,9,28,44
10057,1951,Graduation,Single,72282.0,0,0,2013-07-19,70,503.0,27.0,419.0,90.0,81.0,126.5,1,5,7,9,7,0,0,0,0,0,0,3,11,1,2013,7,19,75
10307,1956,Graduation,Married,50387.0,0,2,2013-08-31,91,369.0,9.0,87.0,12.0,14.0,34.0,3,6,2,8,5,0,0,0,0,0,0,3,11,0,2013,8,31,70
8566,1961,Phd,Married,32583.0,1,1,2014-06-15,10,5.0,0.0,3.0,0.0,0.0,1.0,1,1,0,2,7,0,0,0,0,0,0,3,11,0,2014,6,15,65
2415,1962,Graduation,Married,62568.0,0,1,2014-04-07,99,362.0,17.0,398.0,80.0,35.0,61.0,3,5,3,5,4,0,0,0,1,0,0,3,11,0,2014,4,7,64
5684,1971,Master,Divorced,44635.0,1,1,2013-10-11,25,56.0,0.0,9.0,0.0,0.0,3.0,2,2,0,3,7,0,0,0,0,0,0,3,11,0,2013,10,11,55
8334,1971,Master,Single,33316.0,1,1,2013-10-04,34,79.0,1.0,31.0,4.0,4.0,12.0,3,2,1,4,6,0,0,0,0,0,0,3,11,0,2013,10,4,55
9166,1968,Graduation,Married,63967.0,0,1,2013-08-09,57,387.0,81.0,141.0,73.0,35.0,126.5,3,4,4,12,2,0,0,0,0,0,0,3,11,0,2013,8,9,58
1440,1978,2N Cycle,Married,52513.0,0,0,2012-09-04,84,367.0,17.0,241.0,104.0,81.0,126.5,2,9,5,9,7,0,0,0,0,0,0,3,11,0,2012,9,4,48
78,1969,Graduation,Married,25293.0,1,0,2013-09-15,51,15.0,0.0,11.0,0.0,2.0,9.0,1,1,1,2,8,0,0,0,0,0,0,3,11,0,2013,9,15,57
5441,1965,Phd,Widow,54111.0,0,1,2013-08-25,97,267.0,6.0,54.0,8.0,3.0,50.0,2,5,2,6,5,0,0,0,0,0,0,3,11,0,2013,8,25,61
5302,1986,Graduation,Married,78394.0,0,0,2013-02-15,13,298.0,27.0,556.0,120.5,24.0,126.5,1,4,6,5,2,0,0,0,0,0,0,3,11,1,2013,2,15,40
4687,1958,Master,Married,80739.0,0,0,2013-05-23,92,674.0,81.0,556.0,39.0,0.0,92.0,1,3,11,9,1,0,0,0,0,0,0,3,11,0,2013,5,23,68
1087,1975,Master,Married,22669.0,1,0,2013-05-22,30,16.0,14.0,36.0,37.0,22.0,48.0,3,4,1,2,9,0,0,0,0,0,0,3,11,1,2013,5,22,51
6859,1987,Graduation,Single,29236.0,1,0,2013-10-08,30,37.0,4.0,24.0,16.0,9.0,9.0,2,4,0,3,9,0,0,0,0,0,0,3,11,0,2013,10,8,39
9860,1959,Graduation,Married,44911.0,0,1,2013-03-15,11,159.0,0.0,22.0,2.0,1.0,31.0,3,4,1,4,7,0,0,0,0,0,0,3,11,0,2013,3,15,67
7129,1962,Phd,Married,54693.0,0,1,2013-02-17,72,686.0,17.0,142.0,23.0,26.0,35.0,8,6,4,13,6,0,0,0,0,0,0,3,11,0,2013,2,17,64
5866,1974,Graduation,Married,48186.0,1,0,2014-03-20,39,97.0,3.0,66.0,12.0,7.0,34.0,3,4,1,4,7,0,0,0,0,0,0,3,11,0,2014,3,20,52
10521,1977,Graduation,Married,54809.0,1,1,2013-09-11,0,63.0,6.0,57.0,13.0,13.0,22.0,4,2,1,5,4,0,0,0,0,0,0,3,11,1,2013,9,11,49
7393,1978,Graduation,Married,41580.0,1,1,2012-12-10,15,56.0,5.0,24.0,4.0,0.0,3.0,3,2,1,3,5,0,0,0,0,0,0,3,11,0,2012,12,10,48
7849,1970,Phd,Married,80336.0,0,0,2013-09-09,12,209.0,19.0,456.0,120.5,81.0,66.0,1,2,9,13,1,0,0,0,0,0,0,3,11,0,2013,9,9,56
332,1957,Graduation,Married,47743.0,0,1,2013-03-22,56,198.0,2.0,43.0,0.0,12.0,20.0,3,4,1,6,6,0,1,0,0,0,0,3,11,0,2013,3,22,69
9847,1955,2N Cycle,Married,62972.0,0,1,2012-08-03,39,313.0,15.0,47.0,20.0,0.0,126.5,2,7,4,3,6,0,0,0,0,0,0,3,11,0,2012,8,3,71
531,1954,Phd,Divorced,57333.0,0,1,2012-09-22,55,941.0,14.0,397.0,76.0,58.0,126.5,11,8,5,9,6,0,0,0,0,0,0,3,11,1,2012,9,22,72
9576,1982,Phd,Married,32313.0,1,0,2013-02-11,60,86.0,4.0,56.0,2.0,4.0,7.0,3,4,0,4,9,0,0,0,0,0,0,3,11,0,2013,2,11,44
6906,1953,Master,Widow,84953.0,0,0,2013-06-03,73,167.0,48.0,556.0,63.0,72.0,72.0,1,3,10,4,2,0,1,1,1,0,0,3,11,1,2013,6,3,73
7419,1968,Master,Divorced,27071.0,1,0,2014-04-23,90,8.0,3.0,19.0,0.0,2.0,3.0,2,2,0,3,6,0,0,0,0,0,0,3,11,0,2014,4,23,58
3170,1957,Master,Married,68148.0,0,0,2013-08-31,86,389.0,66.0,408.0,37.0,57.0,85.0,1,4,4,6,2,0,0,0,0,0,0,3,11,0,2013,8,31,69
8527,1965,Master,Married,65735.0,1,1,2013-12-07,37,239.0,7.0,119.0,4.0,15.0,11.0,5,6,2,6,7,0,0,0,0,0,0,3,11,0,2013,12,7,61
7872,1975,Phd,Married,86836.0,0,0,2012-09-12,7,179.0,21.0,273.0,0.0,21.0,63.0,1,6,10,6,5,1,0,1,1,0,0,3,11,1,2012,9,12,51
9931,1963,Phd,Married,4023.0,1,1,2014-06-23,29,5.0,0.0,1.0,1.0,1.0,1.0,15,0,0,0,19,0,0,0,0,0,0,3,11,0,2014,6,23,63
10595,1990,Graduation,Married,30093.0,0,0,2013-07-08,19,2.0,6.0,28.0,13.0,4.0,16.0,1,2,0,3,7,0,0,0,0,0,0,3,11,0,2013,7,8,36
4609,1966,Phd,Married,57705.0,0,1,2014-01-11,14,383.0,0.0,53.0,6.0,4.0,40.0,3,8,1,6,6,0,0,0,0,0,0,3,11,0,2014,1,11,60
5010,1988,Graduation,Single,25008.0,1,0,2014-02-02,72,2.0,8.0,8.0,6.0,1.0,9.0,2,1,0,3,8,0,0,0,0,0,0,3,11,0,2014,2,2,38
4427,1995,2N Cycle,Single,83257.0,0,0,2012-09-18,56,536.0,27.0,556.0,38.0,81.0,67.0,1,5,10,12,6,1,0,1,0,0,1,3,11,1,2012,9,18,31
11148,1975,Graduation,Married,22280.0,1,0,2013-05-19,85,2.0,1.0,4.0,3.0,1.0,2.0,1,1,0,2,8,0,0,0,0,0,0,3,11,0,2013,5,19,51
1168,1978,Phd,Married,72159.0,0,0,2012-10-29,62,322.0,53.0,556.0,34.0,40.0,53.0,1,4,6,10,2,0,0,0,0,0,0,3,11,0,2012,10,29,48
9595,1961,Graduation,Married,64260.0,0,0,2013-01-11,1,539.0,81.0,556.0,20.0,0.0,30.0,1,4,5,4,3,0,0,0,0,0,0,3,11,1,2013,1,11,65
10163,1984,Phd,Single,82733.0,0,0,2013-09-10,28,712.0,50.0,420.0,65.0,38.0,38.0,1,8,4,7,4,0,0,0,0,0,0,3,11,1,2013,9,10,42
2886,1971,Master,Divorced,74290.0,0,1,2013-08-12,70,1121.0,0.0,72.0,0.0,12.0,12.0,4,10,8,10,6,0,1,0,1,0,0,3,11,0,2013,8,12,55
6710,1951,Master,Single,58217.0,2,1,2012-11-17,84,68.0,1.0,13.0,3.0,5.0,13.0,1,2,0,4,6,0,0,0,0,0,0,3,11,0,2012,11,17,75
5316,1976,Master,Married,21024.0,0,0,2013-07-04,89,36.0,4.0,18.0,6.0,2.0,18.0,1,2,0,4,7,0,0,0,0,0,0,3,11,0,2013,7,4,50
9029,1972,Phd,Married,70116.0,0,0,2013-01-26,73,707.0,44.0,556.0,95.0,58.0,29.0,1,2,8,12,1,0,0,0,0,0,0,3,11,0,2013,1,26,54
521,1985,Graduation,Married,54006.0,1,0,2012-09-18,42,174.0,77.0,203.0,6.0,24.0,97.0,2,8,1,7,7,0,0,0,0,0,0,3,11,0,2012,9,18,41
1459,1966,Phd,Married,69063.0,0,1,2012-11-07,16,666.0,35.0,124.0,69.0,8.0,26.0,1,5,3,5,3,0,0,0,0,0,0,3,11,0,2012,11,7,60
10241,1975,2N Cycle,Divorced,11448.0,0,0,2013-12-15,16,0.0,0.0,0.0,6.0,2.0,6.0,1,1,0,2,6,0,0,0,0,0,0,3,11,0,2013,12,15,51
1630,1979,Graduation,Single,61825.0,0,1,2013-08-07,56,162.0,50.0,100.0,55.0,30.0,27.0,1,4,2,8,4,0,0,0,0,0,0,3,11,0,2013,8,7,47
3254,1971,Graduation,Married,70886.0,1,0,2013-10-14,65,407.0,70.0,239.0,103.0,81.0,53.0,1,5,4,4,2,0,0,0,0,0,0,3,11,0,2013,10,14,55
9064,1982,Graduation,Married,69109.0,0,0,2012-11-09,10,823.0,25.0,459.0,120.5,29.0,95.0,1,6,6,7,4,0,0,1,0,0,0,3,11,1,2012,11,9,44
3678,1973,Graduation,Widow,60208.0,1,1,2012-10-07,13,488.0,23.0,71.0,15.0,0.0,59.0,11,8,3,7,7,0,1,0,0,0,0,3,11,1,2012,10,7,53
4227,1968,Master,Married,32889.0,1,1,2013-09-06,78,28.0,0.0,13.0,4.0,2.0,8.0,3,2,1,3,5,0,0,0,0,0,0,3,11,0,2013,9,6,58
9467,1984,Graduation,Single,34738.0,1,0,2014-05-11,51,3.0,2.0,10.0,3.0,0.0,2.0,1,1,0,3,6,0,0,0,0,0,0,3,11,0,2014,5,11,42
8486,1971,Master,Married,30538.0,1,0,2012-10-01,27,284.0,0.0,52.0,8.0,3.0,20.0,4,9,0,4,10,0,0,0,0,0,0,3,11,0,2012,10,1,55
2186,1977,2N Cycle,Married,82326.0,0,0,2014-03-10,30,938.0,81.0,556.0,120.5,81.0,126.5,1,5,10,6,2,0,1,1,1,0,0,3,11,1,2014,3,10,49
3286,1967,Phd,Divorced,26642.0,1,0,2014-03-01,71,13.0,2.0,15.0,2.0,2.0,8.0,2,2,0,3,6,0,0,0,0,0,0,3,11,0,2014,3,1,59
8602,1964,Graduation,Divorced,69932.0,0,1,2013-06-12,97,412.0,81.0,153.0,120.5,81.0,57.0,2,7,6,11,4,0,0,0,0,0,0,3,11,0,2013,6,12,62
3722,1972,Graduation,Single,44503.0,1,1,2014-04-16,83,31.0,1.0,8.0,0.0,0.0,8.0,2,2,0,3,6,0,0,0,0,0,0,3,11,0,2014,4,16,54
6715,1948,Phd,Single,60200.0,0,1,2013-01-02,3,502.0,19.0,132.0,0.0,6.0,26.0,6,6,2,11,6,0,0,0,0,0,0,3,11,0,2013,1,2,78
4796,1952,Graduation,Divorced,49638.0,0,1,2014-04-19,71,18.0,10.0,3.0,3.0,5.0,0.0,1,1,0,3,2,0,0,0,0,0,0,3,11,0,2014,4,19,74
9612,1987,2N Cycle,Single,23830.0,0,0,2014-02-07,3,1.0,8.0,6.0,4.0,8.0,16.0,1,1,0,3,7,0,0,0,0,0,0,3,11,0,2014,2,7,39
3766,1959,Master,Widow,33051.0,0,0,2012-08-16,15,100.0,71.0,243.0,108.0,81.0,126.5,3,9,1,8,9,0,0,0,0,0,0,3,11,1,2012,8,16,67
1399,1958,Graduation,Married,72905.0,0,0,2014-01-21,52,407.0,81.0,445.0,120.5,81.0,126.5,1,3,7,9,1,0,0,0,1,0,0,3,11,0,2014,1,21,68
1570,1951,Phd,Married,69702.0,0,1,2013-02-19,8,664.0,9.0,240.0,50.0,19.0,57.0,2,7,7,10,4,0,0,0,0,0,0,3,11,0,2013,2,19,75
3426,1975,Graduation,Divorced,70300.0,1,0,2013-07-15,89,1045.0,61.0,338.0,60.0,46.0,46.0,3,5,5,13,8,0,0,0,0,0,0,3,11,0,2013,7,15,51
3074,1984,Phd,Married,70643.0,0,0,2012-10-15,66,1218.0,81.0,304.0,23.0,81.0,33.0,1,5,8,4,6,0,0,0,0,0,0,3,11,1,2012,10,15,42
8341,1969,Phd,Married,30396.0,1,0,2014-04-30,22,15.0,0.0,6.0,0.0,1.0,12.0,2,1,1,2,7,1,0,0,0,0,0,3,11,1,2014,4,30,57
5180,1968,Phd,Divorced,50616.0,0,1,2014-04-18,56,128.0,0.0,16.0,0.0,1.0,4.0,2,4,0,4,7,0,0,0,0,0,0,3,11,0,2014,4,18,58
6461,1969,Master,Single,62772.0,0,1,2013-05-19,74,581.0,49.0,157.0,43.0,8.0,108.0,1,5,6,11,2,0,1,0,0,0,0,3,11,0,2013,5,19,57
7679,1985,Phd,Single,30298.0,0,0,2014-05-19,48,6.0,3.0,12.0,6.0,1.0,0.0,1,1,1,3,3,0,0,0,0,0,0,3,11,0,2014,5,19,41
10702,1984,Graduation,Single,52413.0,1,0,2012-11-03,67,185.0,8.0,133.0,56.0,56.0,12.0,2,7,1,7,7,0,0,0,0,0,0,3,11,0,2012,11,3,42
7505,1957,Phd,Married,44155.0,1,1,2014-01-19,24,22.0,1.0,9.0,0.0,0.0,14.0,1,1,1,2,4,0,0,0,0,0,0,3,11,0,2014,1,19,69
5113,1971,Phd,Divorced,86979.0,0,0,2013-11-07,67,584.0,81.0,556.0,65.0,81.0,35.0,1,5,5,5,2,1,0,0,0,0,0,3,11,1,2013,11,7,55
10858,1975,Graduation,Married,76532.0,1,1,2013-09-09,38,355.0,30.0,177.0,90.0,81.0,30.0,4,9,5,7,5,0,0,0,0,0,0,3,11,0,2013,9,9,51
2961,1982,Graduation,Married,42081.0,1,0,2013-02-26,86,175.0,10.0,110.0,54.0,6.0,27.0,2,6,3,4,6,1,0,0,0,0,0,3,11,0,2013,2,26,44
2747,1988,Phd,Married,67546.0,0,0,2012-08-31,90,864.0,81.0,556.0,120.5,38.0,126.5,1,4,10,5,3,0,0,0,0,0,0,3,11,0,2012,8,31,38
3010,1989,Master,Married,88420.0,0,0,2014-05-02,87,957.0,81.0,556.0,99.0,81.0,126.5,1,4,7,8,1,1,0,1,1,0,0,3,11,0,2014,5,2,37
5790,1985,Graduation,Married,31158.0,1,0,2013-01-27,62,25.0,6.0,16.0,20.0,0.0,5.0,2,2,0,3,8,0,0,0,0,0,0,3,11,0,2013,1,27,41
6892,1968,Graduation,Divorced,61671.0,0,1,2014-06-03,23,641.0,7.0,56.0,0.0,0.0,28.0,8,10,4,6,8,0,1,0,1,0,0,3,11,0,2014,6,3,58
1743,1974,Graduation,Single,69719.0,0,0,2014-05-26,99,273.0,81.0,208.0,120.5,14.0,43.0,1,2,3,5,1,0,0,0,0,0,0,3,11,0,2014,5,26,52
3578,1949,Graduation,Divorced,49160.0,0,1,2013-10-20,29,122.0,21.0,43.0,25.0,10.0,15.0,2,3,1,6,6,0,0,0,0,0,0,3,11,0,2013,10,20,77
8462,1978,Basic,Married,24882.0,1,0,2012-09-09,52,1.0,4.0,10.0,29.0,0.0,36.0,1,1,1,2,6,1,0,0,0,0,0,3,11,0,2012,9,9,48
5558,1954,Phd,Single,90933.0,0,0,2014-03-31,90,1020.0,31.0,430.0,62.0,63.0,79.0,1,4,6,4,1,0,0,1,0,0,0,3,11,0,2014,3,31,72
4619,1945,Phd,Single,113734.0,0,0,2014-05-28,9,6.0,2.0,3.0,1.0,81.0,3.0,0,27,0,0,1,0,0,0,0,0,0,3,11,0,2014,5,28,81
8780,1950,Phd,Married,59292.0,0,1,2013-06-13,71,378.0,14.0,68.0,19.0,14.0,14.0,2,3,5,8,3,0,0,0,0,0,0,3,11,0,2013,6,13,76
10789,1964,Phd,Married,45759.0,1,1,2013-02-23,13,42.0,1.0,18.0,3.0,0.0,4.0,2,2,0,3,7,0,0,0,0,0,0,3,11,0,2013,2,23,62
10779,1983,Graduation,Single,22148.0,0,0,2014-04-13,16,15.0,5.0,14.0,0.0,4.0,11.0,1,1,0,3,7,0,0,0,0,0,0,3,11,0,2014,4,13,43
5896,1987,Master,Married,73395.0,0,0,2014-03-18,94,272.0,7.0,80.0,20.0,7.0,11.0,1,4,4,6,2,0,0,0,0,0,0,3,11,0,2014,3,18,39
2337,1971,Graduation,Divorced,29819.0,1,0,2013-10-24,77,9.0,1.0,24.0,2.0,1.0,2.0,3,3,0,3,6,0,0,0,0,0,0,3,11,0,2013,10,24,55
10951,1968,Graduation,Married,45688.0,0,1,2014-01-25,20,279.0,0.0,18.0,0.0,0.0,9.0,2,3,1,8,4,0,1,0,0,0,0,3,11,0,2014,1,25,58
544,1954,Graduation,Married,62820.0,0,0,2013-05-11,51,398.0,61.0,265.0,120.5,61.0,53.0,1,3,4,6,1,0,0,0,0,0,0,3,11,0,2013,5,11,72
17,1971,Phd,Married,60491.0,0,1,2013-09-06,81,637.0,47.0,237.0,12.0,19.0,76.0,4,6,11,7,5,0,0,0,0,0,0,3,11,0,2013,9,6,55
10680,1986,Graduation,Married,33235.0,1,0,2014-02-05,71,45.0,0.0,16.0,2.0,1.0,6.0,1,3,0,3,7,0,0,0,0,0,0,3,11,0,2014,2,5,40
3265,1959,Graduation,Married,35701.0,0,0,2013-03-19,36,21.0,1.0,9.0,7.0,3.0,5.0,1,1,0,3,6,0,0,0,0,0,0,3,11,0,2013,3,19,67
5623,1980,Master,Married,31535.0,1,0,2013-09-26,95,15.0,4.0,13.0,0.0,0.0,19.0,1,1,1,2,7,1,0,0,0,0,0,3,11,0,2013,9,26,46
5832,1960,2N Cycle,Married,92556.0,0,0,2014-04-20,32,493.0,81.0,352.0,120.5,23.0,28.0,0,3,5,13,0,0,0,0,0,0,0,3,11,0,2014,4,20,66
5544,1970,Graduation,Single,67384.0,0,1,2012-11-10,32,957.0,40.0,175.0,120.5,53.0,107.0,2,7,8,5,5,0,1,0,0,0,0,3,11,0,2012,11,10,56
6417,1971,Master,Married,80573.0,0,0,2012-10-14,85,829.0,81.0,430.0,60.0,81.0,15.0,1,4,6,13,2,0,0,0,0,0,0,3,11,0,2012,10,14,55
5831,1967,Graduation,Married,77870.0,0,1,2012-08-22,93,1017.0,50.0,500.0,65.0,50.0,126.5,3,5,5,5,8,0,1,0,1,0,0,3,11,1,2012,8,22,59
7101,1963,Phd,Widow,52278.0,0,1,2013-01-25,24,953.0,0.0,71.0,0.0,0.0,126.5,6,10,5,10,8,0,0,0,0,0,0,3,11,0,2013,1,25,63
10176,1968,Graduation,Single,57107.0,0,1,2012-08-24,44,159.0,0.0,120.0,0.0,0.0,126.5,7,4,4,8,8,0,1,0,0,1,0,3,11,1,2012,8,24,58
2326,1990,Graduation,Married,18929.0,0,0,2013-02-16,15,32.0,0.0,8.0,23.0,4.0,18.0,1,1,0,4,6,0,0,0,0,0,0,3,11,0,2013,2,16,36
4385,1981,Phd,Single,36038.0,1,0,2013-05-31,82,23.0,0.0,15.0,0.0,2.0,7.0,2,3,0,3,6,0,0,0,0,0,0,3,11,0,2013,5,31,45
2929,1976,Graduation,Single,20180.0,0,0,2013-02-20,27,18.0,42.0,24.0,15.0,20.0,18.0,1,2,1,4,7,0,0,0,0,0,0,3,11,0,2013,2,20,50
10686,1965,Phd,Married,34230.0,1,1,2012-12-26,72,15.0,0.0,4.0,0.0,0.0,2.0,1,1,0,2,7,0,0,0,0,0,0,3,11,0,2012,12,26,61
2546,1977,2N Cycle,Single,31878.0,0,1,2014-06-22,7,23.0,4.0,5.0,10.0,5.0,23.0,1,1,0,4,3,0,0,0,0,0,0,3,11,0,2014,6,22,49
3283,1972,2N Cycle,Married,70932.0,0,1,2014-01-19,57,200.0,81.0,100.0,46.0,81.0,126.5,2,6,2,12,3,0,0,0,0,0,0,3,11,0,2014,1,19,54
3138,1956,Graduation,Single,91249.0,0,0,2012-10-20,84,1224.0,27.0,119.0,71.0,81.0,27.0,0,7,9,6,4,0,1,1,1,1,0,3,11,1,2012,10,20,70
4994,1943,Master,Single,77598.0,0,0,2013-10-01,53,1193.0,33.0,281.0,120.5,66.0,33.0,1,7,5,13,3,0,0,1,0,0,0,3,11,0,2013,10,1,83
7966,1959,Graduation,Single,80982.0,1,1,2013-01-08,48,505.0,81.0,401.0,104.0,22.0,22.0,3,11,5,11,5,0,0,0,0,0,1,3,11,0,2013,1,8,67
3112,1977,Master,Married,22701.0,1,0,2013-09-05,2,2.0,4.0,9.0,0.0,4.0,5.0,1,1,0,3,5,0,0,0,0,0,0,3,11,0,2013,9,5,49
10872,1969,Phd,Married,55212.0,0,1,2012-11-23,65,1103.0,0.0,45.0,0.0,0.0,34.0,3,4,2,11,8,0,1,0,0,1,0,3,11,0,2012,11,23,57
2181,1970,Graduation,Married,70617.0,0,0,2013-06-23,45,353.0,61.0,556.0,40.0,46.0,27.0,1,3,3,7,2,0,0,0,0,0,0,3,11,0,2013,6,23,56
1867,1957,Graduation,Single,64849.0,0,0,2012-11-13,42,652.0,48.0,350.0,94.0,81.0,108.0,1,9,3,6,5,0,0,0,0,0,0,3,11,1,2012,11,13,69
1518,1965,Master,Married,62694.0,1,1,2013-06-17,29,379.0,6.0,157.0,25.0,81.0,91.0,5,9,3,7,7,0,0,0,0,0,0,3,11,0,2013,6,17,61
5734,1974,Phd,Married,61917.0,1,1,2013-11-20,83,46.0,4.0,36.0,2.0,2.0,1.0,1,2,0,4,5,0,0,0,0,0,0,3,11,0,2013,11,20,52
2878,1947,Phd,Married,67472.0,0,1,2013-09-28,93,162.0,31.0,127.0,8.0,17.0,69.0,2,4,2,7,3,0,0,0,0,0,0,3,11,0,2013,9,28,79
1458,1982,Master,Married,21059.0,1,0,2014-01-07,40,8.0,3.0,19.0,3.0,3.0,8.0,3,3,0,3,6,0,0,0,0,0,0,3,11,0,2014,1,7,44
7007,1968,Master,Married,29543.0,2,0,2014-04-01,47,17.0,3.0,18.0,3.0,4.0,18.0,2,3,1,2,7,0,0,0,0,0,0,3,11,0,2014,4,1,58
6200,1951,Graduation,Married,75903.0,0,1,2013-04-08,50,340.0,81.0,185.0,120.5,38.0,100.0,2,6,6,9,3,0,0,0,0,0,0,3,11,0,2013,4,8,75
1403,1975,2N Cycle,Married,34984.0,1,1,2012-09-06,40,8.0,4.0,15.0,3.0,5.0,3.0,2,1,0,3,7,0,0,0,0,0,0,3,11,0,2012,9,6,51
4827,1956,Phd,Single,54998.0,0,1,2013-03-10,3,154.0,22.0,202.0,39.0,30.0,8.0,5,4,2,9,4,0,0,0,0,0,0,3,11,1,2013,3,10,70
6250,1949,Phd,Widow,54356.0,0,1,2012-11-19,62,710.0,15.0,30.0,20.0,0.0,0.0,3,11,2,8,8,0,0,0,0,0,0,3,11,1,2012,11,19,77
9291,1959,Master,Married,34242.0,0,1,2014-03-23,25,8.0,2.0,4.0,0.0,0.0,1.0,1,0,0,3,5,0,0,0,0,0,0,3,11,0,2014,3,23,67
2478,1973,Graduation,Married,25410.0,1,0,2013-08-31,48,2.0,2.0,4.0,13.0,13.0,4.0,1,1,0,4,4,0,0,0,0,0,0,3,11,0,2013,8,31,53
1139,1984,Phd,Married,73356.0,0,0,2014-02-06,56,1050.0,14.0,322.0,0.0,14.0,112.0,1,5,11,5,2,1,0,1,1,0,0,3,11,1,2014,2,6,42
5138,1950,Graduation,Married,28320.0,0,1,2013-01-14,68,19.0,1.0,14.0,3.0,2.0,4.0,1,1,0,3,8,0,0,0,0,0,0,3,11,0,2013,1,14,76
5393,1977,Graduation,Single,23763.0,1,0,2012-08-07,64,22.0,0.0,6.0,6.0,2.0,6.0,1,1,0,3,7,0,0,0,0,0,0,3,11,0,2012,8,7,49
10413,1984,Graduation,Married,72570.0,0,0,2014-04-25,67,274.0,81.0,216.0,120.5,81.0,126.5,1,4,6,12,1,0,0,0,0,0,0,3,11,0,2014,4,25,42
5015,1976,Master,Married,34529.0,1,0,2012-09-14,94,68.0,6.0,38.0,3.0,6.0,41.0,2,2,2,3,7,0,0,0,0,0,0,3,11,0,2012,9,14,50
10868,1951,Graduation,Widow,70792.0,0,0,2013-02-06,82,344.0,45.0,556.0,104.0,11.0,114.0,2,3,4,10,3,0,0,0,0,0,0,3,11,0,2013,2,6,75
10676,1982,Graduation,Married,63211.0,0,0,2012-11-02,3,145.0,81.0,459.0,120.5,26.0,126.5,2,3,8,7,2,0,0,0,0,0,0,3,11,1,2012,11,2,44
2495,1974,Master,Married,83891.0,0,1,2014-06-20,24,217.0,38.0,350.0,111.0,81.0,15.0,1,4,7,10,1,0,0,0,0,0,0,3,11,0,2014,6,20,52
7842,1968,Graduation,Single,36065.0,1,1,2013-03-31,54,18.0,7.0,34.0,10.0,2.0,3.0,3,3,0,3,8,0,0,0,0,0,0,3,11,0,2013,3,31,58
9955,1954,Graduation,Married,39898.0,0,1,2013-02-12,20,69.0,8.0,26.0,12.0,7.0,12.0,2,3,0,4,7,0,0,0,0,0,0,3,11,0,2013,2,12,72
6663,1940,Phd,Single,51141.0,0,0,2013-07-08,96,144.0,0.0,7.0,0.0,0.0,6.0,1,3,1,4,5,0,0,0,0,0,0,3,11,0,2013,7,8,86
2162,1976,Graduation,Married,56939.0,0,1,2013-09-18,19,256.0,34.0,103.0,90.0,29.0,49.0,2,3,3,10,3,0,0,0,0,0,0,3,11,0,2013,9,18,50
3434,1951,Graduation,Single,80872.0,0,0,2014-05-12,60,483.0,72.0,556.0,94.0,12.0,108.0,1,4,4,10,1,0,0,0,0,0,0,3,11,0,2014,5,12,75
7919,1976,Phd,Married,72335.0,0,0,2012-08-13,2,1224.0,81.0,556.0,28.0,21.0,0.0,1,10,4,8,8,0,0,0,0,0,0,3,11,1,2012,8,13,50
5626,1964,Phd,Single,61798.0,0,0,2013-11-23,13,338.0,4.0,89.0,11.0,8.0,13.0,1,4,2,9,4,0,0,0,0,0,0,3,11,0,2013,11,23,62
6428,1950,Phd,Widow,76842.0,0,0,2014-05-03,37,605.0,10.0,345.0,84.0,54.0,32.0,1,1,8,7,0,0,0,0,0,0,0,3,11,0,2014,5,3,76
8514,1976,Graduation,Married,29478.0,1,0,2014-01-17,59,8.0,0.0,7.0,3.0,1.0,1.0,1,1,0,3,6,0,0,0,0,0,0,3,11,0,2014,1,17,50
10448,1956,Graduation,Single,46998.0,0,1,2012-10-22,55,172.0,41.0,86.0,45.0,6.0,27.0,5,5,3,5,7,1,0,0,0,0,0,3,11,0,2012,10,22,70
2109,1990,Graduation,Single,96843.0,0,0,2013-04-23,60,448.0,71.0,556.0,40.0,17.0,17.0,1,6,11,10,2,0,0,1,0,0,0,3,11,1,2013,4,23,36
7530,1950,Phd,Widow,56551.0,1,1,2014-05-07,48,67.0,4.0,32.0,17.0,2.0,16.0,3,2,1,4,4,0,0,0,0,0,0,3,11,0,2014,5,7,76
8925,1965,Master,Married,70053.0,0,1,2013-07-03,38,512.0,53.0,98.0,81.0,81.0,89.0,3,8,5,10,5,0,0,0,0,0,0,3,11,0,2013,7,3,61
3009,1962,Phd,Widow,71670.0,0,0,2013-07-09,8,1224.0,16.0,128.0,0.0,0.0,126.5,1,5,3,6,6,0,1,1,0,1,0,3,11,1,2013,7,9,64
6355,1978,Graduation,Married,44359.0,1,1,2014-06-17,19,20.0,0.0,14.0,7.0,3.0,1.0,3,2,0,4,3,0,0,0,0,0,0,3,11,0,2014,6,17,48
3517,1952,Graduation,Single,40887.0,1,1,2013-05-06,32,50.0,4.0,44.0,10.0,10.0,43.0,3,3,1,3,9,0,0,0,0,0,0,3,11,1,2013,5,6,74
1158,1966,Graduation,Divorced,48877.0,0,1,2014-01-05,27,102.0,1.0,15.0,2.0,0.0,24.0,1,3,0,4,7,0,0,0,0,0,0,3,11,0,2014,1,5,60
6203,1947,Graduation,Married,74485.0,0,0,2013-08-24,58,499.0,81.0,556.0,120.5,49.0,49.0,1,6,7,12,3,0,0,0,0,0,0,3,11,0,2013,8,24,79
7165,1972,Graduation,Married,64474.0,0,1,2013-10-22,59,381.0,35.0,172.0,56.0,81.0,93.0,2,8,2,10,5,0,0,0,0,0,0,3,11,0,2013,10,22,54
3595,1963,Graduation,Married,77226.0,0,1,2014-02-28,29,631.0,43.0,239.0,120.5,76.0,21.0,2,6,8,12,3,0,0,0,0,0,0,3,11,0,2014,2,28,63
8537,1949,Graduation,Widow,72643.0,0,0,2013-02-27,60,526.0,80.0,553.0,120.5,81.0,53.0,1,3,10,7,2,0,0,0,1,0,0,3,11,1,2013,2,27,77
4331,1978,Master,Married,85738.0,0,0,2014-01-23,41,913.0,26.0,376.0,17.0,26.0,13.0,1,3,6,11,1,0,1,1,0,0,0,3,11,0,2014,1,23,48
6281,1966,Graduation,Divorced,55686.0,0,1,2013-02-14,27,673.0,0.0,199.0,37.0,47.0,26.0,2,6,3,5,4,1,0,0,0,0,0,3,11,0,2013,2,14,60
4338,1983,Graduation,Single,39062.0,1,0,2014-03-25,28,23.0,0.0,9.0,0.0,0.0,12.0,1,1,0,3,4,1,0,0,0,0,0,3,11,0,2014,3,25,43
2452,1971,Graduation,Married,34600.0,1,1,2013-01-01,8,199.0,33.0,60.0,8.0,3.0,15.0,5,5,2,5,8,0,0,0,0,0,0,3,11,1,2013,1,1,55
9507,1975,Graduation,Married,40794.0,0,1,2013-04-07,18,261.0,23.0,73.0,4.0,23.0,50.0,2,6,3,5,7,0,0,0,0,0,0,3,11,0,2013,4,7,51
8360,1971,2N Cycle,Married,54690.0,1,1,2013-11-07,76,111.0,16.0,37.0,7.0,9.0,18.0,3,3,1,5,3,0,0,0,0,0,0,3,11,0,2013,11,7,55
10311,1969,Graduation,Married,4428.0,0,1,2013-10-05,0,16.0,4.0,12.0,2.0,4.0,126.5,0,25,0,0,1,0,0,0,0,0,0,3,11,0,2013,10,5,57
5117,1963,2N Cycle,Married,32632.0,0,0,2012-08-02,32,63.0,81.0,137.0,120.5,19.0,53.0,2,4,4,8,5,0,0,0,0,0,0,3,11,0,2012,8,2,63
4867,1968,Phd,Single,38236.0,1,1,2013-09-20,2,58.0,0.0,18.0,2.0,0.0,10.0,4,3,0,4,7,0,0,0,0,0,0,3,11,0,2013,9,20,58
9289,1979,Graduation,Married,36781.0,1,0,2014-04-10,16,29.0,1.0,17.0,0.0,3.0,13.0,1,2,1,2,8,0,0,0,0,0,0,3,11,1,2014,4,10,47
10913,1984,Master,Single,31385.0,1,0,2012-12-05,56,3.0,2.0,12.0,0.0,1.0,9.0,1,1,0,2,8,1,0,0,0,0,0,3,11,1,2012,12,5,42
3032,1984,Graduation,Married,24570.0,1,0,2013-02-27,97,28.0,34.0,62.0,11.0,14.0,44.0,3,4,0,4,9,0,0,0,0,0,0,3,11,0,2013,2,27,42
8524,1974,Phd,Divorced,25509.0,1,0,2012-09-18,15,40.0,3.0,30.0,10.0,7.0,11.0,3,3,0,3,9,0,0,0,0,0,0,3,11,1,2012,9,18,52
3334,1951,Graduation,Married,94642.0,0,0,2014-02-12,35,879.0,81.0,556.0,106.0,81.0,126.5,0,5,7,9,1,0,0,1,1,0,0,3,11,0,2014,2,12,75
4470,1962,Master,Married,58646.0,0,1,2013-06-10,3,62.0,1.0,44.0,6.0,5.0,22.0,1,2,1,4,4,0,0,0,0,0,0,3,11,0,2013,6,10,64
1406,1975,Graduation,Single,53201.0,1,1,2013-02-12,49,280.0,7.0,81.0,20.0,0.0,27.0,8,6,3,5,7,0,0,0,0,0,0,3,11,0,2013,2,12,51
8619,1957,Graduation,Married,21994.0,0,1,2012-12-24,4,9.0,0.0,6.0,3.0,1.0,3.0,1,0,0,3,5,0,0,0,0,0,0,3,11,0,2012,12,24,69
10821,1978,Graduation,Married,57113.0,1,1,2013-02-06,45,182.0,4.0,33.0,0.0,2.0,42.0,6,4,1,5,7,0,0,0,0,0,0,3,11,0,2013,2,6,48
4552,1991,Graduation,Married,51373.0,0,0,2013-06-22,37,83.0,2.0,101.0,64.0,26.0,117.0,1,3,5,3,4,0,0,0,0,0,0,3,11,0,2013,6,22,35
898,1986,Graduation,Married,23477.0,1,0,2013-10-21,39,38.0,15.0,54.0,3.0,8.0,29.0,3,3,0,4,8,0,0,0,0,0,0,3,11,0,2013,10,21,40
9797,1956,Graduation,Married,58116.0,0,1,2014-04-13,38,228.0,19.0,130.0,4.0,11.0,51.0,2,3,3,8,2,0,0,0,0,0,0,3,11,0,2014,4,13,70
10949,1963,Phd,Divorced,72968.0,0,0,2013-12-16,8,1092.0,37.0,556.0,120.5,37.0,55.0,1,5,5,8,3,0,0,0,1,0,0,3,11,1,2013,12,16,63
8212,1971,Master,Married,39791.0,0,1,2013-03-28,89,85.0,15.0,27.0,13.0,13.0,21.0,2,3,1,4,7,0,0,0,0,0,0,3,11,0,2013,3,28,55
6248,1947,Master,Single,91712.0,0,0,2013-10-17,47,1224.0,24.0,556.0,94.0,29.0,48.0,0,9,7,11,3,0,0,1,0,0,0,3,11,1,2013,10,17,79
10164,1958,Graduation,Single,94472.0,0,1,2014-04-03,75,1017.0,33.0,417.0,108.0,81.0,16.0,1,5,5,5,5,0,1,1,0,0,0,3,11,0,2014,4,3,68
4547,1960,Graduation,Married,13672.0,1,1,2013-04-17,86,6.0,2.0,9.0,2.0,1.0,5.0,2,1,0,3,8,0,0,0,0,0,0,3,11,0,2013,4,17,66
6815,1980,2N Cycle,Married,96547.0,0,0,2014-05-23,4,448.0,21.0,125.0,52.0,81.0,62.0,0,7,6,8,2,1,0,1,1,0,0,3,11,1,2014,5,23,46
4122,1975,Graduation,Married,79205.0,0,0,2012-08-29,73,504.0,23.0,117.0,120.5,28.0,44.0,1,6,5,4,4,0,0,0,1,0,0,3,11,1,2012,8,29,51
10841,1975,Phd,Married,56559.0,0,1,2012-12-25,46,226.0,22.0,133.0,41.0,31.0,31.0,3,4,3,8,4,0,0,0,0,0,0,3,11,0,2012,12,25,51
5370,1973,Phd,Married,32644.0,1,0,2013-01-16,38,239.0,3.0,141.0,0.0,7.0,23.0,4,7,1,6,8,1,0,0,0,0,0,3,11,0,2013,1,16,53
176,1980,2N Cycle,Single,67506.0,0,1,2014-01-02,73,90.0,38.0,67.0,33.0,36.0,67.0,1,4,1,6,3,0,0,0,0,0,0,3,11,0,2014,1,2,46
4860,1970,Graduation,Single,24206.0,1,0,2013-03-08,66,7.0,2.0,8.0,3.0,2.0,3.0,1,1,0,3,6,0,0,0,0,0,0,3,11,0,2013,3,8,56
10757,1967,Phd,Divorced,28420.0,1,0,2013-12-24,36,4.0,2.0,5.0,2.0,0.0,0.0,1,1,0,2,6,0,0,0,0,0,0,3,11,0,2013,12,24,59
4023,1970,Graduation,Married,22979.0,1,0,2012-09-06,29,16.0,17.0,19.0,20.0,21.0,22.0,3,3,2,2,8,0,0,0,0,0,0,3,11,1,2012,9,6,56
6679,1966,Graduation,Single,33279.0,0,0,2014-06-12,29,10.0,3.0,3.0,0.0,0.0,0.0,1,0,0,3,3,0,0,0,0,0,0,3,11,0,2014,6,12,60
9923,1972,Master,Single,46423.0,1,1,2013-09-18,6,68.0,0.0,16.0,0.0,0.0,8.0,3,2,0,4,7,0,0,0,0,0,0,3,11,0,2013,9,18,54
7181,1977,Graduation,Married,30368.0,0,1,2013-11-07,97,35.0,0.0,13.0,2.0,0.0,2.0,2,2,0,3,8,0,0,0,0,0,0,3,11,0,2013,11,7,49
3599,1970,Graduation,Married,63684.0,0,1,2012-11-26,61,575.0,80.0,428.0,120.5,81.0,80.0,3,8,4,8,5,0,0,0,0,0,0,3,11,0,2012,11,26,56
405,1964,Graduation,Divorced,41638.0,0,1,2013-02-13,68,315.0,0.0,31.0,4.0,0.0,91.0,4,5,5,3,8,1,0,0,0,0,0,3,11,0,2013,2,13,62
6870,1959,Phd,Divorced,68805.0,0,1,2013-09-17,73,182.0,2.0,49.0,17.0,13.0,20.0,1,3,1,7,2,0,0,0,0,0,0,3,11,0,2013,9,17,67
832,1966,Phd,Married,65814.0,0,1,2014-03-02,90,561.0,14.0,113.0,10.0,14.0,35.0,3,8,2,10,5,0,0,0,0,0,0,3,11,0,2014,3,2,60
2002,1958,Graduation,Divorced,71964.0,0,0,2013-05-20,81,587.0,51.0,556.0,120.5,34.0,86.0,1,5,6,5,3,0,0,0,0,0,0,3,11,0,2013,5,20,68
3657,1986,Graduation,Single,39146.0,1,0,2013-02-14,1,94.0,1.0,33.0,13.0,12.0,12.0,3,4,0,4,8,0,0,0,0,0,0,3,11,0,2013,2,14,40
500,1977,Graduation,Married,96876.0,0,0,2013-08-06,79,908.0,43.0,556.0,40.0,81.0,21.0,1,7,7,9,2,0,1,1,1,0,0,3,11,1,2013,8,6,49
1951,1981,Basic,Married,34445.0,0,0,2013-01-27,92,228.0,81.0,122.0,120.5,81.0,30.0,6,11,2,8,9,0,0,0,0,0,0,3,11,0,2013,1,27,45
3262,1958,Graduation,Single,68281.0,0,0,2012-08-07,31,995.0,81.0,417.0,42.0,48.0,41.0,1,2,9,13,5,0,0,0,0,0,0,3,11,1,2012,8,7,68
4102,1975,2N Cycle,Married,37284.0,1,1,2013-03-29,46,11.0,1.0,2.0,2.0,1.0,6.0,1,0,0,3,6,0,0,0,0,0,0,3,11,0,2013,3,29,51
7042,1983,Graduation,Married,36790.0,0,0,2013-03-01,14,3.0,3.0,14.0,15.0,21.0,10.0,1,2,1,2,9,0,0,0,0,0,0,3,11,1,2013,3,1,43
10598,1967,Graduation,Married,27943.0,1,1,2013-04-15,89,12.0,1.0,16.0,4.0,1.0,3.0,3,2,0,3,8,0,0,0,0,0,0,3,11,0,2013,4,15,59
255,1951,Graduation,Divorced,22263.0,1,1,2014-03-30,31,17.0,0.0,2.0,0.0,0.0,2.0,2,1,0,3,6,0,0,0,0,0,1,3,11,0,2014,3,30,75
2375,1972,Graduation,Married,30261.0,1,2,2012-09-25,75,8.0,0.0,5.0,0.0,3.0,6.0,1,0,0,3,8,0,0,0,0,0,0,3,11,0,2012,9,25,54
9829,1978,Graduation,Married,28587.0,1,0,2014-02-12,42,22.0,4.0,17.0,12.0,10.0,13.0,3,2,0,4,6,0,0,0,0,0,0,3,11,0,2014,2,12,48
6214,1982,Master,Married,43815.0,1,0,2013-04-05,53,14.0,10.0,29.0,4.0,7.0,15.0,1,2,0,3,6,0,0,0,0,0,0,3,11,0,2013,4,5,44
4954,1956,Graduation,Married,48195.0,1,1,2014-01-21,53,106.0,27.0,68.0,52.0,7.0,5.0,6,4,2,5,6,0,0,0,0,0,0,3,11,0,2014,1,21,70
7861,1952,Master,Married,77027.0,0,1,2014-02-05,23,820.0,57.0,242.0,45.0,0.0,11.0,2,8,3,6,4,0,0,0,0,0,0,3,11,0,2014,2,5,74
4837,1965,Phd,Married,71322.0,0,1,2013-02-16,57,753.0,43.0,226.0,69.0,10.0,126.5,2,8,5,13,4,0,0,0,0,0,0,3,11,0,2013,2,16,61
9423,1979,Master,Married,32765.0,1,0,2014-02-23,49,13.0,3.0,17.0,7.0,3.0,3.0,2,2,0,4,5,0,0,0,0,0,0,3,11,0,2014,2,23,47
4198,1965,Graduation,Married,29672.0,1,1,2013-03-12,6,9.0,1.0,3.0,0.0,4.0,8.0,1,0,0,3,6,0,0,0,0,0,0,3,11,0,2013,3,12,61
153,1953,Graduation,Divorced,23272.0,0,0,2013-10-17,29,19.0,3.0,6.0,4.0,2.0,12.0,1,1,0,3,4,0,0,0,0,0,0,3,11,0,2013,10,17,73
9323,1949,Master,Married,49912.0,0,1,2012-09-07,5,520.0,8.0,223.0,32.0,49.0,42.0,4,10,5,7,8,1,0,0,0,0,0,3,11,1,2012,9,7,77
10001,1985,2N Cycle,Married,7500.0,1,0,2012-08-01,98,5.0,17.0,17.0,13.0,14.0,34.0,4,2,1,3,9,0,0,0,0,0,0,3,11,0,2012,8,1,41
3945,1947,Phd,Widow,68117.0,0,1,2013-03-10,80,618.0,44.0,215.0,0.0,17.0,36.0,2,11,8,4,6,1,0,0,0,0,0,3,11,1,2013,3,10,79
3799,1955,Graduation,Married,67225.0,0,1,2013-11-26,4,315.0,35.0,322.0,46.0,7.0,126.5,3,7,2,11,5,0,0,0,0,0,0,3,11,0,2013,11,26,71
8625,1976,Graduation,Married,17649.0,1,0,2013-11-12,70,15.0,1.0,23.0,0.0,5.0,1.0,3,3,0,3,8,0,0,0,0,0,0,3,11,0,2013,11,12,50
3491,1975,Graduation,Married,55914.0,0,1,2013-04-29,32,384.0,60.0,364.0,119.0,81.0,126.5,4,11,6,8,7,0,0,0,0,0,0,3,11,0,2013,4,29,51
983,1984,Graduation,Married,40059.0,1,0,2013-09-28,82,110.0,29.0,92.0,28.0,10.0,126.5,1,6,2,3,8,1,0,0,0,0,0,3,11,0,2013,9,28,42
9119,1950,Graduation,Married,60905.0,0,1,2013-12-05,27,208.0,17.0,76.0,36.0,17.0,38.0,2,3,3,7,2,0,0,0,0,0,0,3,11,0,2013,12,5,76
4786,1977,Graduation,Married,75330.0,1,1,2012-10-04,94,555.0,81.0,257.0,93.0,61.0,61.0,4,10,3,12,6,0,0,0,0,0,0,3,11,0,2012,10,4,49
5872,1951,Graduation,Single,60689.0,0,1,2013-06-01,23,240.0,81.0,216.0,63.0,6.0,24.0,4,4,4,10,3,0,0,0,0,0,0,3,11,0,2013,6,1,75
6568,1984,Graduation,Married,38680.0,1,0,2013-03-28,97,11.0,0.0,36.0,15.0,5.0,12.0,1,2,0,3,7,0,0,0,0,0,0,3,11,0,2013,3,28,42
5628,1982,Graduation,Married,61416.0,0,0,2013-02-08,25,848.0,81.0,323.0,120.5,61.0,78.0,1,10,3,10,6,1,0,0,0,0,0,3,11,0,2013,2,8,44
5631,1991,Graduation,Single,49767.0,0,0,2013-05-02,92,202.0,47.0,197.0,55.0,42.0,126.5,1,5,4,8,4,0,0,0,0,0,0,3,11,0,2013,5,2,35
4974,1970,Graduation,Single,83273.0,1,2,2012-09-25,98,433.0,81.0,556.0,16.0,81.0,102.0,10,4,6,9,7,0,0,0,0,0,0,3,11,0,2012,9,25,56
8416,1981,Graduation,Married,29009.0,1,0,2013-11-29,19,6.0,6.0,15.0,10.0,5.0,2.0,2,2,0,3,6,0,0,0,0,0,0,3,11,0,2013,11,29,45
5454,1979,Master,Married,45057.0,1,0,2013-12-01,80,37.0,0.0,7.0,3.0,0.0,3.0,1,2,0,3,5,0,0,0,0,0,0,3,11,0,2013,12,1,47
4095,1971,Graduation,Married,37150.0,1,0,2012-09-11,80,167.0,37.0,64.0,49.0,34.0,116.0,8,4,3,6,7,0,0,0,0,0,0,3,11,0,2012,9,11,55
5474,1970,Graduation,Single,43020.0,1,0,2013-11-30,79,45.0,7.0,99.0,4.0,25.0,43.0,3,4,1,4,6,0,0,0,0,0,0,3,11,0,2013,11,30,56
4268,1959,Graduation,Married,53154.0,0,1,2014-06-09,50,129.0,0.0,21.0,0.0,1.0,7.0,1,3,1,4,4,0,0,0,0,0,0,3,11,0,2014,6,9,67
10701,1973,Graduation,Married,65308.0,0,0,2013-09-11,60,713.0,0.0,264.0,120.0,80.0,34.0,1,7,8,12,4,0,0,1,1,0,0,3,11,0,2013,9,11,53
3507,1970,Graduation,Single,76467.0,1,0,2012-08-17,44,676.0,81.0,426.0,120.5,44.0,58.0,2,2,5,5,6,0,0,0,0,0,0,3,11,1,2012,8,17,56
2079,1947,2N Cycle,Married,81044.0,0,0,2013-12-27,0,450.0,26.0,535.0,73.0,81.0,26.0,1,5,6,10,1,0,0,0,0,0,0,3,11,0,2013,12,27,79
626,1951,Graduation,Married,32871.0,1,1,2013-03-09,28,22.0,2.0,12.0,0.0,2.0,5.0,1,1,0,3,4,0,0,0,0,0,0,3,11,0,2013,3,9,75
4426,1975,Graduation,Single,55801.0,1,1,2013-09-22,35,367.0,4.0,51.0,6.0,4.0,95.0,6,7,2,6,7,0,0,0,1,0,0,3,11,0,2013,9,22,51
2591,1959,Graduation,Widow,76320.0,0,1,2014-06-22,49,526.0,35.0,214.0,69.0,53.0,35.0,2,6,3,4,2,0,0,0,0,0,0,3,11,0,2014,6,22,67
10509,1955,Master,Single,36927.0,1,1,2014-06-02,46,51.0,0.0,16.0,0.0,0.0,4.0,2,3,0,3,8,0,0,0,0,0,0,3,11,0,2014,6,2,71
6382,1953,Graduation,Married,48794.0,1,1,2014-06-26,97,25.0,0.0,11.0,3.0,0.0,15.0,1,1,0,3,4,0,0,0,0,0,0,3,11,0,2014,6,26,73
6673,1965,Graduation,Single,23478.0,0,0,2013-03-19,51,28.0,6.0,27.0,12.0,17.0,39.0,1,3,0,3,8,0,0,0,0,0,0,3,11,0,2013,3,19,61
7441,1973,Graduation,Divorced,71128.0,1,0,2012-10-06,80,958.0,81.0,447.0,20.0,0.0,31.0,3,2,10,12,7,0,0,0,0,0,0,3,11,0,2012,10,6,53
1071,1976,Phd,Divorced,70179.0,0,1,2013-07-21,10,532.0,81.0,168.0,69.0,44.0,126.5,3,7,3,13,5,0,0,0,0,0,0,3,11,0,2013,7,21,50
10061,1950,Graduation,Married,59462.0,0,1,2013-01-05,29,724.0,17.0,143.0,0.0,8.0,126.5,2,9,2,12,7,0,0,0,0,0,0,3,11,0,2013,1,5,76
7187,1969,Master,Married,51381.5,1,1,2013-05-18,52,375.0,42.0,48.0,94.0,66.0,96.0,7,4,10,4,3,0,0,0,0,0,0,3,11,0,2013,5,18,57
8775,1969,Graduation,Married,38361.0,1,0,2013-12-27,74,39.0,0.0,56.0,20.0,8.0,14.0,3,3,1,3,7,0,0,0,0,0,0,3,11,0,2013,12,27,57
1612,1981,Phd,Single,51381.5,1,0,2013-05-31,82,23.0,0.0,15.0,0.0,2.0,7.0,2,3,0,3,6,0,0,0,0,0,0,3,11,0,2013,5,31,45
2345,1982,Phd,Married,70038.0,0,0,2013-10-25,54,587.0,54.0,348.0,71.0,54.0,126.5,1,4,4,8,2,0,0,0,0,0,0,3,11,0,2013,10,25,44
322,1978,Graduation,Married,42554.0,1,1,2013-01-12,93,29.0,1.0,11.0,0.0,0.0,0.0,2,2,0,3,4,0,0,0,0,0,0,3,11,0,2013,1,12,48
10897,1974,Graduation,Married,67445.0,0,1,2012-08-12,63,757.0,80.0,217.0,29.0,80.0,11.0,5,9,6,12,6,0,0,0,0,0,0,3,11,0,2012,8,12,52
123,1951,Graduation,Widow,67046.0,0,1,2013-01-06,92,544.0,35.0,133.0,23.0,81.0,107.0,2,4,5,4,2,0,0,0,0,0,0,3,11,0,2013,1,6,75
6103,1948,Graduation,Married,42192.0,0,0,2013-09-06,40,40.0,15.0,15.0,17.0,6.0,7.0,1,2,1,3,4,0,0,0,0,0,0,3,11,0,2013,9,6,78
7899,1952,Phd,Married,77610.0,0,1,2012-10-29,70,1224.0,33.0,332.0,21.0,33.0,16.0,2,4,7,4,7,0,0,0,0,0,0,3,11,0,2012,10,29,74
10500,1984,Graduation,Married,31761.0,1,0,2014-04-05,96,19.0,1.0,20.0,16.0,14.0,28.0,2,3,0,4,5,0,0,0,0,0,0,3,11,0,2014,4,5,42
1655,1979,Graduation,Married,34350.0,1,0,2013-10-19,81,16.0,3.0,15.0,2.0,1.0,11.0,1,1,0,3,7,0,0,0,0,0,0,3,11,0,2013,10,19,47
2406,1949,Graduation,Married,54591.0,0,1,2013-08-05,63,376.0,4.0,94.0,12.0,9.0,24.0,3,6,2,8,5,0,0,0,0,0,0,3,11,0,2013,8,5,77
2712,1956,Graduation,Married,71866.0,0,1,2013-12-25,85,184.0,81.0,178.0,103.0,39.0,33.0,1,6,3,10,3,0,0,0,0,0,0,3,11,0,2013,12,25,70
5517,1969,Graduation,Married,25293.0,1,0,2013-09-15,51,15.0,0.0,11.0,0.0,2.0,9.0,1,1,1,2,8,0,0,0,0,0,0,3,11,0,2013,9,15,57
10643,1987,Phd,Single,42000.0,0,0,2013-01-10,23,124.0,81.0,267.0,85.0,59.0,35.0,2,5,2,11,5,0,0,0,0,0,0,3,11,1,2013,1,10,39
2254,1983,Graduation,Married,69520.0,0,0,2013-07-07,95,627.0,81.0,414.0,120.5,80.0,93.0,1,9,6,5,5,0,0,0,0,0,0,3,11,0,2013,7,7,43
10281,1970,Graduation,Divorced,64713.0,1,0,2014-02-07,11,180.0,60.0,241.0,13.0,54.0,54.0,2,5,5,7,4,0,0,0,0,0,0,3,11,1,2014,2,7,56
6958,1977,Master,Married,27889.0,1,0,2013-07-05,42,14.0,0.0,4.0,0.0,0.0,8.0,1,1,1,2,6,0,0,0,0,0,0,3,11,0,2013,7,5,49
954,1960,Basic,Widow,22123.0,0,0,2014-03-27,77,3.0,3.0,24.0,34.0,7.0,31.0,1,2,1,3,5,0,0,0,0,0,0,3,11,0,2014,3,27,66
5079,1971,Graduation,Married,51381.5,1,1,2013-03-03,82,71.0,1.0,16.0,0.0,0.0,9.0,4,2,1,3,8,0,0,0,0,0,0,3,11,0,2013,3,3,55
10339,1954,Master,Married,51381.5,0,1,2013-06-23,83,161.0,0.0,22.0,0.0,0.0,24.0,2,4,1,4,6,0,0,0,0,0,0,3,11,0,2013,6,23,72
4643,1973,Graduation,Married,27803.0,1,0,2012-08-26,40,8.0,26.0,46.0,38.0,9.0,49.0,2,3,0,4,8,0,0,0,0,0,0,3,11,0,2012,8,26,53
3117,1955,Graduation,Single,51381.5,0,1,2013-10-18,95,264.0,0.0,21.0,12.0,6.0,126.5,3,6,1,5,7,0,0,0,0,0,0,3,11,0,2013,10,18,71
6497,1960,Graduation,Married,51651.0,0,1,2012-11-07,32,293.0,6.0,23.0,13.0,6.0,92.0,4,6,2,5,8,0,0,0,0,0,0,3,11,0,2012,11,7,66
5396,1988,Graduation,Married,68487.0,0,0,2013-01-13,48,758.0,12.0,385.0,33.0,81.0,89.0,1,9,7,13,4,0,0,0,0,0,0,3,11,0,2013,1,13,38
5250,1943,Master,Widow,51381.5,0,0,2013-10-30,75,532.0,81.0,490.0,120.5,81.0,126.0,1,5,5,11,1,0,0,1,0,0,0,3,11,1,2013,10,30,83
1052,1969,Graduation,Married,56796.0,0,1,2013-02-16,24,656.0,38.0,161.0,62.0,47.0,37.0,3,8,9,7,7,0,0,0,0,0,0,3,11,0,2013,2,16,57
2802,1992,2N Cycle,Married,87000.0,0,0,2012-12-15,61,196.0,25.0,556.0,67.0,17.0,49.0,1,4,6,7,2,0,0,0,0,0,0,3,11,0,2012,12,15,34
6343,1959,Graduation,Married,79823.0,0,1,2014-03-31,6,835.0,73.0,380.0,114.0,73.0,43.0,1,6,9,7,2,0,1,0,0,0,0,3,11,0,2014,3,31,67
6507,1980,Graduation,Single,30828.0,1,0,2013-10-04,16,16.0,11.0,15.0,2.0,0.0,12.0,2,1,1,4,3,0,0,0,0,0,0,3,11,0,2013,10,4,46
7901,1971,Master,Married,34109.0,0,1,2013-11-06,39,9.0,1.0,5.0,2.0,1.0,4.0,1,0,0,3,4,0,0,0,0,0,0,3,11,0,2013,11,6,55
4865,1974,Master,Divorced,53367.0,1,1,2013-08-31,2,229.0,7.0,140.0,10.0,3.0,11.0,7,5,1,8,7,0,0,0,0,0,0,3,11,1,2013,8,31,52
2686,1969,Basic,Married,22390.0,0,0,2013-10-21,49,0.0,1.0,4.0,15.0,1.0,5.0,1,1,0,2,7,0,0,0,0,0,0,3,11,0,2013,10,21,57
3107,1976,Graduation,Married,71322.0,0,1,2014-05-02,31,121.0,24.0,124.0,24.0,15.0,42.0,1,4,1,7,2,0,0,0,0,0,0,3,11,0,2014,5,2,50
7734,1993,Graduation,Single,79244.0,0,0,2012-12-19,58,471.0,81.0,125.0,120.5,61.0,126.5,1,4,10,7,1,0,0,1,1,0,0,3,11,1,2012,12,19,33
1146,1949,Master,Married,49912.0,0,1,2012-09-07,5,520.0,8.0,223.0,32.0,49.0,42.0,4,10,5,7,8,1,0,0,0,0,0,3,11,1,2012,9,7,77
11031,1950,Phd,Married,48699.0,1,1,2013-05-21,90,26.0,1.0,10.0,2.0,0.0,1.0,1,1,0,3,5,0,0,0,0,0,0,3,11,0,2013,5,21,76
7428,1975,Graduation,Married,80144.0,0,0,2013-09-30,47,240.0,81.0,445.0,120.5,81.0,108.0,1,3,7,8,1,0,0,0,0,0,0,3,11,0,2013,9,30,51
975,1956,Graduation,Single,54252.0,1,1,2013-05-28,25,178.0,4.0,26.0,8.0,4.0,44.0,5,4,1,5,6,0,0,0,0,0,0,3,11,0,2013,5,28,70
1103,1976,Master,Married,81929.0,1,0,2012-09-29,60,1224.0,55.0,278.0,49.0,0.0,126.5,2,4,4,10,6,1,0,1,0,0,0,3,11,1,2012,9,29,50
3422,1975,Graduation,Married,76068.0,0,1,2012-11-29,67,1115.0,12.0,128.0,33.0,12.0,76.0,1,2,3,4,6,0,1,0,0,1,0,3,11,0,2012,11,29,51
1055,1976,Master,Married,53204.0,1,1,2014-03-20,40,29.0,0.0,8.0,2.0,0.0,6.0,1,1,0,3,4,0,0,0,0,0,0,3,11,0,2014,3,20,50
6544,1949,Phd,Married,67911.0,0,1,2014-05-22,63,529.0,0.0,356.0,63.0,28.0,0.0,3,6,7,11,3,0,0,0,0,0,0,3,11,0,2014,5,22,77
1241,1984,2N Cycle,Married,14796.0,1,0,2012-09-17,1,13.0,3.0,8.0,7.0,4.0,16.0,2,1,0,3,9,0,0,0,0,0,0,3,11,1,2012,9,17,42
2909,1974,Phd,Married,78128.0,0,1,2014-02-19,89,934.0,24.0,230.0,16.0,24.0,36.0,2,8,4,6,3,0,1,1,0,0,0,3,11,0,2014,2,19,52
5802,1972,Basic,Married,14188.0,0,0,2013-02-28,40,2.0,7.0,11.0,16.0,12.0,27.0,1,2,0,4,6,0,0,0,0,0,0,3,11,0,2013,2,28,54
1407,1986,Basic,Married,20425.0,1,0,2012-10-29,5,4.0,12.0,5.0,3.0,16.0,17.0,2,2,0,3,7,0,0,0,0,0,0,3,11,0,2012,10,29,40
6183,1962,Master,Married,58646.0,0,1,2013-06-10,3,62.0,1.0,44.0,6.0,5.0,22.0,1,2,1,4,4,0,0,0,0,0,0,3,11,0,2013,6,10,64
340,1970,Graduation,Divorced,72967.0,0,1,2012-12-15,1,158.0,35.0,179.0,0.0,0.0,125.0,2,7,2,8,5,1,0,0,0,0,0,3,11,1,2012,12,15,56
5991,1949,Master,Married,48150.0,0,1,2013-06-08,24,173.0,2.0,39.0,3.0,2.0,47.0,3,5,1,4,7,0,0,0,0,0,0,3,11,0,2013,6,8,77
3104,1961,Graduation,Single,82332.0,0,0,2012-09-17,89,830.0,59.0,556.0,51.0,79.0,19.0,1,5,3,12,2,0,0,1,0,0,0,3,11,1,2012,9,17,65
9729,1955,Graduation,Widow,58275.0,1,1,2013-06-02,48,189.0,10.0,253.0,56.0,43.0,64.0,6,8,2,7,7,0,0,0,0,0,0,3,11,0,2013,6,2,71
1008,1981,Phd,Married,44953.0,0,0,2012-12-21,31,728.0,17.0,133.0,11.0,8.0,124.0,1,7,3,13,6,1,0,0,0,0,0,3,11,0,2012,12,21,45
11091,1953,Graduation,Married,34587.0,1,1,2014-05-16,68,7.0,2.0,9.0,2.0,0.0,2.0,2,1,0,3,4,0,0,0,0,0,0,3,11,0,2014,5,16,73
3969,1974,Master,Married,43018.0,0,1,2013-11-01,46,35.0,4.0,17.0,7.0,6.0,64.0,1,2,2,2,5,0,0,0,0,0,0,3,11,0,2013,11,1,52
1916,1954,Master,Married,45736.0,0,1,2013-07-24,92,188.0,3.0,180.0,20.0,3.0,43.0,5,7,1,6,7,0,0,0,0,0,0,3,11,0,2013,7,24,72
9907,1969,Master,Married,66476.0,0,1,2013-12-04,80,742.0,28.0,152.0,25.0,9.0,57.0,2,6,8,10,4,0,0,0,0,0,0,3,11,0,2013,12,4,57
87,1981,2N Cycle,Married,27733.0,1,0,2013-08-26,16,0.0,7.0,5.0,26.0,2.0,17.0,2,2,0,3,7,0,0,0,0,0,0,3,11,0,2013,8,26,45
8659,1952,Phd,Married,69805.0,0,1,2014-01-21,50,750.0,71.0,174.0,13.0,10.0,20.0,2,6,8,11,2,0,0,0,0,0,0,3,11,0,2014,1,21,74
6262,1962,Master,Single,72217.0,0,0,2013-04-10,93,816.0,42.0,450.0,55.0,56.0,126.5,1,3,10,8,2,0,0,0,0,0,0,3,11,0,2013,4,10,64
6147,1971,Graduation,Divorced,25818.0,1,0,2012-10-18,51,5.0,2.0,8.0,2.0,2.0,9.0,1,0,1,2,7,0,0,0,0,0,0,3,11,0,2012,10,18,55
8832,1976,Master,Married,37509.0,1,0,2012-09-12,24,37.0,5.0,56.0,12.0,8.0,5.0,2,3,0,4,7,0,0,0,0,0,0,3,11,0,2012,9,12,50
10067,1976,2N Cycle,Married,25176.0,1,1,2013-08-10,79,4.0,0.0,4.0,0.0,0.0,5.0,1,1,0,2,7,0,0,0,0,0,0,3,11,0,2013,8,10,50
7532,1980,Graduation,Married,43586.0,0,1,2012-08-30,26,99.0,2.0,11.0,4.0,0.0,16.0,3,3,0,4,8,0,0,0,0,0,0,3,11,0,2012,8,30,46
4915,1956,2N Cycle,Married,53230.0,0,1,2012-08-03,86,176.0,72.0,98.0,120.5,21.0,126.5,4,5,2,12,5,0,0,0,0,0,0,3,11,0,2012,8,3,70
2115,1957,Graduation,Married,50116.0,1,1,2014-06-20,68,54.0,0.0,10.0,0.0,0.0,2.0,2,1,0,4,5,0,1,0,0,0,0,3,11,0,2014,6,20,69
2088,1972,Graduation,Married,84906.0,0,0,2013-10-04,98,997.0,15.0,414.0,99.0,30.0,76.0,1,5,6,12,2,0,1,1,0,1,0,3,11,0,2013,10,4,54
2493,1966,Graduation,Married,61286.0,0,1,2013-08-02,34,356.0,0.0,107.0,19.0,9.0,117.0,2,7,1,8,5,0,0,0,0,0,0,3,11,0,2013,8,2,60
6292,1986,Phd,Married,82333.0,0,0,2013-03-30,60,1224.0,0.0,359.0,46.0,81.0,17.0,1,4,3,10,2,0,0,1,0,0,0,3,11,1,2013,3,30,40
1631,1965,Phd,Married,65220.0,0,0,2012-09-03,3,890.0,63.0,292.0,0.0,25.0,12.0,4,8,4,7,6,0,0,0,0,0,0,3,11,1,2012,9,3,61
10104,1974,Graduation,Married,33590.0,2,1,2013-11-03,65,4.0,0.0,2.0,0.0,0.0,2.0,1,1,0,2,7,0,0,0,0,0,0,3,11,0,2013,11,3,52
3006,1976,Graduation,Divorced,30992.0,1,0,2013-04-22,83,17.0,0.0,14.0,7.0,3.0,2.0,1,1,0,3,7,0,0,0,0,0,0,3,11,0,2013,4,22,50
3919,1976,Master,Single,72309.0,0,0,2013-03-11,64,960.0,0.0,556.0,50.0,38.0,0.0,1,5,6,8,3,0,0,0,1,0,0,3,11,1,2013,3,11,50
11181,1949,Phd,Married,117418.0,0,0,2013-08-29,85,2.0,1.0,2.0,1.0,1.0,1.0,0,0,0,0,0,0,0,0,0,0,0,3,11,0,2013,8,29,77
642,1980,Basic,Married,16005.0,1,0,2012-08-14,69,1.0,3.0,2.0,20.0,30.0,47.0,3,2,1,2,8,0,0,0,0,0,0,3,11,0,2012,8,14,46
4369,1957,Master,Single,65487.0,0,0,2014-01-10,48,240.0,67.0,500.0,120.5,0.0,126.5,3,3,5,6,2,0,0,0,0,0,0,3,11,0,2014,1,10,69
10127,1965,Graduation,Married,58692.0,0,1,2014-04-06,21,301.0,11.0,61.0,4.0,7.0,11.0,1,8,2,4,7,0,0,0,0,0,0,3,11,0,2014,4,6,61
271,1969,Graduation,Widow,40590.0,1,1,2013-10-02,30,154.0,0.0,50.0,6.0,11.0,37.0,5,3,4,3,6,1,0,0,0,0,0,3,11,0,2013,10,2,57
4973,1970,Graduation,Single,20587.0,1,0,2014-05-11,39,2.0,3.0,6.0,4.0,1.0,9.0,1,1,1,2,7,0,0,0,0,0,0,3,11,0,2014,5,11,56
2948,1954,Master,Divorced,62637.0,0,1,2014-03-01,76,104.0,12.0,48.0,4.0,12.0,5.0,1,2,2,5,2,0,0,0,0,0,0,3,11,0,2014,3,1,72
2715,1966,Master,Divorced,29435.0,1,1,2012-08-06,11,70.0,3.0,37.0,4.0,2.0,64.0,4,3,2,2,9,0,0,0,0,0,0,3,11,1,2012,8,6,60
10432,1974,Graduation,Divorced,19346.0,1,0,2014-01-30,26,2.0,0.0,9.0,3.0,6.0,2.0,1,1,0,3,8,0,0,0,0,0,0,3,11,0,2014,1,30,52
9216,1971,Graduation,Married,35788.0,1,1,2014-01-23,34,23.0,2.0,11.0,3.0,1.0,4.0,2,2,0,3,6,0,0,0,0,0,0,3,11,0,2014,1,23,55
7124,1968,Graduation,Divorced,36997.0,1,1,2013-02-01,72,43.0,4.0,12.0,8.0,0.0,27.0,5,2,1,4,5,0,0,0,0,0,0,3,11,0,2013,2,1,58
9727,1957,Graduation,Married,23539.0,0,0,2014-02-28,13,4.0,24.0,11.0,16.0,1.0,25.0,1,2,0,4,6,0,0,0,0,0,0,3,11,0,2014,2,28,69
5136,1973,Graduation,Single,65333.0,0,1,2014-01-17,58,654.0,7.0,92.0,0.0,15.0,30.0,7,9,4,8,6,0,1,1,0,0,0,3,11,0,2014,1,17,53
9790,1957,Graduation,Single,78499.0,0,0,2013-11-23,12,912.0,72.0,170.0,47.0,36.0,97.0,1,11,3,4,4,0,0,1,0,0,0,3,11,1,2013,11,23,69
1818,1971,Phd,Married,29732.0,1,0,2014-03-25,23,25.0,0.0,8.0,0.0,1.0,4.0,1,2,0,2,9,0,0,0,0,0,0,3,11,0,2014,3,25,55
1100,1960,Master,Married,41275.0,1,2,2014-03-24,33,24.0,4.0,22.0,0.0,2.0,9.0,4,3,1,3,5,0,0,0,0,0,0,3,11,0,2014,3,24,66
7873,1973,Phd,Married,63516.0,1,1,2013-07-06,30,141.0,11.0,114.0,15.0,14.0,5.0,4,4,1,7,5,0,0,0,0,0,0,3,11,0,2013,7,6,53
10609,1962,Phd,Married,42769.0,0,1,2013-10-12,15,71.0,0.0,13.0,3.0,1.0,0.0,2,1,1,4,4,0,0,0,0,0,0,3,11,0,2013,10,12,64
6950,1958,Master,Married,49572.0,1,1,2013-12-15,25,35.0,1.0,16.0,0.0,1.0,1.0,2,2,0,3,7,0,0,0,0,0,0,3,11,0,2013,12,15,68
7233,1972,Graduation,Married,69209.0,0,0,2012-09-17,4,496.0,32.0,556.0,120.5,48.0,126.5,2,5,3,6,4,0,0,0,1,0,0,3,11,0,2012,9,17,54
9481,1976,Graduation,Married,17148.0,1,0,2014-01-28,80,9.0,9.0,11.0,13.0,10.0,16.0,4,3,1,3,8,0,0,0,0,0,0,3,11,0,2014,1,28,50
7699,1969,Graduation,Widow,40590.0,1,1,2013-10-02,30,154.0,0.0,50.0,6.0,11.0,37.0,5,3,4,3,6,1,0,0,0,0,0,3,11,0,2013,10,2,57
2711,1976,Master,Married,30560.0,1,0,2013-06-27,6,9.0,1.0,5.0,4.0,5.0,7.0,1,1,0,3,7,0,0,0,0,0,0,3,11,0,2013,6,27,50
8933,1983,2N Cycle,Married,32146.0,1,0,2014-05-12,16,26.0,3.0,23.0,4.0,7.0,3.0,2,2,0,4,6,0,0,0,0,0,0,3,11,0,2014,5,12,43
8726,1964,2N Cycle,Divorced,41713.0,1,1,2014-04-29,57,77.0,8.0,44.0,10.0,10.0,25.0,5,3,1,4,6,0,0,0,0,0,0,3,11,0,2014,4,29,62
1515,1975,Master,Married,34176.0,0,1,2014-01-22,9,11.0,2.0,7.0,4.0,2.0,2.0,1,1,0,3,3,0,0,0,0,0,0,3,11,0,2014,1,22,51
5186,1955,Phd,Married,58482.0,0,1,2014-03-12,59,576.0,7.0,115.0,19.0,7.0,7.0,2,7,4,9,6,0,1,0,0,0,0,3,11,0,2014,3,12,71
10157,1965,Graduation,Single,59686.0,0,1,2014-01-25,78,89.0,15.0,89.0,34.0,42.0,5.0,1,4,1,6,4,0,0,0,0,0,0,3,11,0,2014,1,25,61
5667,1964,Phd,Married,60896.0,0,1,2012-10-11,90,1013.0,30.0,399.0,60.0,46.0,126.5,3,9,10,4,6,0,0,0,0,0,0,3,11,1,2012,10,11,62
902,1980,Graduation,Married,62994.0,1,0,2014-03-04,74,224.0,12.0,48.0,4.0,12.0,12.0,1,6,2,4,6,0,0,0,0,0,0,3,11,0,2014,3,4,46
977,1957,Graduation,Married,47320.0,0,1,2013-08-01,10,200.0,19.0,111.0,50.0,15.0,19.0,6,5,1,8,6,0,0,0,0,0,0,3,11,0,2013,8,1,69
7313,1949,2N Cycle,Widow,74859.0,0,0,2013-06-03,63,570.0,73.0,556.0,120.5,81.0,73.0,1,6,5,11,3,0,0,0,1,0,0,3,11,0,2013,6,3,77
7600,1992,Basic,Single,15253.0,1,0,2013-10-28,13,1.0,3.0,3.0,8.0,1.0,13.0,2,1,0,3,7,0,0,0,0,0,0,3,11,0,2013,10,28,34
9706,1974,Phd,Single,31560.0,1,0,2013-06-24,98,62.0,1.0,20.0,4.0,0.0,7.0,2,2,1,3,8,0,0,0,0,0,0,3,11,0,2013,6,24,52
2429,1954,Graduation,Divorced,72071.0,0,1,2013-02-14,4,531.0,69.0,300.0,120.5,81.0,126.5,3,5,4,8,2,0,0,0,0,0,0,3,11,0,2013,2,14,72
3520,1990,Master,Single,91172.0,0,0,2013-03-27,94,162.0,28.0,556.0,0.0,28.0,56.0,0,4,3,7,3,1,0,1,1,1,0,3,11,1,2013,3,27,36
10394,1984,Graduation,Married,90000.0,0,0,2013-12-23,91,675.0,81.0,133.0,94.0,81.0,126.5,1,4,8,5,1,1,0,1,1,0,0,3,11,0,2013,12,23,42
4548,1981,Graduation,Single,41967.0,1,1,2013-11-23,66,23.0,4.0,10.0,0.0,2.0,15.0,1,1,0,3,4,0,0,0,0,0,0,3,11,0,2013,11,23,45
9362,1965,Graduation,Single,69263.0,0,1,2014-03-05,14,492.0,5.0,32.0,13.0,5.0,21.0,1,9,1,7,6,0,1,0,0,0,0,3,11,0,2014,3,5,61
3968,1970,2N Cycle,Divorced,65706.0,0,0,2013-06-28,77,918.0,10.0,129.0,13.0,0.0,126.5,1,11,3,12,7,0,1,1,0,1,0,3,11,1,2013,6,28,56
4084,1975,Graduation,Married,60934.0,0,1,2014-01-17,41,224.0,81.0,155.0,120.5,81.0,54.0,2,6,4,11,4,0,0,0,0,0,0,3,11,0,2014,1,17,51
6721,1951,Graduation,Married,71965.0,0,1,2013-07-29,21,572.0,19.0,286.0,50.0,38.0,126.5,3,6,3,5,3,0,0,0,0,0,0,3,11,0,2013,7,29,75
2829,1955,Graduation,Married,65210.0,0,1,2014-03-10,25,626.0,0.0,70.0,0.0,7.0,28.0,2,9,3,8,6,0,1,0,1,0,0,3,11,0,2014,3,10,71
1772,1975,Phd,Married,79174.0,0,0,2013-01-11,2,1074.0,37.0,518.0,120.5,81.0,126.5,1,5,6,7,2,0,0,1,1,0,0,3,11,1,2013,1,11,51
1544,1967,Master,Divorced,81380.0,0,0,2012-12-22,51,741.0,68.0,556.0,120.5,68.0,103.0,1,4,2,10,2,0,0,0,0,0,0,3,11,0,2012,12,22,59
492,1973,Phd,Single,48432.0,0,1,2012-10-18,3,322.0,3.0,50.0,4.0,3.0,42.0,5,7,1,6,8,0,0,0,0,0,0,3,11,0,2012,10,18,53
4377,1971,Graduation,Married,52914.0,0,1,2013-01-07,32,254.0,10.0,44.0,30.0,10.0,126.5,2,7,3,3,7,1,0,0,0,0,0,3,11,0,2013,1,7,55
4541,1955,Graduation,Married,38946.0,0,1,2013-10-24,84,116.0,6.0,82.0,6.0,6.0,41.0,2,3,1,6,5,0,0,0,0,0,0,3,11,0,2013,10,24,71
1321,1974,Graduation,Married,26067.0,1,0,2013-11-04,49,22.0,2.0,18.0,0.0,2.0,12.0,3,3,0,3,8,0,0,0,0,0,0,3,11,0,2013,11,4,52
8858,1972,Phd,Married,44325.0,0,1,2013-03-07,69,516.0,0.0,21.0,0.0,0.0,5.0,4,8,2,7,8,0,1,0,0,0,0,3,11,0,2013,3,7,54
3266,1964,Graduation,Married,42523.0,0,0,2014-04-23,96,14.0,36.0,11.0,3.0,26.0,35.0,1,1,1,4,2,0,0,0,0,0,0,3,11,0,2014,4,23,62
11187,1978,Basic,Single,26487.0,1,0,2013-05-20,23,2.0,8.0,10.0,12.0,14.0,23.0,3,2,1,3,5,0,0,0,0,0,0,3,11,0,2013,5,20,48
8207,1957,2N Cycle,Married,53233.0,0,1,2014-03-18,18,28.0,0.0,9.0,3.0,0.0,0.0,1,1,0,3,4,0,0,0,0,0,0,3,11,0,2014,3,18,69
9723,1960,Graduation,Married,67716.0,0,1,2013-01-10,8,530.0,81.0,217.0,62.0,9.0,56.0,4,7,4,13,5,0,1,0,0,0,0,3,11,0,2013,1,10,66
2666,1972,Master,Married,76234.0,0,1,2014-02-06,21,519.0,50.0,167.0,120.5,0.0,41.0,1,8,3,11,3,0,1,0,0,0,0,3,11,0,2014,2,6,54
5721,1956,Phd,Married,84117.0,0,0,2014-05-11,60,611.0,76.0,556.0,59.0,45.0,26.0,1,7,10,6,2,0,0,1,0,0,0,3,11,0,2014,5,11,70
10652,1957,Master,Married,65487.0,0,0,2014-01-10,48,240.0,67.0,500.0,120.5,0.0,126.5,3,3,5,6,2,0,0,0,0,0,0,3,11,0,2014,1,10,69
1646,1972,Basic,Married,25224.0,1,0,2014-03-16,36,4.0,9.0,12.0,11.0,2.0,8.0,2,1,1,3,3,0,0,0,0,0,0,3,11,0,2014,3,16,54
4418,1983,Master,Single,89616.0,0,0,2013-02-25,36,671.0,47.0,556.0,120.5,81.0,15.0,1,7,5,12,2,0,0,0,0,0,0,3,11,1,2013,2,25,43
2656,1971,Graduation,Divorced,40851.0,1,1,2013-02-21,63,23.0,1.0,7.0,0.0,4.0,24.0,1,1,1,2,7,0,0,0,0,0,0,3,11,0,2013,2,21,55
7990,1947,Graduation,Married,27469.0,0,0,2012-08-02,2,9.0,1.0,2.0,3.0,2.0,0.0,1,0,0,3,6,0,0,0,0,0,0,3,11,0,2012,8,2,79
8722,1957,2N Cycle,Married,82347.0,0,0,2012-11-06,38,556.0,54.0,556.0,120.5,81.0,63.0,1,7,7,10,3,1,0,0,1,0,0,3,11,1,2012,11,6,69
7118,1957,Graduation,Married,73803.0,0,1,2012-08-01,61,833.0,80.0,363.0,52.0,26.0,126.5,2,9,5,6,6,1,0,0,0,0,0,3,11,1,2012,8,1,69
2980,1952,Master,Single,8820.0,1,1,2013-03-22,52,12.0,0.0,13.0,4.0,2.0,4.0,4,3,0,3,8,0,0,0,0,0,0,3,11,0,2013,3,22,74
1839,1974,Graduation,Single,43322.0,0,0,2014-04-21,25,56.0,7.0,48.0,10.0,2.0,18.0,1,3,0,4,7,0,0,0,0,0,0,3,11,0,2014,4,21,52
10722,1973,Graduation,Married,55593.0,0,1,2013-08-21,63,293.0,8.0,124.0,11.0,4.0,106.0,2,6,6,3,6,1,0,0,0,0,0,3,11,0,2013,8,21,53
2632,1954,Graduation,Married,50501.0,1,1,2013-06-18,10,297.0,0.0,38.0,13.0,0.0,126.5,7,5,4,4,6,1,0,0,0,0,0,3,11,1,2013,6,18,72
9014,1975,Graduation,Married,37085.0,1,1,2014-06-26,65,39.0,1.0,16.0,2.0,0.0,3.0,4,3,0,3,8,0,0,0,0,0,0,3,11,0,2014,6,26,51
7620,1990,Basic,Single,16185.0,1,0,2013-08-05,71,5.0,11.0,16.0,21.0,8.0,45.0,2,2,2,2,8,0,0,0,0,0,0,3,11,0,2013,8,5,36
10968,1969,Graduation,Single,57731.0,0,1,2012-11-23,0,266.0,21.0,300.0,65.0,8.0,44.0,4,8,8,6,6,0,0,0,0,0,0,3,11,0,2012,11,23,57
11133,1973,Phd,Single,48432.0,0,1,2012-10-18,3,322.0,3.0,50.0,4.0,3.0,42.0,5,7,1,6,8,0,0,0,0,0,0,3,11,1,2012,10,18,53
2736,1978,Graduation,Married,73807.0,0,1,2013-01-02,88,366.0,81.0,156.0,71.0,78.0,54.0,2,5,5,11,2,0,0,0,0,0,0,3,11,0,2013,1,2,48
1876,1990,Graduation,Married,18929.0,0,0,2013-02-16,15,32.0,0.0,8.0,23.0,4.0,18.0,1,1,0,4,6,0,0,0,0,0,0,3,11,0,2013,2,16,36
5959,1968,Graduation,Single,35893.0,1,1,2012-10-15,80,158.0,0.0,23.0,0.0,0.0,18.0,6,3,1,5,8,0,0,0,0,0,0,3,11,0,2012,10,15,58
1092,1980,Graduation,Married,61014.0,0,1,2012-08-11,17,269.0,81.0,495.0,120.5,43.0,29.0,4,9,3,4,7,0,0,0,0,0,0,3,11,0,2012,8,11,46
4333,1954,Graduation,Married,32144.0,1,1,2014-03-23,76,41.0,0.0,10.0,0.0,0.0,3.0,4,2,1,3,7,0,1,0,0,0,0,3,11,0,2014,3,23,72
3850,1963,Basic,Married,14918.0,0,1,2012-12-07,52,3.0,3.0,3.0,15.0,4.0,15.0,1,1,0,3,6,0,0,0,0,0,0,3,11,0,2012,12,7,63
6168,1963,Graduation,Divorced,45146.0,1,1,2013-07-15,28,33.0,0.0,5.0,0.0,0.0,15.0,2,1,1,2,4,0,0,0,0,0,0,3,11,0,2013,7,15,63
607,1955,2N Cycle,Divorced,41769.0,0,1,2013-02-13,31,302.0,29.0,131.0,32.0,0.0,27.0,6,8,1,7,8,0,0,0,0,0,0,3,11,0,2013,2,13,71
10469,1981,Graduation,Married,88325.0,0,0,2014-02-05,42,519.0,71.0,556.0,93.0,27.0,53.0,1,6,2,9,2,0,0,0,0,0,0,3,11,0,2014,2,5,45
6983,1950,Master,Divorced,38054.0,1,1,2014-05-01,24,23.0,2.0,17.0,2.0,1.0,0.0,2,2,0,3,7,0,0,0,0,0,0,3,11,0,2014,5,1,76
3661,1995,2N Cycle,Single,80617.0,0,0,2012-10-12,42,594.0,51.0,556.0,72.0,55.0,32.0,1,4,6,8,2,0,0,0,0,0,0,3,11,0,2012,10,12,31
9303,1976,Graduation,Married,5305.0,0,1,2013-07-30,12,12.0,4.0,7.0,1.0,3.0,5.0,0,1,0,0,13,0,0,0,0,0,0,3,11,0,2013,7,30,50
692,1954,Graduation,Married,36807.0,1,1,2012-12-20,88,4.0,2.0,5.0,0.0,0.0,5.0,1,1,0,2,6,0,0,0,0,0,0,3,11,0,2012,12,20,72
736,1983,Graduation,Married,28427.0,1,0,2013-03-21,67,18.0,3.0,19.0,3.0,3.0,6.0,2,2,0,3,8,0,0,0,0,0,0,3,11,0,2013,3,21,43
9589,1948,Phd,Widow,82032.0,0,0,2014-04-05,54,332.0,81.0,377.0,120.5,81.0,57.0,0,4,6,7,1,0,0,0,0,0,0,3,11,0,2014,4,5,78
4838,1978,Graduation,Married,22775.0,1,0,2013-06-19,40,5.0,1.0,8.0,0.0,0.0,1.0,1,1,0,2,8,0,0,0,0,0,0,3,11,0,2013,6,19,48
9246,1985,Master,Married,40101.0,1,0,2012-10-14,73,171.0,3.0,129.0,26.0,24.0,62.0,4,6,1,6,7,0,0,0,0,0,0,3,11,0,2012,10,14,41
6261,1979,Graduation,Married,58025.0,0,1,2013-11-26,81,270.0,31.0,88.0,11.0,48.0,22.0,3,3,2,10,4,0,0,0,0,0,0,3,11,0,2013,11,26,47
7366,1982,Master,Single,75777.0,0,0,2013-07-04,12,712.0,26.0,538.0,69.0,13.0,80.0,1,3,6,11,1,0,1,1,0,0,0,3,11,1,2013,7,4,44
10659,1979,2N Cycle,Married,7500.0,1,0,2013-05-07,7,2.0,8.0,11.0,3.0,8.0,21.0,4,3,2,2,7,0,0,0,0,0,0,3,11,0,2013,5,7,47
1448,1963,Master,Married,33562.0,1,2,2014-06-25,33,21.0,12.0,12.0,0.0,3.0,3.0,3,2,0,4,4,0,0,0,0,0,0,3,11,0,2014,6,25,63
4286,1970,Phd,Single,57642.0,0,1,2014-01-09,24,580.0,6.0,58.0,8.0,0.0,27.0,3,7,6,6,4,1,0,0,0,0,0,3,11,0,2014,1,9,56
4749,1968,Graduation,Married,58554.0,1,1,2012-09-26,55,368.0,24.0,68.0,38.0,0.0,88.0,6,8,2,6,7,0,0,0,0,0,0,3,11,0,2012,9,26,58
4478,1979,Graduation,Married,63777.0,1,1,2013-03-24,87,457.0,5.0,106.0,15.0,17.0,53.0,8,11,1,6,8,0,0,0,0,0,0,3,11,0,2013,3,24,47
4201,1962,Graduation,Single,57967.0,0,1,2013-03-03,39,229.0,7.0,137.0,4.0,0.0,91.0,5,4,2,8,5,0,0,0,0,0,0,3,11,0,2013,3,3,64
8720,1978,2N Cycle,Married,51381.5,0,0,2012-08-12,53,32.0,2.0,556.0,12.0,4.0,22.0,0,0,0,1,0,0,1,0,0,0,0,3,11,0,2012,8,12,48
10084,1972,Graduation,Married,24434.0,2,0,2014-05-18,9,3.0,2.0,8.0,20.0,0.0,17.0,2,2,1,2,7,0,0,0,0,0,0,3,11,0,2014,5,18,54
7004,1984,Graduation,Single,11012.0,1,0,2013-03-16,82,24.0,3.0,26.0,7.0,1.0,23.0,3,3,1,2,9,1,0,0,0,0,0,3,11,0,2013,3,16,42
9817,1970,Master,Single,44802.0,0,0,2012-08-21,71,853.0,10.0,143.0,13.0,10.0,20.0,2,9,4,12,8,0,0,0,0,0,0,3,11,0,2012,8,21,56
8080,1986,Graduation,Single,26816.0,0,0,2012-08-17,50,5.0,1.0,6.0,3.0,4.0,3.0,1,0,0,3,4,0,0,0,0,0,0,3,11,0,2012,8,17,40
9432,1977,Graduation,Married,117418.0,1,0,2013-06-02,23,9.0,14.0,18.0,8.0,1.0,12.0,4,3,1,3,6,0,0,0,0,0,0,3,11,0,2013,6,2,49
8372,1974,Graduation,Married,34421.0,1,0,2013-07-01,81,3.0,3.0,7.0,6.0,2.0,9.0,1,1,0,2,7,0,0,0,0,0,0,3,11,0,2013,7,1,52
10870,1967,Graduation,Married,61223.0,0,1,2013-06-13,46,709.0,43.0,182.0,42.0,81.0,126.5,2,9,3,4,5,0,0,0,0,0,0,3,11,0,2013,6,13,59
4001,1946,Phd,Married,64014.0,2,1,2014-06-10,56,406.0,0.0,30.0,0.0,0.0,8.0,7,8,2,5,7,0,0,0,1,0,0,3,11,0,2014,6,10,80
7270,1981,Graduation,Divorced,56981.0,0,0,2014-01-25,91,908.0,48.0,217.0,32.0,12.0,24.0,1,2,3,13,6,0,1,0,0,0,0,3,11,0,2014,1,25,45
8235,1956,Master,Married,69245.0,0,1,2014-01-24,8,428.0,30.0,214.0,80.0,30.0,61.0,2,6,5,10,3,0,0,0,0,0,0,3,11,0,2014,1,24,70
9405,1954,Phd,Married,52869.0,1,1,2012-10-15,40,84.0,3.0,61.0,2.0,1.0,21.0,3,3,1,4,7,0,0,0,0,0,0,3,11,1,2012,10,15,72
